TSV:	2187750364	2026-01-11	bundesliga	Borussia Mönchengladbach	FC Augsburg	HT05	HT+0.5	8.0	MEGA EXPLOSION	1	odd=1.3 fixture=1388445	15:30
TSV:	2187750364	2026-01-11	bundesliga	Borussia Mönchengladbach	FC Augsburg	HT1X_HOME	HT 1X Home	4.0	FORT	0	odd=1.22 fixture=1388445	15:30
TSV:	2187750364	2026-01-11	bundesliga	Borussia Mönchengladbach	FC Augsburg	TEAM1_SCORE_FT	Team1 scores (FT)	2.0	MOYEN	0	odd=1.17 fixture=1388445	15:30
TSV:	2187750364	2026-01-11	bundesliga	Borussia Mönchengladbach	FC Augsburg	TEAM2_SCORE_FT	Team2 scores (FT)	0.0	KO	0	odd=1.4 fixture=1388445	15:30
TSV:	2187750364	2026-01-11	bundesliga	Borussia Mönchengladbach	FC Augsburg	O25_FT	Over 2.5 (FT)	0.0	KO	0	odd=1.83 fixture=1388445	15:30
TSV:	2187750364	2026-01-11	bundesliga	Borussia Mönchengladbach	FC Augsburg	TEAM1_WIN_FT	Team1 wins (FT)	0.0	KO	0	odd=1.85 fixture=1388445	15:30
TSV:	2187750364	2026-01-11	bundesliga	Borussia Mönchengladbach	FC Augsburg	TEAM2_WIN_FT	Team2 wins (FT)	0.0	KO	0	odd=3.8 fixture=1388445	15:30
TSV:	106610677	2026-01-11	bundesliga	Bayern München	VfL Wolfsburg	HT05	HT+0.5	8.0	MEGA EXPLOSION	1	odd=1.12 fixture=1388444	17:30
TSV:	106610677	2026-01-11	bundesliga	Bayern München	VfL Wolfsburg	HT1X_HOME	HT 1X Home	4.0	FORT	0	odd=1.05 fixture=1388444	17:30
TSV:	106610677	2026-01-11	bundesliga	Bayern München	VfL Wolfsburg	TEAM1_SCORE_FT	Team1 scores (FT)	6.0	TRÈS FORT	1	odd=1.02 fixture=1388444	17:30
TSV:	106610677	2026-01-11	bundesliga	Bayern München	VfL Wolfsburg	TEAM2_SCORE_FT	Team2 scores (FT)	3.0	MOYEN PLUS	0	odd=1.65 fixture=1388444	17:30
TSV:	106610677	2026-01-11	bundesliga	Bayern München	VfL Wolfsburg	O25_FT	Over 2.5 (FT)	8.0	MEGA EXPLOSION	1	odd=1.22 fixture=1388444	17:30
TSV:	106610677	2026-01-11	bundesliga	Bayern München	VfL Wolfsburg	TEAM1_WIN_FT	Team1 wins (FT)	1.0	FAIBLE	0	odd=1.12 fixture=1388444	17:30
TSV:	106610677	2026-01-11	bundesliga	Bayern München	VfL Wolfsburg	TEAM2_WIN_FT	Team2 wins (FT)	0.0	KO	0	odd=15 fixture=1388444	17:30
TSV:	3956105494	2026-01-11	coupe de france	Sochaux	Lens	HT05	HT+0.5	7.0	EXPLOSION	1	odd=1.3 fixture=1495632	14:00
TSV:	3956105494	2026-01-11	coupe de france	Sochaux	Lens	HT1X_HOME	HT 1X Home	0.0	KO	0	odd=1.8 fixture=1495632	14:00
TSV:	3956105494	2026-01-11	coupe de france	Sochaux	Lens	TEAM1_SCORE_FT	Team1 scores (FT)	1.0	FAIBLE	0	odd=1.62 fixture=1495632	14:00
TSV:	3956105494	2026-01-11	coupe de france	Sochaux	Lens	TEAM2_SCORE_FT	Team2 scores (FT)	4.0	FORT	0	odd=1.1 fixture=1495632	14:00
TSV:	3956105494	2026-01-11	coupe de france	Sochaux	Lens	O25_FT	Over 2.5 (FT)	5.0	FORT PLUS	1	odd=1.67 fixture=1495632	14:00
TSV:	3956105494	2026-01-11	coupe de france	Sochaux	Lens	TEAM1_WIN_FT	Team1 wins (FT)	0.0	KO	0	odd=5.5 fixture=1495632	14:00
TSV:	3956105494	2026-01-11	coupe de france	Sochaux	Lens	TEAM2_WIN_FT	Team2 wins (FT)	1.0	FAIBLE	0	odd=1.44 fixture=1495632	14:00
TSV:	831887810	2026-01-11	coupe de france	Chantilly	Rennes	HT05	HT+0.5	4.0	FORT	0	odd=1.22 fixture=1495621	18:00
TSV:	831887810	2026-01-11	coupe de france	Chantilly	Rennes	HT1X_HOME	HT 1X Home	2.0	MOYEN	0	odd=2.38 fixture=1495621	18:00
TSV:	831887810	2026-01-11	coupe de france	Chantilly	Rennes	TEAM1_SCORE_FT	Team1 scores (FT)	2.0	MOYEN	0	odd=1.85 fixture=1495621	18:00
TSV:	831887810	2026-01-11	coupe de france	Chantilly	Rennes	TEAM2_SCORE_FT	Team2 scores (FT)	3.0	MOYEN PLUS	0	odd=1.04 fixture=1495621	18:00
TSV:	831887810	2026-01-11	coupe de france	Chantilly	Rennes	TEAM1_WIN_FT	Team1 wins (FT)	0.0	KO	0	odd=12 fixture=1495621	18:00
TSV:	831887810	2026-01-11	coupe de france	Chantilly	Rennes	TEAM2_WIN_FT	Team2 wins (FT)	1.0	FAIBLE	0	odd=1.2 fixture=1495621	18:00
TSV:	214752560	2026-01-11	coupe de france	Le Mans	Nancy	HT05	HT+0.5	5.0	FORT PLUS	1	odd=1.44 fixture=1495624	18:00
TSV:	214752560	2026-01-11	coupe de france	Le Mans	Nancy	HT1X_HOME	HT 1X Home	2.0	MOYEN	0	odd=1.17 fixture=1495624	18:00
TSV:	214752560	2026-01-11	coupe de france	Le Mans	Nancy	TEAM1_SCORE_FT	Team1 scores (FT)	2.0	MOYEN	0	odd=1.25 fixture=1495624	18:00
TSV:	214752560	2026-01-11	coupe de france	Le Mans	Nancy	TEAM2_SCORE_FT	Team2 scores (FT)	2.0	MOYEN	0	odd=1.5 fixture=1495624	18:00
TSV:	214752560	2026-01-11	coupe de france	Le Mans	Nancy	O25_FT	Over 2.5 (FT)	0.0	KO	0	odd=2.1 fixture=1495624	18:00
TSV:	214752560	2026-01-11	coupe de france	Le Mans	Nancy	TEAM1_WIN_FT	Team1 wins (FT)	0.0	KO	0	odd=1.91 fixture=1495624	18:00
TSV:	214752560	2026-01-11	coupe de france	Le Mans	Nancy	TEAM2_WIN_FT	Team2 wins (FT)	0.0	KO	0	odd=3.6 fixture=1495624	18:00
TSV:	515202655	2026-01-11	coupe de france	Metz	Montpellier	HT05	HT+0.5	5.0	FORT PLUS	1	odd=1.33 fixture=1495627	18:00
TSV:	515202655	2026-01-11	coupe de france	Metz	Montpellier	HT1X_HOME	HT 1X Home	2.0	MOYEN	0	odd=1.28 fixture=1495627	18:00
TSV:	515202655	2026-01-11	coupe de france	Metz	Montpellier	TEAM1_SCORE_FT	Team1 scores (FT)	1.0	FAIBLE	0	odd=1.2 fixture=1495627	18:00
TSV:	515202655	2026-01-11	coupe de france	Metz	Montpellier	TEAM2_SCORE_FT	Team2 scores (FT)	4.0	FORT	0	odd=1.3 fixture=1495627	18:00
TSV:	515202655	2026-01-11	coupe de france	Metz	Montpellier	O25_FT	Over 2.5 (FT)	3.0	MOYEN PLUS	0	odd=1.8 fixture=1495627	18:00
TSV:	515202655	2026-01-11	coupe de france	Metz	Montpellier	TEAM1_WIN_FT	Team1 wins (FT)	0.0	KO	0	odd=2.2 fixture=1495627	18:00
TSV:	515202655	2026-01-11	coupe de france	Metz	Montpellier	TEAM2_WIN_FT	Team2 wins (FT)	0.0	KO	0	odd=3.1 fixture=1495627	18:00
TSV:	527927357	2026-01-11	coupe de france	Nantes	Nice	HT05	HT+0.5	8.0	MEGA EXPLOSION	1	odd=1.36 fixture=1495629	18:00
TSV:	527927357	2026-01-11	coupe de france	Nantes	Nice	HT1X_HOME	HT 1X Home	5.0	FORT PLUS	1	odd=1.4 fixture=1495629	18:00
TSV:	527927357	2026-01-11	coupe de france	Nantes	Nice	TEAM1_SCORE_FT	Team1 scores (FT)	4.0	FORT	0	odd=1.3 fixture=1495629	18:00
TSV:	527927357	2026-01-11	coupe de france	Nantes	Nice	TEAM2_SCORE_FT	Team2 scores (FT)	2.0	MOYEN	0	odd=1.22 fixture=1495629	18:00
TSV:	527927357	2026-01-11	coupe de france	Nantes	Nice	O25_FT	Over 2.5 (FT)	2.0	MOYEN	0	odd=1.85 fixture=1495629	18:00
TSV:	527927357	2026-01-11	coupe de france	Nantes	Nice	TEAM1_WIN_FT	Team1 wins (FT)	1.0	FAIBLE	0	odd=3.1 fixture=1495629	18:00
TSV:	527927357	2026-01-11	coupe de france	Nantes	Nice	TEAM2_WIN_FT	Team2 wins (FT)	0.0	KO	0	odd=2.25 fixture=1495629	18:00
TSV:	1894564671	2026-01-11	coupe de france	Lille	Lyon	HT05	HT+0.5	2.0	MOYEN	0	odd=1.36 fixture=1495626	21:00
TSV:	1894564671	2026-01-11	coupe de france	Lille	Lyon	HT1X_HOME	HT 1X Home	6.0	TRÈS FORT	1	odd=1.28 fixture=1495626	21:00
TSV:	1894564671	2026-01-11	coupe de france	Lille	Lyon	TEAM1_SCORE_FT	Team1 scores (FT)	1.0	FAIBLE	0	odd=1.22 fixture=1495626	21:00
TSV:	1894564671	2026-01-11	coupe de france	Lille	Lyon	TEAM2_SCORE_FT	Team2 scores (FT)	2.0	MOYEN	0	odd=1.3 fixture=1495626	21:00
TSV:	1894564671	2026-01-11	coupe de france	Lille	Lyon	TEAM1_WIN_FT	Team1 wins (FT)	0.0	KO	0	odd=2.25 fixture=1495626	21:00
TSV:	1894564671	2026-01-11	coupe de france	Lille	Lyon	TEAM2_WIN_FT	Team2 wins (FT)	1.0	FAIBLE	0	odd=2.8 fixture=1495626	21:00
TSV:	4018758608	2026-01-11	eredivisie	Heerenveen	Feyenoord	HT05	HT+0.5	8.0	MEGA EXPLOSION	1	odd=1.25 fixture=1381023	12:15
TSV:	4018758608	2026-01-11	eredivisie	Heerenveen	Feyenoord	HT1X_HOME	HT 1X Home	2.0	MOYEN	0	odd=1.36 fixture=1381023	12:15
TSV:	4018758608	2026-01-11	eredivisie	Heerenveen	Feyenoord	TEAM1_SCORE_FT	Team1 scores (FT)	3.0	MOYEN PLUS	0	odd=1.22 fixture=1381023	12:15
TSV:	4018758608	2026-01-11	eredivisie	Heerenveen	Feyenoord	TEAM2_SCORE_FT	Team2 scores (FT)	3.0	MOYEN PLUS	0	odd=1.18 fixture=1381023	12:15
TSV:	4018758608	2026-01-11	eredivisie	Heerenveen	Feyenoord	O25_FT	Over 2.5 (FT)	3.0	MOYEN PLUS	0	odd=1.57 fixture=1381023	12:15
TSV:	4018758608	2026-01-11	eredivisie	Heerenveen	Feyenoord	TEAM1_WIN_FT	Team1 wins (FT)	0.0	KO	0	odd=2.62 fixture=1381023	12:15
TSV:	4018758608	2026-01-11	eredivisie	Heerenveen	Feyenoord	TEAM2_WIN_FT	Team2 wins (FT)	0.0	KO	0	odd=2.3 fixture=1381023	12:15
TSV:	3705157848	2026-01-11	eredivisie	GO Ahead Eagles	Fortuna Sittard	HT05	HT+0.5	8.0	MEGA EXPLOSION	1	odd=1.3 fixture=1381021	14:30
TSV:	3705157848	2026-01-11	eredivisie	GO Ahead Eagles	Fortuna Sittard	HT1X_HOME	HT 1X Home	3.0	MOYEN PLUS	0	odd=1.25 fixture=1381021	14:30
TSV:	3705157848	2026-01-11	eredivisie	GO Ahead Eagles	Fortuna Sittard	TEAM1_SCORE_FT	Team1 scores (FT)	3.0	MOYEN PLUS	0	odd=1.2 fixture=1381021	14:30
TSV:	3705157848	2026-01-11	eredivisie	GO Ahead Eagles	Fortuna Sittard	TEAM2_SCORE_FT	Team2 scores (FT)	4.0	FORT	0	odd=1.33 fixture=1381021	14:30
TSV:	3705157848	2026-01-11	eredivisie	GO Ahead Eagles	Fortuna Sittard	O25_FT	Over 2.5 (FT)	3.0	MOYEN PLUS	0	odd=1.75 fixture=1381021	14:30
TSV:	3705157848	2026-01-11	eredivisie	GO Ahead Eagles	Fortuna Sittard	TEAM1_WIN_FT	Team1 wins (FT)	0.0	KO	0	odd=2.05 fixture=1381021	14:30
TSV:	3705157848	2026-01-11	eredivisie	GO Ahead Eagles	Fortuna Sittard	TEAM2_WIN_FT	Team2 wins (FT)	0.0	KO	0	odd=3.3 fixture=1381021	14:30
TSV:	4141666057	2026-01-11	eredivisie	Telstar	Ajax	HT05	HT+0.5	4.0	FORT	0	odd=1.25 fixture=1381027	14:30
TSV:	4141666057	2026-01-11	eredivisie	Telstar	Ajax	HT1X_HOME	HT 1X Home	0.0	KO	0	odd=1.57 fixture=1381027	14:30
TSV:	4141666057	2026-01-11	eredivisie	Telstar	Ajax	TEAM1_SCORE_FT	Team1 scores (FT)	3.0	MOYEN PLUS	0	odd=1.36 fixture=1381027	14:30
TSV:	4141666057	2026-01-11	eredivisie	Telstar	Ajax	TEAM2_SCORE_FT	Team2 scores (FT)	3.0	MOYEN PLUS	0	odd=1.12 fixture=1381027	14:30
TSV:	4141666057	2026-01-11	eredivisie	Telstar	Ajax	TEAM1_WIN_FT	Team1 wins (FT)	0.0	KO	0	odd=3.8 fixture=1381027	14:30
TSV:	4141666057	2026-01-11	eredivisie	Telstar	Ajax	TEAM2_WIN_FT	Team2 wins (FT)	0.0	KO	0	odd=1.8 fixture=1381027	14:30
TSV:	751073412	2026-01-11	eredivisie	Sparta Rotterdam	Heracles	HT05	HT+0.5	3.0	MOYEN PLUS	0	odd=1.29 fixture=1381026	16:45
TSV:	751073412	2026-01-11	eredivisie	Sparta Rotterdam	Heracles	HT1X_HOME	HT 1X Home	5.0	FORT PLUS	1	odd=1.2 fixture=1381026	16:45
TSV:	751073412	2026-01-11	eredivisie	Sparta Rotterdam	Heracles	TEAM1_SCORE_FT	Team1 scores (FT)	2.0	MOYEN	0	odd=1.12 fixture=1381026	16:45
TSV:	751073412	2026-01-11	eredivisie	Sparta Rotterdam	Heracles	TEAM2_SCORE_FT	Team2 scores (FT)	3.0	MOYEN PLUS	0	odd=1.4 fixture=1381026	16:45
TSV:	751073412	2026-01-11	eredivisie	Sparta Rotterdam	Heracles	TEAM1_WIN_FT	Team1 wins (FT)	0.0	KO	0	odd=1.75 fixture=1381026	16:45
TSV:	751073412	2026-01-11	eredivisie	Sparta Rotterdam	Heracles	TEAM2_WIN_FT	Team2 wins (FT)	0.0	KO	0	odd=4 fixture=1381026	16:45
TSV:	3550633123	2026-01-11	fa cup	Derby	Leeds	HT05	HT+0.5	3.0	MOYEN PLUS	0	odd=1.36 fixture=1490796	13:00
TSV:	3550633123	2026-01-11	fa cup	Derby	Leeds	HT1X_HOME	HT 1X Home	3.0	MOYEN PLUS	0	odd=1.62 fixture=1490796	13:00
TSV:	3550633123	2026-01-11	fa cup	Derby	Leeds	TEAM1_SCORE_FT	Team1 scores (FT)	3.0	MOYEN PLUS	0	odd=1.57 fixture=1490796	13:00
TSV:	3550633123	2026-01-11	fa cup	Derby	Leeds	TEAM2_SCORE_FT	Team2 scores (FT)	4.0	FORT	0	odd=1.17 fixture=1490796	13:00
TSV:	3550633123	2026-01-11	fa cup	Derby	Leeds	TEAM1_WIN_FT	Team1 wins (FT)	0.0	KO	0	odd=4.5 fixture=1490796	13:00
TSV:	3550633123	2026-01-11	fa cup	Derby	Leeds	TEAM2_WIN_FT	Team2 wins (FT)	0.0	KO	0	odd=1.7 fixture=1490796	13:00
TSV:	1055565445	2026-01-11	fa cup	Portsmouth	Arsenal	HT05	HT+0.5	3.0	MOYEN PLUS	0	odd=1.22 fixture=1490810	15:00
TSV:	1055565445	2026-01-11	fa cup	Portsmouth	Arsenal	HT1X_HOME	HT 1X Home	2.0	MOYEN	0	odd=2.4 fixture=1490810	15:00
TSV:	1055565445	2026-01-11	fa cup	Portsmouth	Arsenal	TEAM1_SCORE_FT	Team1 scores (FT)	1.0	FAIBLE	0	odd=1.95 fixture=1490810	15:00
TSV:	1055565445	2026-01-11	fa cup	Portsmouth	Arsenal	TEAM2_SCORE_FT	Team2 scores (FT)	4.0	FORT	0	odd=1.03 fixture=1490810	15:00
TSV:	1055565445	2026-01-11	fa cup	Portsmouth	Arsenal	TEAM1_WIN_FT	Team1 wins (FT)	0.0	KO	0	odd=15 fixture=1490810	15:00
TSV:	1055565445	2026-01-11	fa cup	Portsmouth	Arsenal	TEAM2_WIN_FT	Team2 wins (FT)	0.0	KO	0	odd=1.15 fixture=1490810	15:00
TSV:	2885861480	2026-01-11	fa cup	Hull City	Blackburn	HT05	HT+0.5	6.0	TRÈS FORT	1	odd=1.33 fixture=1490801	15:30
TSV:	2885861480	2026-01-11	fa cup	Hull City	Blackburn	HT1X_HOME	HT 1X Home	4.0	FORT	0	odd=1.25 fixture=1490801	15:30
TSV:	2885861480	2026-01-11	fa cup	Hull City	Blackburn	TEAM1_SCORE_FT	Team1 scores (FT)	3.0	MOYEN PLUS	0	odd=1.22 fixture=1490801	15:30
TSV:	2885861480	2026-01-11	fa cup	Hull City	Blackburn	TEAM2_SCORE_FT	Team2 scores (FT)	1.0	FAIBLE	0	odd=1.36 fixture=1490801	15:30
TSV:	2885861480	2026-01-11	fa cup	Hull City	Blackburn	O25_FT	Over 2.5 (FT)	0.0	KO	0	odd=1.93 fixture=1490801	15:30
TSV:	2885861480	2026-01-11	fa cup	Hull City	Blackburn	TEAM1_WIN_FT	Team1 wins (FT)	0.0	KO	0	odd=2.1 fixture=1490801	15:30
TSV:	2885861480	2026-01-11	fa cup	Hull City	Blackburn	TEAM2_WIN_FT	Team2 wins (FT)	0.0	KO	0	odd=3.1 fixture=1490801	15:30
TSV:	1304214368	2026-01-11	fa cup	Norwich	Walsall	HT05	HT+0.5	2.0	MOYEN	0	odd=1.3 fixture=1490809	15:30
TSV:	1304214368	2026-01-11	fa cup	Norwich	Walsall	HT1X_HOME	HT 1X Home	2.0	MOYEN	0	odd=1.15 fixture=1490809	15:30
TSV:	1304214368	2026-01-11	fa cup	Norwich	Walsall	TEAM1_SCORE_FT	Team1 scores (FT)	2.0	MOYEN	0	odd=1.12 fixture=1490809	15:30
TSV:	1304214368	2026-01-11	fa cup	Norwich	Walsall	TEAM2_SCORE_FT	Team2 scores (FT)	3.0	MOYEN PLUS	0	odd=1.55 fixture=1490809	15:30
TSV:	1304214368	2026-01-11	fa cup	Norwich	Walsall	TEAM1_WIN_FT	Team1 wins (FT)	0.0	KO	0	odd=1.57 fixture=1490809	15:30
TSV:	1304214368	2026-01-11	fa cup	Norwich	Walsall	TEAM2_WIN_FT	Team2 wins (FT)	0.0	KO	0	odd=5 fixture=1490809	15:30
TSV:	3657150267	2026-01-11	fa cup	Sheffield Utd	Mansfield Town	HT05	HT+0.5	6.0	TRÈS FORT	1	odd=1.25 fixture=1490814	15:30
TSV:	3657150267	2026-01-11	fa cup	Sheffield Utd	Mansfield Town	HT1X_HOME	HT 1X Home	6.0	TRÈS FORT	1	odd=1.1 fixture=1490814	15:30
TSV:	3657150267	2026-01-11	fa cup	Sheffield Utd	Mansfield Town	TEAM1_SCORE_FT	Team1 scores (FT)	3.0	MOYEN PLUS	0	odd=1.08 fixture=1490814	15:30
TSV:	3657150267	2026-01-11	fa cup	Sheffield Utd	Mansfield Town	TEAM2_SCORE_FT	Team2 scores (FT)	2.0	MOYEN	0	odd=1.65 fixture=1490814	15:30
TSV:	3657150267	2026-01-11	fa cup	Sheffield Utd	Mansfield Town	O25_FT	Over 2.5 (FT)	6.0	TRÈS FORT	1	odd=1.62 fixture=1490814	15:30
TSV:	3657150267	2026-01-11	fa cup	Sheffield Utd	Mansfield Town	TEAM1_WIN_FT	Team1 wins (FT)	0.0	KO	0	odd=1.36 fixture=1490814	15:30
TSV:	3657150267	2026-01-11	fa cup	Sheffield Utd	Mansfield Town	TEAM2_WIN_FT	Team2 wins (FT)	0.0	KO	0	odd=7 fixture=1490814	15:30
TSV:	2246457275	2026-01-11	fa cup	Swansea	West Brom	HT05	HT+0.5	3.0	MOYEN PLUS	0	odd=1.4 fixture=1490817	15:30
TSV:	2246457275	2026-01-11	fa cup	Swansea	West Brom	HT1X_HOME	HT 1X Home	6.0	TRÈS FORT	1	odd=1.35 fixture=1490817	15:30
TSV:	2246457275	2026-01-11	fa cup	Swansea	West Brom	TEAM1_SCORE_FT	Team1 scores (FT)	5.0	FORT PLUS	1	odd=1.35 fixture=1490817	15:30
TSV:	2246457275	2026-01-11	fa cup	Swansea	West Brom	TEAM2_SCORE_FT	Team2 scores (FT)	2.0	MOYEN	0	odd=1.3 fixture=1490817	15:30
TSV:	2246457275	2026-01-11	fa cup	Swansea	West Brom	TEAM1_WIN_FT	Team1 wins (FT)	1.0	FAIBLE	0	odd=2.8 fixture=1490817	15:30
TSV:	2246457275	2026-01-11	fa cup	Swansea	West Brom	TEAM2_WIN_FT	Team2 wins (FT)	0.0	KO	0	odd=2.4 fixture=1490817	15:30
TSV:	2146081816	2026-01-11	fa cup	West Ham	QPR	HT05	HT+0.5	5.0	FORT PLUS	1	odd=1.33 fixture=1490819	15:30
TSV:	2146081816	2026-01-11	fa cup	West Ham	QPR	HT1X_HOME	HT 1X Home	3.0	MOYEN PLUS	0	odd=1.15 fixture=1490819	15:30
TSV:	2146081816	2026-01-11	fa cup	West Ham	QPR	TEAM1_SCORE_FT	Team1 scores (FT)	3.0	MOYEN PLUS	0	odd=1.15 fixture=1490819	15:30
TSV:	2146081816	2026-01-11	fa cup	West Ham	QPR	TEAM2_SCORE_FT	Team2 scores (FT)	3.0	MOYEN PLUS	0	odd=1.55 fixture=1490819	15:30
TSV:	2146081816	2026-01-11	fa cup	West Ham	QPR	O25_FT	Over 2.5 (FT)	3.0	MOYEN PLUS	0	odd=1.83 fixture=1490819	15:30
TSV:	2146081816	2026-01-11	fa cup	West Ham	QPR	TEAM1_WIN_FT	Team1 wins (FT)	0.0	KO	0	odd=1.62 fixture=1490819	15:30
TSV:	2146081816	2026-01-11	fa cup	West Ham	QPR	TEAM2_WIN_FT	Team2 wins (FT)	0.0	KO	0	odd=4.75 fixture=1490819	15:30
TSV:	1439265483	2026-01-11	fa cup	Manchester United	Brighton	HT05	HT+0.5	7.0	EXPLOSION	1	odd=1.2 fixture=1490806	17:30
TSV:	1439265483	2026-01-11	fa cup	Manchester United	Brighton	HT1X_HOME	HT 1X Home	6.0	TRÈS FORT	1	odd=1.22 fixture=1490806	17:30
TSV:	1439265483	2026-01-11	fa cup	Manchester United	Brighton	TEAM1_SCORE_FT	Team1 scores (FT)	4.0	FORT	0	odd=1.08 fixture=1490806	17:30
TSV:	1439265483	2026-01-11	fa cup	Manchester United	Brighton	TEAM2_SCORE_FT	Team2 scores (FT)	3.0	MOYEN PLUS	0	odd=1.25 fixture=1490806	17:30
TSV:	1439265483	2026-01-11	fa cup	Manchester United	Brighton	O25_FT	Over 2.5 (FT)	0.0	KO	0	odd=1.42 fixture=1490806	17:30
TSV:	1439265483	2026-01-11	fa cup	Manchester United	Brighton	TEAM1_WIN_FT	Team1 wins (FT)	0.0	KO	0	odd=1.73 fixture=1490806	17:30
TSV:	1439265483	2026-01-11	fa cup	Manchester United	Brighton	TEAM2_WIN_FT	Team2 wins (FT)	0.0	KO	0	odd=3.8 fixture=1490806	17:30
TSV:	2939460569	2026-01-11	laliga	Rayo Vallecano	Mallorca	HT05	HT+0.5	3.0	MOYEN PLUS	0	odd=1.5 fixture=1391004	14:00
TSV:	2939460569	2026-01-11	laliga	Rayo Vallecano	Mallorca	HT1X_HOME	HT 1X Home	6.0	TRÈS FORT	1	odd=1.17 fixture=1391004	14:00
TSV:	2939460569	2026-01-11	laliga	Rayo Vallecano	Mallorca	TEAM1_SCORE_FT	Team1 scores (FT)	2.0	MOYEN	0	odd=1.25 fixture=1391004	14:00
TSV:	2939460569	2026-01-11	laliga	Rayo Vallecano	Mallorca	TEAM2_SCORE_FT	Team2 scores (FT)	3.0	MOYEN PLUS	0	odd=1.7 fixture=1391004	14:00
TSV:	2939460569	2026-01-11	laliga	Rayo Vallecano	Mallorca	TEAM1_WIN_FT	Team1 wins (FT)	0.0	KO	0	odd=1.85 fixture=1391004	14:00
TSV:	2939460569	2026-01-11	laliga	Rayo Vallecano	Mallorca	TEAM2_WIN_FT	Team2 wins (FT)	0.0	KO	0	odd=4.4 fixture=1391004	14:00
TSV:	640432753	2026-01-11	laliga	Levante	Espanyol	HT05	HT+0.5	4.0	FORT	0	odd=1.36 fixture=1391003	16:15
TSV:	640432753	2026-01-11	laliga	Levante	Espanyol	HT1X_HOME	HT 1X Home	3.0	MOYEN PLUS	0	odd=1.36 fixture=1391003	16:15
TSV:	640432753	2026-01-11	laliga	Levante	Espanyol	TEAM1_SCORE_FT	Team1 scores (FT)	2.0	MOYEN	0	odd=1.36 fixture=1391003	16:15
TSV:	640432753	2026-01-11	laliga	Levante	Espanyol	TEAM2_SCORE_FT	Team2 scores (FT)	3.0	MOYEN PLUS	0	odd=1.25 fixture=1391003	16:15
TSV:	640432753	2026-01-11	laliga	Levante	Espanyol	TEAM1_WIN_FT	Team1 wins (FT)	0.0	KO	0	odd=3 fixture=1391003	16:15
TSV:	640432753	2026-01-11	laliga	Levante	Espanyol	TEAM2_WIN_FT	Team2 wins (FT)	1.0	FAIBLE	0	odd=2.3 fixture=1391003	16:15
TSV:	4244424792	2026-01-11	laliga2	Leganes	Valladolid	HT05	HT+0.5	1.0	FAIBLE	0	odd=1.44 fixture=1391986	14:00
TSV:	4244424792	2026-01-11	laliga2	Leganes	Valladolid	HT1X_HOME	HT 1X Home	3.0	MOYEN PLUS	0	odd=1.22 fixture=1391986	14:00
TSV:	4244424792	2026-01-11	laliga2	Leganes	Valladolid	TEAM1_SCORE_FT	Team1 scores (FT)	2.0	MOYEN	0	odd=1.3 fixture=1391986	14:00
TSV:	4244424792	2026-01-11	laliga2	Leganes	Valladolid	TEAM2_SCORE_FT	Team2 scores (FT)	2.0	MOYEN	0	odd=1.5 fixture=1391986	14:00
TSV:	4244424792	2026-01-11	laliga2	Leganes	Valladolid	TEAM1_WIN_FT	Team1 wins (FT)	0.0	KO	0	odd=2.3 fixture=1391986	14:00
TSV:	4244424792	2026-01-11	laliga2	Leganes	Valladolid	TEAM2_WIN_FT	Team2 wins (FT)	0.0	KO	0	odd=3.3 fixture=1391986	14:00
TSV:	2368577185	2026-01-11	laliga2	Granada CF	Castellón	HT05	HT+0.5	5.0	FORT PLUS	1	odd=1.3 fixture=1391993	16:15
TSV:	2368577185	2026-01-11	laliga2	Granada CF	Castellón	HT1X_HOME	HT 1X Home	6.0	TRÈS FORT	1	odd=1.4 fixture=1391993	16:15
TSV:	2368577185	2026-01-11	laliga2	Granada CF	Castellón	TEAM1_SCORE_FT	Team1 scores (FT)	3.0	MOYEN PLUS	0	odd=1.3 fixture=1391993	16:15
TSV:	2368577185	2026-01-11	laliga2	Granada CF	Castellón	TEAM2_SCORE_FT	Team2 scores (FT)	3.0	MOYEN PLUS	0	odd=1.22 fixture=1391993	16:15
TSV:	2368577185	2026-01-11	laliga2	Granada CF	Castellón	O25_FT	Over 2.5 (FT)	6.0	TRÈS FORT	1	odd=1.83 fixture=1391993	16:15
TSV:	2368577185	2026-01-11	laliga2	Granada CF	Castellón	TEAM1_WIN_FT	Team1 wins (FT)	0.0	KO	0	odd=2.9 fixture=1391993	16:15
TSV:	2368577185	2026-01-11	laliga2	Granada CF	Castellón	TEAM2_WIN_FT	Team2 wins (FT)	1.0	FAIBLE	0	odd=2.3 fixture=1391993	16:15
TSV:	1282036817	2026-01-11	laliga2	Malaga	AD Ceuta FC	HT05	HT+0.5	8.0	MEGA EXPLOSION	1	odd=1.4 fixture=1391992	16:15
TSV:	1282036817	2026-01-11	laliga2	Malaga	AD Ceuta FC	HT1X_HOME	HT 1X Home	6.0	TRÈS FORT	1	odd=1.25 fixture=1391992	16:15
TSV:	1282036817	2026-01-11	laliga2	Malaga	AD Ceuta FC	TEAM1_SCORE_FT	Team1 scores (FT)	4.0	FORT	0	odd=1.25 fixture=1391992	16:15
TSV:	1282036817	2026-01-11	laliga2	Malaga	AD Ceuta FC	TEAM2_SCORE_FT	Team2 scores (FT)	4.0	FORT	0	odd=1.44 fixture=1391992	16:15
TSV:	1282036817	2026-01-11	laliga2	Malaga	AD Ceuta FC	O25_FT	Over 2.5 (FT)	3.0	MOYEN PLUS	0	odd=2.1 fixture=1391992	16:15
TSV:	1282036817	2026-01-11	laliga2	Malaga	AD Ceuta FC	TEAM1_WIN_FT	Team1 wins (FT)	0.0	KO	0	odd=2.1 fixture=1391992	16:15
TSV:	1282036817	2026-01-11	laliga2	Malaga	AD Ceuta FC	TEAM2_WIN_FT	Team2 wins (FT)	0.0	KO	0	odd=3.6 fixture=1391992	16:15
TSV:	2143972346	2026-01-11	liga mx	Leon	Cruz Azul	HT05	HT+0.5	6.0	TRÈS FORT	1	odd=1.33 fixture=1491795	02:00
TSV:	2143972346	2026-01-11	liga mx	Leon	Cruz Azul	HT1X_HOME	HT 1X Home	3.0	MOYEN PLUS	0	odd=1.53 fixture=1491795	02:00
TSV:	2143972346	2026-01-11	liga mx	Leon	Cruz Azul	TEAM1_SCORE_FT	Team1 scores (FT)	3.0	MOYEN PLUS	0	odd=1.4 fixture=1491795	02:00
TSV:	2143972346	2026-01-11	liga mx	Leon	Cruz Azul	TEAM2_SCORE_FT	Team2 scores (FT)	5.0	FORT PLUS	1	odd=1.15 fixture=1491795	02:00
TSV:	2143972346	2026-01-11	liga mx	Leon	Cruz Azul	O25_FT	Over 2.5 (FT)	5.0	FORT PLUS	1	odd=1.8 fixture=1491795	02:00
TSV:	2143972346	2026-01-11	liga mx	Leon	Cruz Azul	TEAM1_WIN_FT	Team1 wins (FT)	0.0	KO	0	odd=4.33 fixture=1491795	02:00
TSV:	2143972346	2026-01-11	liga mx	Leon	Cruz Azul	TEAM2_WIN_FT	Team2 wins (FT)	1.0	FAIBLE	0	odd=1.83 fixture=1491795	02:00
TSV:	52168371	2026-01-11	liga mx	Santos Laguna	Necaxa	HT05	HT+0.5	5.0	FORT PLUS	1	odd=1.3 fixture=1491796	02:00
TSV:	52168371	2026-01-11	liga mx	Santos Laguna	Necaxa	HT1X_HOME	HT 1X Home	3.0	MOYEN PLUS	0	odd=1.53 fixture=1491796	02:00
TSV:	52168371	2026-01-11	liga mx	Santos Laguna	Necaxa	TEAM1_SCORE_FT	Team1 scores (FT)	4.0	FORT	0	odd=1.3 fixture=1491796	02:00
TSV:	52168371	2026-01-11	liga mx	Santos Laguna	Necaxa	TEAM2_SCORE_FT	Team2 scores (FT)	5.0	FORT PLUS	1	odd=1.14 fixture=1491796	02:00
TSV:	52168371	2026-01-11	liga mx	Santos Laguna	Necaxa	O25_FT	Over 2.5 (FT)	6.0	TRÈS FORT	1	odd=1.62 fixture=1491796	02:00
TSV:	52168371	2026-01-11	liga mx	Santos Laguna	Necaxa	TEAM1_WIN_FT	Team1 wins (FT)	0.0	KO	0	odd=3.7 fixture=1491796	02:00
TSV:	52168371	2026-01-11	liga mx	Santos Laguna	Necaxa	TEAM2_WIN_FT	Team2 wins (FT)	0.0	KO	0	odd=1.9 fixture=1491796	02:00
TSV:	2687366821	2026-01-11	liga mx	Monterrey	Toluca	HT05	HT+0.5	5.0	FORT PLUS	1	odd=1.33 fixture=1491797	04:05
TSV:	2687366821	2026-01-11	liga mx	Monterrey	Toluca	HT1X_HOME	HT 1X Home	3.0	MOYEN PLUS	0	odd=1.22 fixture=1491797	04:05
TSV:	2687366821	2026-01-11	liga mx	Monterrey	Toluca	TEAM1_SCORE_FT	Team1 scores (FT)	4.0	FORT	0	odd=1.18 fixture=1491797	04:05
TSV:	2687366821	2026-01-11	liga mx	Monterrey	Toluca	TEAM2_SCORE_FT	Team2 scores (FT)	2.0	MOYEN	0	odd=1.36 fixture=1491797	04:05
TSV:	2687366821	2026-01-11	liga mx	Monterrey	Toluca	O25_FT	Over 2.5 (FT)	4.0	FORT	0	odd=1.8 fixture=1491797	04:05
TSV:	2687366821	2026-01-11	liga mx	Monterrey	Toluca	TEAM1_WIN_FT	Team1 wins (FT)	0.0	KO	0	odd=1.95 fixture=1491797	04:05
TSV:	2687366821	2026-01-11	liga mx	Monterrey	Toluca	TEAM2_WIN_FT	Team2 wins (FT)	1.0	FAIBLE	0	odd=3.6 fixture=1491797	04:05
TSV:	1674930972	2026-01-11	liga mx	U.N.A.M. - Pumas	Club Queretaro	HT05	HT+0.5	5.0	FORT PLUS	1	odd=1.4 fixture=1491798	19:00
TSV:	1674930972	2026-01-11	liga mx	U.N.A.M. - Pumas	Club Queretaro	HT1X_HOME	HT 1X Home	4.0	FORT	0	odd=1.1 fixture=1491798	19:00
TSV:	1674930972	2026-01-11	liga mx	U.N.A.M. - Pumas	Club Queretaro	TEAM1_SCORE_FT	Team1 scores (FT)	4.0	FORT	0	odd=1.12 fixture=1491798	19:00
TSV:	1674930972	2026-01-11	liga mx	U.N.A.M. - Pumas	Club Queretaro	TEAM2_SCORE_FT	Team2 scores (FT)	3.0	MOYEN PLUS	0	odd=1.7 fixture=1491798	19:00
TSV:	1674930972	2026-01-11	liga mx	U.N.A.M. - Pumas	Club Queretaro	O25_FT	Over 2.5 (FT)	3.0	MOYEN PLUS	0	odd=1.95 fixture=1491798	19:00
TSV:	1674930972	2026-01-11	liga mx	U.N.A.M. - Pumas	Club Queretaro	TEAM1_WIN_FT	Team1 wins (FT)	0.0	KO	0	odd=1.55 fixture=1491798	19:00
TSV:	1674930972	2026-01-11	liga mx	U.N.A.M. - Pumas	Club Queretaro	TEAM2_WIN_FT	Team2 wins (FT)	0.0	KO	0	odd=6.5 fixture=1491798	19:00
TSV:	4189676086	2026-01-11	liga portugal	Nacional	Santa Clara	HT05	HT+0.5	3.0	MOYEN PLUS	0	odd=1.5 fixture=1396379	16:30
TSV:	4189676086	2026-01-11	liga portugal	Nacional	Santa Clara	HT1X_HOME	HT 1X Home	3.0	MOYEN PLUS	0	odd=1.25 fixture=1396379	16:30
TSV:	4189676086	2026-01-11	liga portugal	Nacional	Santa Clara	TEAM1_SCORE_FT	Team1 scores (FT)	2.0	MOYEN	0	odd=1.44 fixture=1396379	16:30
TSV:	4189676086	2026-01-11	liga portugal	Nacional	Santa Clara	TEAM2_SCORE_FT	Team2 scores (FT)	2.0	MOYEN	0	odd=1.44 fixture=1396379	16:30
TSV:	4189676086	2026-01-11	liga portugal	Nacional	Santa Clara	TEAM1_WIN_FT	Team1 wins (FT)	0.0	KO	0	odd=2.7 fixture=1396379	16:30
TSV:	4189676086	2026-01-11	liga portugal	Nacional	Santa Clara	TEAM2_WIN_FT	Team2 wins (FT)	0.0	KO	0	odd=2.8 fixture=1396379	16:30
TSV:	2009974441	2026-01-11	liga portugal	Moreirense	Tondela	HT05	HT+0.5	4.0	FORT	0	odd=1.4 fixture=1396378	19:00
TSV:	2009974441	2026-01-11	liga portugal	Moreirense	Tondela	HT1X_HOME	HT 1X Home	3.0	MOYEN PLUS	0	odd=1.22 fixture=1396378	19:00
TSV:	2009974441	2026-01-11	liga portugal	Moreirense	Tondela	TEAM1_SCORE_FT	Team1 scores (FT)	4.0	FORT	0	odd=1.25 fixture=1396378	19:00
TSV:	2009974441	2026-01-11	liga portugal	Moreirense	Tondela	TEAM2_SCORE_FT	Team2 scores (FT)	2.0	MOYEN	0	odd=1.5 fixture=1396378	19:00
TSV:	2009974441	2026-01-11	liga portugal	Moreirense	Tondela	TEAM1_WIN_FT	Team1 wins (FT)	0.0	KO	0	odd=2.1 fixture=1396378	19:00
TSV:	2009974441	2026-01-11	liga portugal	Moreirense	Tondela	TEAM2_WIN_FT	Team2 wins (FT)	0.0	KO	0	odd=3.5 fixture=1396378	19:00
TSV:	561031971	2026-01-11	liga portugal 2	Portimonense	Felgueiras 1932	HT05	HT+0.5	4.0	FORT	0	odd=1.36 fixture=1398111	12:00
TSV:	561031971	2026-01-11	liga portugal 2	Portimonense	Felgueiras 1932	HT1X_HOME	HT 1X Home	5.0	FORT PLUS	1	odd=1.4 fixture=1398111	12:00
TSV:	561031971	2026-01-11	liga portugal 2	Portimonense	Felgueiras 1932	TEAM1_SCORE_FT	Team1 scores (FT)	2.0	MOYEN	0	odd=1.36 fixture=1398111	12:00
TSV:	561031971	2026-01-11	liga portugal 2	Portimonense	Felgueiras 1932	TEAM2_SCORE_FT	Team2 scores (FT)	3.0	MOYEN PLUS	0	odd=1.22 fixture=1398111	12:00
TSV:	561031971	2026-01-11	liga portugal 2	Portimonense	Felgueiras 1932	TEAM1_WIN_FT	Team1 wins (FT)	0.0	KO	0	odd=3 fixture=1398111	12:00
TSV:	561031971	2026-01-11	liga portugal 2	Portimonense	Felgueiras 1932	TEAM2_WIN_FT	Team2 wins (FT)	1.0	FAIBLE	0	odd=2.15 fixture=1398111	12:00
TSV:	2723881595	2026-01-11	liga portugal 2	Chaves	Maritimo	HT05	HT+0.5	8.0	MEGA EXPLOSION	1	odd=1.36 fixture=1398114	15:00
TSV:	2723881595	2026-01-11	liga portugal 2	Chaves	Maritimo	HT1X_HOME	HT 1X Home	0.0	KO	0	odd=1.3 fixture=1398114	15:00
TSV:	2723881595	2026-01-11	liga portugal 2	Chaves	Maritimo	TEAM1_SCORE_FT	Team1 scores (FT)	1.0	FAIBLE	0	odd=1.3 fixture=1398114	15:00
TSV:	2723881595	2026-01-11	liga portugal 2	Chaves	Maritimo	TEAM2_SCORE_FT	Team2 scores (FT)	3.0	MOYEN PLUS	0	odd=1.33 fixture=1398114	15:00
TSV:	2723881595	2026-01-11	liga portugal 2	Chaves	Maritimo	O25_FT	Over 2.5 (FT)	3.0	MOYEN PLUS	0	odd=2.15 fixture=1398114	15:00
TSV:	2723881595	2026-01-11	liga portugal 2	Chaves	Maritimo	TEAM1_WIN_FT	Team1 wins (FT)	0.0	KO	0	odd=2.55 fixture=1398114	15:00
TSV:	2723881595	2026-01-11	liga portugal 2	Chaves	Maritimo	TEAM2_WIN_FT	Team2 wins (FT)	0.0	KO	0	odd=2.55 fixture=1398114	15:00
TSV:	3919808792	2026-01-11	liga portugal 2	FC Porto B	Sporting CP B	HT05	HT+0.5	8.0	MEGA EXPLOSION	1	odd=1.44 fixture=1398105	16:30
TSV:	3919808792	2026-01-11	liga portugal 2	FC Porto B	Sporting CP B	HT1X_HOME	HT 1X Home	6.0	TRÈS FORT	1	odd=1.36 fixture=1398105	16:30
TSV:	3919808792	2026-01-11	liga portugal 2	FC Porto B	Sporting CP B	TEAM1_SCORE_FT	Team1 scores (FT)	2.0	MOYEN	0	odd=1.4 fixture=1398105	16:30
TSV:	3919808792	2026-01-11	liga portugal 2	FC Porto B	Sporting CP B	TEAM2_SCORE_FT	Team2 scores (FT)	2.0	MOYEN	0	odd=1.3 fixture=1398105	16:30
TSV:	3919808792	2026-01-11	liga portugal 2	FC Porto B	Sporting CP B	O25_FT	Over 2.5 (FT)	1.0	FAIBLE	0	odd=2.2 fixture=1398105	16:30
TSV:	3919808792	2026-01-11	liga portugal 2	FC Porto B	Sporting CP B	TEAM1_WIN_FT	Team1 wins (FT)	0.0	KO	0	odd=2.9 fixture=1398105	16:30
TSV:	3919808792	2026-01-11	liga portugal 2	FC Porto B	Sporting CP B	TEAM2_WIN_FT	Team2 wins (FT)	0.0	KO	0	odd=2.25 fixture=1398105	16:30
TSV:	2972769785	2026-01-11	liga portugal 2	Oliveirense	Feirense	HT05	HT+0.5	0.0	KO	0	odd=1.44 fixture=1398109	19:00
TSV:	2972769785	2026-01-11	liga portugal 2	Oliveirense	Feirense	HT1X_HOME	HT 1X Home	5.0	FORT PLUS	1	odd=1.36 fixture=1398109	19:00
TSV:	2972769785	2026-01-11	liga portugal 2	Oliveirense	Feirense	TEAM1_SCORE_FT	Team1 scores (FT)	2.0	MOYEN	0	odd=1.36 fixture=1398109	19:00
TSV:	2972769785	2026-01-11	liga portugal 2	Oliveirense	Feirense	TEAM2_SCORE_FT	Team2 scores (FT)	0.0	KO	0	odd=1.3 fixture=1398109	19:00
TSV:	2972769785	2026-01-11	liga portugal 2	Oliveirense	Feirense	TEAM1_WIN_FT	Team1 wins (FT)	0.0	KO	0	odd=3 fixture=1398109	19:00
TSV:	2972769785	2026-01-11	liga portugal 2	Oliveirense	Feirense	TEAM2_WIN_FT	Team2 wins (FT)	0.0	KO	0	odd=2.15 fixture=1398109	19:00
TSV:	314546679	2026-01-11	premiership	Dundee	Heart Of Midlothian	HT05	HT+0.5	8.0	MEGA EXPLOSION	1	odd=1.35 fixture=1382794	15:00
TSV:	314546679	2026-01-11	premiership	Dundee	Heart Of Midlothian	HT1X_HOME	HT 1X Home	0.0	KO	0	odd=1.75 fixture=1382794	15:00
TSV:	314546679	2026-01-11	premiership	Dundee	Heart Of Midlothian	TEAM1_SCORE_FT	Team1 scores (FT)	1.0	FAIBLE	0	odd=1.67 fixture=1382794	15:00
TSV:	314546679	2026-01-11	premiership	Dundee	Heart Of Midlothian	TEAM2_SCORE_FT	Team2 scores (FT)	3.0	MOYEN PLUS	0	odd=1.12 fixture=1382794	15:00
TSV:	314546679	2026-01-11	premiership	Dundee	Heart Of Midlothian	O25_FT	Over 2.5 (FT)	1.0	FAIBLE	0	odd=1.85 fixture=1382794	15:00
TSV:	314546679	2026-01-11	premiership	Dundee	Heart Of Midlothian	TEAM1_WIN_FT	Team1 wins (FT)	0.0	KO	0	odd=6 fixture=1382794	15:00
TSV:	314546679	2026-01-11	premiership	Dundee	Heart Of Midlothian	TEAM2_WIN_FT	Team2 wins (FT)	0.0	KO	0	odd=1.5 fixture=1382794	15:00
TSV:	762465651	2026-01-11	premiership	Aberdeen	Rangers	HT05	HT+0.5	7.0	EXPLOSION	1	odd=1.3 fixture=1382792	17:30
TSV:	762465651	2026-01-11	premiership	Aberdeen	Rangers	HT1X_HOME	HT 1X Home	3.0	MOYEN PLUS	0	odd=1.53 fixture=1382792	17:30
TSV:	762465651	2026-01-11	premiership	Aberdeen	Rangers	TEAM1_SCORE_FT	Team1 scores (FT)	0.0	KO	0	odd=1.4 fixture=1382792	17:30
TSV:	762465651	2026-01-11	premiership	Aberdeen	Rangers	TEAM2_SCORE_FT	Team2 scores (FT)	7.0	EXPLOSION	1	odd=1.15 fixture=1382792	17:30
TSV:	762465651	2026-01-11	premiership	Aberdeen	Rangers	O25_FT	Over 2.5 (FT)	1.0	FAIBLE	0	odd=1.8 fixture=1382792	17:30
TSV:	762465651	2026-01-11	premiership	Aberdeen	Rangers	TEAM1_WIN_FT	Team1 wins (FT)	0.0	KO	0	odd=4 fixture=1382792	17:30
TSV:	762465651	2026-01-11	premiership	Aberdeen	Rangers	TEAM2_WIN_FT	Team2 wins (FT)	3.0	MOYEN PLUS	0	odd=1.85 fixture=1382792	17:30
TSV:	763436536	2026-01-11	serie a italia	Lecce	Parma	HT05	HT+0.5	6.0	TRÈS FORT	1	odd=1.5 fixture=1378060	12:30
TSV:	763436536	2026-01-11	serie a italia	Lecce	Parma	HT1X_HOME	HT 1X Home	4.0	FORT	0	odd=1.25 fixture=1378060	12:30
TSV:	763436536	2026-01-11	serie a italia	Lecce	Parma	TEAM1_SCORE_FT	Team1 scores (FT)	2.0	MOYEN	0	odd=1.4 fixture=1378060	12:30
TSV:	763436536	2026-01-11	serie a italia	Lecce	Parma	TEAM2_SCORE_FT	Team2 scores (FT)	2.0	MOYEN	0	odd=1.4 fixture=1378060	12:30
TSV:	763436536	2026-01-11	serie a italia	Lecce	Parma	O25_FT	Over 2.5 (FT)	0.0	KO	0	odd=2.5 fixture=1378060	12:30
TSV:	763436536	2026-01-11	serie a italia	Lecce	Parma	TEAM1_WIN_FT	Team1 wins (FT)	0.0	KO	0	odd=2.7 fixture=1378060	12:30
TSV:	763436536	2026-01-11	serie a italia	Lecce	Parma	TEAM2_WIN_FT	Team2 wins (FT)	0.0	KO	0	odd=2.8 fixture=1378060	12:30
TSV:	3909071013	2026-01-11	serie a italia	Fiorentina	AC Milan	HT05	HT+0.5	4.0	FORT	0	odd=1.35 fixture=1378056	15:00
TSV:	3909071013	2026-01-11	serie a italia	Fiorentina	AC Milan	HT1X_HOME	HT 1X Home	5.0	FORT PLUS	1	odd=1.44 fixture=1378056	15:00
TSV:	3909071013	2026-01-11	serie a italia	Fiorentina	AC Milan	TEAM1_SCORE_FT	Team1 scores (FT)	3.0	MOYEN PLUS	0	odd=1.36 fixture=1378056	15:00
TSV:	3909071013	2026-01-11	serie a italia	Fiorentina	AC Milan	TEAM2_SCORE_FT	Team2 scores (FT)	4.0	FORT	0	odd=1.22 fixture=1378056	15:00
TSV:	3909071013	2026-01-11	serie a italia	Fiorentina	AC Milan	TEAM1_WIN_FT	Team1 wins (FT)	0.0	KO	0	odd=3.1 fixture=1378056	15:00
TSV:	3909071013	2026-01-11	serie a italia	Fiorentina	AC Milan	TEAM2_WIN_FT	Team2 wins (FT)	0.0	KO	0	odd=2.15 fixture=1378056	15:00
TSV:	4117986308	2026-01-11	serie a italia	Verona	Lazio	HT05	HT+0.5	4.0	FORT	0	odd=1.53 fixture=1378063	18:00
TSV:	4117986308	2026-01-11	serie a italia	Verona	Lazio	HT1X_HOME	HT 1X Home	3.0	MOYEN PLUS	0	odd=1.35 fixture=1378063	18:00
TSV:	4117986308	2026-01-11	serie a italia	Verona	Lazio	TEAM1_SCORE_FT	Team1 scores (FT)	1.0	FAIBLE	0	odd=1.55 fixture=1378063	18:00
TSV:	4117986308	2026-01-11	serie a italia	Verona	Lazio	TEAM2_SCORE_FT	Team2 scores (FT)	4.0	FORT	0	odd=1.36 fixture=1378063	18:00
TSV:	4117986308	2026-01-11	serie a italia	Verona	Lazio	TEAM1_WIN_FT	Team1 wins (FT)	0.0	KO	0	odd=3.25 fixture=1378063	18:00
TSV:	4117986308	2026-01-11	serie a italia	Verona	Lazio	TEAM2_WIN_FT	Team2 wins (FT)	0.0	KO	0	odd=2.3 fixture=1378063	18:00
TSV:	189589372	2026-01-11	serie a italia	Inter	Napoli	HT05	HT+0.5	8.0	MEGA EXPLOSION	1	odd=1.44 fixture=1378058	20:45
TSV:	189589372	2026-01-11	serie a italia	Inter	Napoli	HT1X_HOME	HT 1X Home	3.0	MOYEN PLUS	0	odd=1.17 fixture=1378058	20:45
TSV:	189589372	2026-01-11	serie a italia	Inter	Napoli	TEAM1_SCORE_FT	Team1 scores (FT)	2.0	MOYEN	0	odd=1.2 fixture=1378058	20:45
TSV:	189589372	2026-01-11	serie a italia	Inter	Napoli	TEAM2_SCORE_FT	Team2 scores (FT)	3.0	MOYEN PLUS	0	odd=1.65 fixture=1378058	20:45
TSV:	189589372	2026-01-11	serie a italia	Inter	Napoli	O25_FT	Over 2.5 (FT)	0.0	KO	0	odd=2.25 fixture=1378058	20:45
TSV:	189589372	2026-01-11	serie a italia	Inter	Napoli	TEAM1_WIN_FT	Team1 wins (FT)	0.0	KO	0	odd=1.75 fixture=1378058	20:45
TSV:	189589372	2026-01-11	serie a italia	Inter	Napoli	TEAM2_WIN_FT	Team2 wins (FT)	0.0	KO	0	odd=4.75 fixture=1378058	20:45
TSV:	2933474254	2026-01-11	serie b	Mantova	Palermo	HT05	HT+0.5	5.0	FORT PLUS	1	odd=1.35 fixture=1419775	15:00
TSV:	2933474254	2026-01-11	serie b	Mantova	Palermo	HT1X_HOME	HT 1X Home	0.0	KO	0	odd=1.44 fixture=1419775	15:00
TSV:	2933474254	2026-01-11	serie b	Mantova	Palermo	TEAM1_SCORE_FT	Team1 scores (FT)	0.0	KO	0	odd=1.36 fixture=1419775	15:00
TSV:	2933474254	2026-01-11	serie b	Mantova	Palermo	TEAM2_SCORE_FT	Team2 scores (FT)	3.0	MOYEN PLUS	0	odd=1.2 fixture=1419775	15:00
TSV:	2933474254	2026-01-11	serie b	Mantova	Palermo	O25_FT	Over 2.5 (FT)	2.0	MOYEN	0	odd=1.85 fixture=1419775	15:00
TSV:	2933474254	2026-01-11	serie b	Mantova	Palermo	TEAM1_WIN_FT	Team1 wins (FT)	0.0	KO	0	odd=3.5 fixture=1419775	15:00
TSV:	2933474254	2026-01-11	serie b	Mantova	Palermo	TEAM2_WIN_FT	Team2 wins (FT)	2.0	MOYEN	0	odd=2 fixture=1419775	15:00
TSV:	748074385	2026-01-11	serie b	Padova	Modena	HT05	HT+0.5	5.0	FORT PLUS	1	odd=1.4 fixture=1419779	17:15
TSV:	748074385	2026-01-11	serie b	Padova	Modena	HT1X_HOME	HT 1X Home	0.0	KO	0	odd=1.44 fixture=1419779	17:15
TSV:	748074385	2026-01-11	serie b	Padova	Modena	TEAM1_SCORE_FT	Team1 scores (FT)	1.0	FAIBLE	0	odd=1.57 fixture=1419779	17:15
TSV:	748074385	2026-01-11	serie b	Padova	Modena	TEAM2_SCORE_FT	Team2 scores (FT)	4.0	FORT	0	odd=1.25 fixture=1419779	17:15
TSV:	748074385	2026-01-11	serie b	Padova	Modena	O25_FT	Over 2.5 (FT)	1.0	FAIBLE	0	odd=2.25 fixture=1419779	17:15
TSV:	748074385	2026-01-11	serie b	Padova	Modena	TEAM1_WIN_FT	Team1 wins (FT)	0.0	KO	0	odd=4 fixture=1419779	17:15
TSV:	748074385	2026-01-11	serie b	Padova	Modena	TEAM2_WIN_FT	Team2 wins (FT)	0.0	KO	0	odd=1.95 fixture=1419779	17:15
TSV:	2907723583	2026-01-11	taça de portugal	Torreense	União de Leiria	HT05	HT+0.5	7.0	EXPLOSION	1	odd=1.4 fixture=1494082	21:15
TSV:	2907723583	2026-01-11	taça de portugal	Torreense	União de Leiria	HT1X_HOME	HT 1X Home	3.0	MOYEN PLUS	0	odd=1.2 fixture=1494082	21:15
TSV:	2907723583	2026-01-11	taça de portugal	Torreense	União de Leiria	TEAM1_SCORE_FT	Team1 scores (FT)	2.0	MOYEN	0	odd=1.25 fixture=1494082	21:15
TSV:	2907723583	2026-01-11	taça de portugal	Torreense	União de Leiria	TEAM2_SCORE_FT	Team2 scores (FT)	4.0	FORT	0	odd=1.44 fixture=1494082	21:15
TSV:	2907723583	2026-01-11	taça de portugal	Torreense	União de Leiria	O25_FT	Over 2.5 (FT)	1.0	FAIBLE	0	odd=2.2 fixture=1494082	21:15
TSV:	2907723583	2026-01-11	taça de portugal	Torreense	União de Leiria	TEAM1_WIN_FT	Team1 wins (FT)	0.0	KO	0	odd=2.1 fixture=1494082	21:15
TSV:	2907723583	2026-01-11	taça de portugal	Torreense	União de Leiria	TEAM2_WIN_FT	Team2 wins (FT)	0.0	KO	0	odd=3.25 fixture=1494082	21:15
