# date	league	home	away	league_id	home_id	away_id	fixture_id	found_via
2026-02-02	laliga2	Mirandes	Malaga	141	799	535	1392025	DATE_FALLBACK
2026-02-02	liga portugal	AVS	SC Braga	94	21595	217	1396408	DATE_FALLBACK
2026-02-02	liga portugal	Casa Pia	FC Porto	94	4716	212	1396410	DATE_FALLBACK
2026-02-02	primera división paraguay	Deportivo Recoleta	Libertad Asuncion	250	10476	1179	1504976	DATE_FALLBACK
2026-02-02	saudi arabia	Al Riyadh	Al-Nassr	307	10511	2939	1436087	DATE_FALLBACK
2026-02-02	saudi arabia	Al Okhdood	NEOM	307	2977	10513	1436092	DATE_FALLBACK
2026-02-02	saudi arabia	Al-Hilal Saudi FC	Al-Ahli Jeddah	307	2932	2929	1436091	DATE_FALLBACK
2026-02-02	primera división paraguay	Cerro Porteno	Sportivo Luqueno	250	1176	1183	1504972	DATE_FALLBACK
2026-02-03	saudi arabia	Damac	Al Kholood	307	2956	10509	1436085	DATE_FALLBACK
2026-02-03	saudi arabia	Al Khaleej Saihat	Al-Qadisiyah FC	307	2928	2933	1436089	DATE_FALLBACK
2026-02-03	saudi arabia	Al-Ettifaq	Al Taawon	307	2934	2936	1436088	DATE_FALLBACK
2026-02-03	championship	Portsmouth	Ipswich	40	1355	57	1386857	DATE_FALLBACK
2026-02-04	belgian cup	Charleroi	Union St. Gilloise	147	736	1393	1508097	DATE_FALLBACK
2026-02-05	belgian cup	Anderlecht	Antwerp	147	554	740	1508602	DATE_FALLBACK
2026-02-05	saudi arabia	Al-Fayha	Al Najma	307	2944	2992	1436097	DATE_FALLBACK
2026-02-05	saudi arabia	Al Okhdood	Al-Hilal Saudi FC	307	2977	2932	1436098	DATE_FALLBACK
2026-02-05	saudi arabia	Al-Ahli Jeddah	Al-Hazm	307	2929	2945	1436100	DATE_FALLBACK
2026-02-06	laliga2	Leganes	Granada CF	141	537	715	1392034	DATE_FALLBACK
2026-02-06	liga portugal 2	FC Porto B	Academico Viseu	95	243	238	1398150	DATE_FALLBACK
2026-02-06	liga portugal 2	Chaves	Penafiel	95	223	235	1398149	DATE_FALLBACK
2026-02-06	primera división paraguay	Club Sp. San Lorenzo	Deportivo Recoleta	250	2125	10476	1504981	DATE_FALLBACK
2026-02-06	saudi arabia	NEOM	Al Riyadh	307	10513	10511	1436095	DATE_FALLBACK
2026-02-06	saudi arabia	Al-Ettifaq	Damac	307	2934	2956	1436101	DATE_FALLBACK
2026-02-06	saudi arabia	Al-Nassr	Al-Ittihad FC	307	2939	2938	1436093	DATE_FALLBACK
2026-02-06	scottish cup	Airdrie United	ST Mirren	181	4668	251	1509663	DATE_FALLBACK
2026-02-06	superligaen	Kisvarda FC	Kazincbarcikai	271	2394	2410	1380297	DATE_FALLBACK
2026-02-07	czech first league	Baník Ostrava	Sigma Olomouc	345	3713	2250	1384814	DATE_FALLBACK
2026-02-07	czech first league	FK Jablonec	Slovácko	345	1122	3719	1384813	DATE_FALLBACK
2026-02-07	czech first league	Teplice	Karviná	345	3720	3716	1384817	DATE_FALLBACK
2026-02-07	czech first league	Slavia Praha	Mlada Boleslav	345	560	640	1384816	DATE_FALLBACK
2026-02-07	laliga2	FC Andorra	Real Sociedad II	141	8157	9585	1396973	DATE_FALLBACK
2026-02-07	laliga2	Las Palmas	Burgos	141	534	9580	1392035	DATE_FALLBACK
2026-02-07	laliga2	Zaragoza	Eibar	141	732	545	1392029	DATE_FALLBACK
2026-02-07	liga portugal	Estrela	Santa Clara	94	15130	227	1396421	DATE_FALLBACK
2026-02-07	liga portugal	Moreirense	GIL Vicente	94	215	762	1396424	DATE_FALLBACK
2026-02-07	liga portugal	Estoril	Tondela	94	230	218	1396420	DATE_FALLBACK
2026-02-07	liga portugal	Arouca	Guimaraes	94	240	224	1396417	DATE_FALLBACK
2026-02-07	liga portugal 2	Lusitânia Lourosa	Felgueiras 1932	95	6358	4744	1398152	DATE_FALLBACK
2026-02-07	liga portugal 2	Maritimo	Farense	95	214	231	1398153	DATE_FALLBACK
2026-02-07	liga portugal 2	Oliveirense	Vizela	95	233	810	1398154	DATE_FALLBACK
2026-02-07	liga portugal 2	Leixoes	Feirense	95	244	213	1398151	DATE_FALLBACK
2026-02-06	primera división paraguay	Sportivo Luqueno	Sportivo Ameliano	250	1183	10487	1504982	DATE_FALLBACK
2026-02-07	primera división paraguay	Rubio NU	Sportivo Trinidense	250	1185	1187	1504980	DATE_FALLBACK
2026-02-07	saudi arabia	Al Kholood	Al Shabab	307	10509	2940	1436094	DATE_FALLBACK
2026-02-07	saudi arabia	Al Taawon	Al Khaleej Saihat	307	2936	2928	1436099	DATE_FALLBACK
2026-02-07	saudi arabia	Al-Qadisiyah FC	Al-Fateh	307	2933	2931	1436096	DATE_FALLBACK
2026-02-07	scottish cup	Dunfermline	Kelty Hearts	181	1388	6773	1509666	DATE_FALLBACK
2026-02-07	scottish cup	Elgin City	Partick	181	6767	901	1509667	DATE_FALLBACK
2026-02-07	scottish cup	Rangers	Stranraer	181	257	6785	1510240	DATE_FALLBACK
2026-02-07	scottish cup	Celtic	Dundee	181	247	253	1509664	DATE_FALLBACK
2026-02-07	superligaen	Diosgyori VTK	Gyori ETO FC	271	2393	2402	1380295	DATE_FALLBACK
2026-02-07	superligaen	Debreceni VSC	Paks	271	2392	2390	1380294	DATE_FALLBACK
2026-02-07	superligaen	Ferencvarosi TC	Ujpest	271	651	2255	1380296	DATE_FALLBACK
2026-02-08	czech first league	Hradec Králové	Dukla Praha	345	3723	3715	1384812	DATE_FALLBACK
2026-02-08	czech first league	Bohemians 1905	Pardubice	345	3714	3724	1384811	DATE_FALLBACK
2026-02-08	czech first league	Zlin	Sparta Praha	345	603	628	1384818	DATE_FALLBACK
2026-02-08	czech first league	Plzen	Slovan Liberec	345	567	782	1384815	DATE_FALLBACK
2026-02-08	laliga2	Valladolid	Castellón	141	720	5254	1392032	DATE_FALLBACK
2026-02-08	laliga2	AD Ceuta FC	Cordoba	141	10139	713	1392030	DATE_FALLBACK
2026-02-08	laliga2	Cadiz	Almeria	141	724	723	1392037	DATE_FALLBACK
2026-02-08	laliga2	Deportivo La Coruna	Albacete	141	544	722	1392036	DATE_FALLBACK
2026-02-08	laliga2	Sporting Gijon	Huesca	141	731	726	1392038	DATE_FALLBACK
2026-02-08	laliga2	Malaga	Cultural Leonesa	141	535	725	1392039	DATE_FALLBACK
2026-02-08	liga portugal	Nacional	Casa Pia	94	225	4716	1396425	DATE_FALLBACK
2026-02-08	liga portugal	SC Braga	Rio Ave	94	217	226	1396419	DATE_FALLBACK
2026-02-08	liga portugal	Benfica	Alverca	94	211	4724	1396418	DATE_FALLBACK
2026-02-08	liga portugal 2	Torreense	União de Leiria	95	4799	4662	1398157	DATE_FALLBACK
2026-02-07	primera división paraguay	2 de Mayo	Cerro Porteno	250	2140	1176	1504977	DATE_FALLBACK
2026-02-08	primera división paraguay	Libertad Asuncion	Club Guarani	250	1179	1174	1504978	DATE_FALLBACK
2026-02-08	scottish cup	Rangers	Queen's Park	181	257	6778	1515685	DATE_FALLBACK
2026-02-08	scottish cup	Stenhousemuir	Falkirk	181	6784	1389	1509668	DATE_FALLBACK
2026-02-08	superligaen	Puskas Academy	Zalaegerszegi TE	271	2391	2414	1380299	DATE_FALLBACK
2026-02-08	superligaen	Nyiregyhaza	MTK Budapest	271	2403	2396	1380298	DATE_FALLBACK
2026-02-09	laliga2	Racing Santander	Mirandes	141	4665	799	1392031	DATE_FALLBACK
2026-02-09	liga portugal	Famalicao	AVS	94	242	21595	1396422	DATE_FALLBACK
2026-02-09	liga portugal	FC Porto	Sporting CP	94	212	228	1396423	DATE_FALLBACK
2026-02-09	liga portugal 2	Portimonense	Benfica B	95	216	229	1398156	DATE_FALLBACK
2026-02-08	primera división paraguay	Nacional Asuncion	Olimpia	250	1175	1182	1504979	DATE_FALLBACK
2026-02-10	liga portugal 2	Pacos Ferreira	Sporting CP B	95	234	761	1398155	DATE_FALLBACK
2026-02-11	belgian cup	Union St. Gilloise	Charleroi	147	1393	736	1508098	DATE_FALLBACK
2026-02-11	eredivisie	NEC Nijmegen	Utrecht	88	413	207	1381024	DATE_FALLBACK
2026-02-12	belgian cup	Antwerp	Anderlecht	147	740	554	1508603	DATE_FALLBACK
2026-02-12	saudi arabia	Damac	Al Taawon	307	2956	2936	1436109	DATE_FALLBACK
2026-02-12	saudi arabia	Al-Hazm	Al Okhdood	307	2945	2977	1436105	DATE_FALLBACK
2026-02-12	saudi arabia	Al-Qadisiyah FC	NEOM	307	2933	10513	1436104	DATE_FALLBACK
2026-02-13	laliga2	Almeria	FC Andorra	141	723	8157	1396974	DATE_FALLBACK
2026-02-13	liga portugal	Santa Clara	Benfica	94	227	211	1396431	DATE_FALLBACK
2026-02-13	liga portugal	Tondela	Alverca	94	218	4724	1396433	DATE_FALLBACK
2026-02-13	primera división paraguay	Club Guarani	Club Sp. San Lorenzo	250	1174	2125	1504985	DATE_FALLBACK
2026-02-13	saudi arabia	Al Shabab	Al-Ahli Jeddah	307	2940	2929	1436110	DATE_FALLBACK
2026-02-13	saudi arabia	Al-Hilal Saudi FC	Al-Ettifaq	307	2932	2934	1436106	DATE_FALLBACK
2026-02-13	saudi arabia	Al-Ittihad FC	Al-Fayha	307	2938	2944	1436107	DATE_FALLBACK
2026-02-13	superligaen	Ujpest	Debreceni VSC	271	2255	2392	1380304	DATE_FALLBACK
2026-02-13	primera división paraguay	Deportivo Recoleta	Sportivo Luqueno	250	10476	1183	1504987	DATE_FALLBACK
2026-02-14	czech first league	Dukla Praha	Zlin	345	3715	603	1384819	DATE_FALLBACK
2026-02-14	czech first league	Karviná	Slavia Praha	345	3716	560	1384821	DATE_FALLBACK
2026-02-14	czech first league	Slovácko	Bohemians 1905	345	3719	3714	1384825	DATE_FALLBACK
2026-02-14	czech first league	Sigma Olomouc	Plzen	345	2250	567	1384824	DATE_FALLBACK
2026-02-14	laliga2	Cordoba	Leganes	141	713	537	1392041	DATE_FALLBACK
2026-02-14	laliga2	Burgos	Cadiz	141	9580	724	1392049	DATE_FALLBACK
2026-02-14	laliga2	Cultural Leonesa	Zaragoza	141	725	732	1392048	DATE_FALLBACK
2026-02-14	laliga2	Granada CF	Valladolid	141	715	720	1392046	DATE_FALLBACK
2026-02-14	liga portugal	Casa Pia	Arouca	94	4716	240	1396427	DATE_FALLBACK
2026-02-14	liga portugal	Guimaraes	Estrela	94	224	15130	1396434	DATE_FALLBACK
2026-02-14	liga portugal	GIL Vicente	SC Braga	94	762	217	1396428	DATE_FALLBACK
2026-02-14	liga portugal 2	Feirense	Chaves	95	213	223	1398160	DATE_FALLBACK
2026-02-14	liga portugal 2	Academico Viseu	Oliveirense	95	238	233	1398158	DATE_FALLBACK
2026-02-14	liga portugal 2	Farense	Leixoes	95	231	244	1398164	DATE_FALLBACK
2026-02-14	liga portugal 2	Benfica B	Felgueiras 1932	95	229	4744	1398159	DATE_FALLBACK
2026-02-14	primera división paraguay	Olimpia	Rubio NU	250	1182	1185	1504986	DATE_FALLBACK
2026-02-14	saudi arabia	Al Riyadh	Al Khaleej Saihat	307	10511	2928	1436102	DATE_FALLBACK
2026-02-14	saudi arabia	Al Najma	Al Kholood	307	2992	10509	1436103	DATE_FALLBACK
2026-02-14	saudi arabia	Al-Fateh	Al-Nassr	307	2931	2939	1436108	DATE_FALLBACK
2026-02-14	superligaen	MTK Budapest	Puskas Academy	271	2396	2391	1380302	DATE_FALLBACK
2026-02-14	superligaen	Zalaegerszegi TE	Ferencvarosi TC	271	2414	651	1380305	DATE_FALLBACK
2026-02-14	superligaen	Paks	Diosgyori VTK	271	2390	2393	1380303	DATE_FALLBACK
2026-02-14	primera división paraguay	Sportivo Ameliano	2 de Mayo	250	10487	2140	1504983	DATE_FALLBACK
2026-02-15	czech first league	Pardubice	FK Jablonec	345	3724	1122	1384820	DATE_FALLBACK
2026-02-15	czech first league	Mlada Boleslav	Teplice	345	640	3720	1384823	DATE_FALLBACK
2026-02-15	czech first league	Slovan Liberec	Baník Ostrava	345	782	3713	1384822	DATE_FALLBACK
2026-02-15	czech first league	Sparta Praha	Hradec Králové	345	628	3723	1384826	DATE_FALLBACK
2026-02-15	laliga2	Mirandes	Las Palmas	141	799	534	1392045	DATE_FALLBACK
2026-02-15	laliga2	Eibar	Racing Santander	141	545	4665	1392040	DATE_FALLBACK
2026-02-15	laliga2	Huesca	AD Ceuta FC	141	726	10139	1392043	DATE_FALLBACK
2026-02-15	laliga2	Albacete	Sporting Gijon	141	722	731	1392042	DATE_FALLBACK
2026-02-15	laliga2	Castellón	Deportivo La Coruna	141	5254	544	1392050	DATE_FALLBACK
2026-02-15	liga portugal	Nacional	FC Porto	94	225	212	1396429	DATE_FALLBACK
2026-02-15	liga portugal	AVS	Estoril	94	21595	230	1396426	DATE_FALLBACK
2026-02-15	liga portugal	Sporting CP	Famalicao	94	228	242	1396432	DATE_FALLBACK
2026-02-15	liga portugal 2	Pacos Ferreira	Torreense	95	234	4799	1398162	DATE_FALLBACK
2026-02-15	liga portugal 2	Sporting CP B	Portimonense	95	761	216	1398165	DATE_FALLBACK
2026-02-15	liga portugal 2	Vizela	Maritimo	95	810	214	1398166	DATE_FALLBACK
2026-02-15	liga portugal 2	União de Leiria	FC Porto B	95	4662	243	1398161	DATE_FALLBACK
2026-02-15	primera división paraguay	Sportivo Trinidense	Libertad Asuncion	250	1187	1179	1504988	DATE_FALLBACK
2026-02-15	superligaen	Kazincbarcikai	Nyiregyhaza	271	2410	2403	1380301	DATE_FALLBACK
2026-02-15	superligaen	Gyori ETO FC	Kisvarda FC	271	2402	2394	1380300	DATE_FALLBACK
2026-02-15	primera división paraguay	Cerro Porteno	Nacional Asuncion	250	1176	1175	1504984	DATE_FALLBACK
2026-02-16	laliga2	Real Sociedad II	Malaga	141	9585	535	1392047	DATE_FALLBACK
2026-02-16	liga portugal	Rio Ave	Moreirense	94	226	215	1396430	DATE_FALLBACK
2026-02-16	liga portugal 2	Penafiel	Lusitânia Lourosa	95	235	6358	1398163	DATE_FALLBACK
2026-02-17	championship	Charlton	Portsmouth	40	1335	1355	1386768	DATE_FALLBACK
2026-02-17	eredivisie	Sparta Rotterdam	NEC Nijmegen	88	426	413	1381072	DATE_FALLBACK
2026-02-17	scottish cup	Dundee Utd	Spartans	181	1386	6781	1509665	DATE_FALLBACK
2026-02-18	laliga	Levante	Villarreal	140	539	533	1390974	DATE_FALLBACK
2026-02-18	scottish cup	Aberdeen	Motherwell	181	252	256	1509662	DATE_FALLBACK
2026-02-18	super league switzerland	FC Winterthur	FC ST. Gallen	207	2180	1011	1382412	DATE_FALLBACK
2026-02-19	primera división paraguay	Club Sp. San Lorenzo	Sportivo Trinidense	250	2125	1187	1504993	DATE_FALLBACK
2026-02-19	saudi arabia	Al Kholood	Al Riyadh	307	10509	10511	1436119	DATE_FALLBACK
2026-02-19	saudi arabia	Al-Ahli Jeddah	Al Najma	307	2929	2992	1436114	DATE_FALLBACK
2026-02-19	saudi arabia	Al-Ettifaq	Al-Fateh	307	2934	2931	1436118	DATE_FALLBACK
2026-02-19	primera división paraguay	Nacional Asuncion	Sportivo Ameliano	250	1175	10487	1504992	DATE_FALLBACK
2026-02-20	laliga2	AD Ceuta FC	Granada CF	141	10139	715	1392060	DATE_FALLBACK
2026-02-20	liga portugal	Estrela	Tondela	94	15130	218	1396440	DATE_FALLBACK
2026-02-20	liga portugal 2	Leixoes	Vizela	95	244	810	1398170	DATE_FALLBACK
2026-02-20	primera división paraguay	Libertad Asuncion	Rubio NU	250	1179	1185	1504991	DATE_FALLBACK
2026-02-20	saudi arabia	Al Okhdood	Al-Qadisiyah FC	307	2977	2933	1436111	DATE_FALLBACK
2026-02-20	saudi arabia	Al Taawon	Al-Fayha	307	2936	2944	1436113	DATE_FALLBACK
2026-02-20	saudi arabia	Damac	Al Shabab	307	2956	2940	1436117	DATE_FALLBACK
2026-02-20	primera división paraguay	2 de Mayo	Deportivo Recoleta	250	2140	10476	1504989	DATE_FALLBACK
2026-02-21	czech first league	FK Jablonec	Karviná	345	1122	3716	1384829	DATE_FALLBACK
2026-02-21	czech first league	Hradec Králové	Zlin	345	3723	603	1384828	DATE_FALLBACK
2026-02-21	czech first league	Slovácko	Pardubice	345	3719	3724	1384833	DATE_FALLBACK
2026-02-21	czech first league	Slavia Praha	Slovan Liberec	345	560	782	1384832	DATE_FALLBACK
2026-02-21	laliga2	Leganes	Cultural Leonesa	141	537	725	1392058	DATE_FALLBACK
2026-02-21	laliga2	Deportivo La Coruna	Eibar	141	544	545	1392061	DATE_FALLBACK
2026-02-21	laliga2	Huesca	Mirandes	141	726	799	1392059	DATE_FALLBACK
2026-02-21	laliga2	Almeria	Cordoba	141	723	713	1392057	DATE_FALLBACK
2026-02-21	laliga2	Las Palmas	Castellón	141	534	5254	1392052	DATE_FALLBACK
2026-02-21	liga portugal	Alverca	Santa Clara	94	4724	227	1396435	DATE_FALLBACK
2026-02-21	liga portugal	Arouca	Nacional	94	240	225	1396436	DATE_FALLBACK
2026-02-21	liga portugal	Benfica	AVS	94	211	21595	1396437	DATE_FALLBACK
2026-02-21	liga portugal	Moreirense	Sporting CP	94	215	228	1396443	DATE_FALLBACK
2026-02-21	liga portugal	SC Braga	Guimaraes	94	217	224	1396438	DATE_FALLBACK
2026-02-21	liga portugal 2	Torreense	Benfica B	95	4799	229	1398175	DATE_FALLBACK
2026-02-21	liga portugal 2	Maritimo	Sporting CP B	95	214	761	1398172	DATE_FALLBACK
2026-02-21	liga portugal 2	Oliveirense	União de Leiria	95	233	4662	1398173	DATE_FALLBACK
2026-02-21	mls	St. Louis City	Charlotte	253	20787	18310	1490775	DATE_FALLBACK
2026-02-21	mls	FC Cincinnati	Atlanta United FC	253	2242	1608	1490776	DATE_FALLBACK
2026-02-21	primera división paraguay	Cerro Porteno	Olimpia	250	1176	1182	1504990	DATE_FALLBACK
2026-02-21	saudi arabia	Al Khaleej Saihat	NEOM	307	2928	10513	1436116	DATE_FALLBACK
2026-02-21	saudi arabia	Al-Hilal Saudi FC	Al-Ittihad FC	307	2932	2938	1436115	DATE_FALLBACK
2026-02-21	saudi arabia	Al-Nassr	Al-Hazm	307	2939	2945	1436112	DATE_FALLBACK
2026-02-21	superligaen	Nyiregyhaza	Kisvarda FC	271	2403	2394	1380308	DATE_FALLBACK
2026-02-21	superligaen	Kazincbarcikai	Puskas Academy	271	2410	2391	1380306	DATE_FALLBACK
2026-02-21	superligaen	Ujpest	Diosgyori VTK	271	2255	2393	1380310	DATE_FALLBACK
2026-02-22	czech first league	Bohemians 1905	Dukla Praha	345	3714	3715	1384827	DATE_FALLBACK
2026-02-22	czech first league	Baník Ostrava	Mlada Boleslav	345	3713	640	1384830	DATE_FALLBACK
2026-02-22	czech first league	Teplice	Sigma Olomouc	345	3720	2250	1384834	DATE_FALLBACK
2026-02-22	czech first league	Plzen	Sparta Praha	345	567	628	1384831	DATE_FALLBACK
2026-02-22	laliga2	Sporting Gijon	Valladolid	141	731	720	1392054	DATE_FALLBACK
2026-02-22	laliga2	FC Andorra	Zaragoza	141	8157	732	1396975	DATE_FALLBACK
2026-02-22	laliga2	Racing Santander	Burgos	141	4665	9580	1392053	DATE_FALLBACK
2026-02-22	laliga2	Malaga	Albacete	141	535	722	1392056	DATE_FALLBACK
2026-02-22	liga portugal	Estoril	GIL Vicente	94	230	762	1396439	DATE_FALLBACK
2026-02-22	liga portugal	FC Porto	Rio Ave	94	212	226	1396442	DATE_FALLBACK
2026-02-22	liga portugal 2	Felgueiras 1932	Penafiel	95	4744	235	1398169	DATE_FALLBACK
2026-02-22	liga portugal 2	Chaves	Farense	95	223	231	1398167	DATE_FALLBACK
2026-02-22	liga portugal 2	Portimonense	Academico Viseu	95	216	238	1398174	DATE_FALLBACK
2026-02-22	liga portugal 2	Lusitânia Lourosa	Feirense	95	6358	213	1398171	DATE_FALLBACK
2026-02-22	mls	DC United	Philadelphia Union	253	1615	1599	1490777	DATE_FALLBACK
2026-02-22	mls	Orlando City SC	New York Red Bulls	253	1598	1602	1490778	DATE_FALLBACK
2026-02-22	mls	Vancouver Whitecaps	Real Salt Lake	253	1603	1606	1490779	DATE_FALLBACK
2026-02-22	mls	Austin	Minnesota United FC	253	16489	1612	1490780	DATE_FALLBACK
2026-02-22	mls	FC Dallas	Toronto FC	253	1597	1601	1490781	DATE_FALLBACK
2026-02-22	mls	Houston Dynamo	Chicago Fire	253	1600	1607	1490782	DATE_FALLBACK
2026-02-22	mls	Nashville SC	New England Revolution	253	9569	1609	1490783	DATE_FALLBACK
2026-02-22	mls	Los Angeles FC	Inter Miami	253	1616	9568	1490784	DATE_FALLBACK
2026-02-22	mls	Portland Timbers	Columbus Crew	253	1617	1613	1490785	DATE_FALLBACK
2026-02-22	mls	San Diego	CF Montreal	253	25484	1614	1490786	DATE_FALLBACK
2026-02-22	mls	San Jose Earthquakes	Sporting Kansas City	253	1596	1611	1490787	DATE_FALLBACK
2026-02-22	primera división paraguay	Club Guarani	2 de Mayo	250	1174	2140	1504996	DATE_FALLBACK
2026-02-22	superligaen	Zalaegerszegi TE	Debreceni VSC	271	2414	2392	1380311	DATE_FALLBACK
2026-02-22	superligaen	Paks	Gyori ETO FC	271	2390	2402	1380309	DATE_FALLBACK
2026-02-22	primera división paraguay	Sportivo Luqueno	Club Guarani	250	1183	1174	1504994	DATE_FALLBACK
2026-02-23	laliga2	Cadiz	Real Sociedad II	141	724	9585	1392051	DATE_FALLBACK
2026-02-23	liga portugal	Famalicao	Casa Pia	94	242	4716	1396441	DATE_FALLBACK
2026-02-23	liga portugal 2	FC Porto B	Pacos Ferreira	95	243	234	1398168	DATE_FALLBACK
2026-02-23	mls	Los Angeles Galaxy	New York City FC	253	1605	1604	1490788	DATE_FALLBACK
2026-02-23	mls	Seattle Sounders	Colorado Rapids	253	1595	1610	1490789	DATE_FALLBACK
2026-02-23	saudi arabia	Al Shabab	Al Riyadh	307	2940	10511	1435995	DATE_FALLBACK
2026-02-23	saudi arabia	Al-Fateh	Al Okhdood	307	2931	2977	1436001	DATE_FALLBACK
2026-02-23	saudi arabia	Al-Qadisiyah FC	Al-Ettifaq	307	2933	2934	1435999	DATE_FALLBACK
2026-02-23	saudi arabia	Damac	Al-Ahli Jeddah	307	2956	2929	1435997	DATE_FALLBACK
2026-02-23	superligaen	MTK Budapest	Ferencvarosi TC	271	2396	651	1380307	DATE_FALLBACK
2026-02-24	premiership	Dundee Utd	Aberdeen	179	1386	252	1382817	DATE_FALLBACK
2026-02-24	saudi arabia	Al Khaleej Saihat	Al Kholood	307	2928	10509	1435998	DATE_FALLBACK
2026-02-24	saudi arabia	Al Taawon	Al-Hilal Saudi FC	307	2936	2932	1436002	DATE_FALLBACK
2026-02-24	saudi arabia	Al-Hazm	Al-Ittihad FC	307	2945	2938	1435996	DATE_FALLBACK
2026-02-25	primera división paraguay	Sportivo Ameliano	Cerro Porteno	250	10487	1176	1504995	DATE_FALLBACK
2026-02-25	saudi arabia	Al Najma	Al-Nassr	307	2992	2939	1436000	DATE_FALLBACK
2026-02-25	saudi arabia	Al-Fayha	NEOM	307	2944	10513	1435994	DATE_FALLBACK
2026-02-25	super league switzerland	FC Winterthur	FC Thun	207	2180	1012	1494549	DATE_FALLBACK
2026-02-25	primera división paraguay	Olimpia	Libertad Asuncion	250	1182	1179	1504997	DATE_FALLBACK
2026-02-25	primera división paraguay	Sportivo Trinidense	Sportivo Luqueno	250	1187	1183	1505000	DATE_FALLBACK
2026-02-26	primera a colombia	Santa Fe	Atletico Nacional	239	1139	1137	1505971	DATE_FALLBACK
2026-02-26	primera división paraguay	Rubio NU	Club Sp. San Lorenzo	250	1185	2125	1504999	DATE_FALLBACK
2026-02-26	saudi arabia	Al Riyadh	Al-Ahli Jeddah	307	10511	2929	1436121	DATE_FALLBACK
2026-02-26	saudi arabia	Al-Fateh	Damac	307	2931	2956	1436122	DATE_FALLBACK
2026-02-26	primera división paraguay	Deportivo Recoleta	Nacional Asuncion	250	10476	1175	1504998	DATE_FALLBACK
2026-02-27	czech first league	Dukla Praha	Slavia Praha	345	3715	560	1384835	DATE_FALLBACK
2026-02-27	laliga2	Albacete	Almeria	141	722	723	1392063	DATE_FALLBACK
2026-02-27	liga portugal	FC Porto	Arouca	94	212	240	1396446	DATE_FALLBACK
2026-02-27	liga portugal	Sporting CP	Estoril	94	228	230	1396450	DATE_FALLBACK
2026-02-27	primera a colombia	Millonarios	Deportivo Pereira	239	1125	1462	1506007	DATE_FALLBACK
2026-02-27	saudi arabia	Al Shabab	Al-Hilal Saudi FC	307	2940	2932	1436123	DATE_FALLBACK
2026-02-27	saudi arabia	Al-Hazm	Al-Ettifaq	307	2945	2934	1436120	DATE_FALLBACK
2026-02-27	saudi arabia	Al-Ittihad FC	Al Khaleej Saihat	307	2938	2928	1436124	DATE_FALLBACK
2026-02-27	superligaen	Debreceni VSC	MTK Budapest	271	2392	2396	1380312	DATE_FALLBACK
2026-02-28	czech first league	Mlada Boleslav	FK Jablonec	345	640	1122	1384839	DATE_FALLBACK
2026-02-28	czech first league	Pardubice	Teplice	345	3724	3720	1384836	DATE_FALLBACK
2026-02-28	czech first league	Slovan Liberec	Hradec Králové	345	782	3723	1384838	DATE_FALLBACK
2026-02-28	czech first league	Sparta Praha	Baník Ostrava	345	628	3713	1384841	DATE_FALLBACK
2026-02-28	laliga2	Zaragoza	Burgos	141	732	9580	1392069	DATE_FALLBACK
2026-02-28	laliga2	Granada CF	Malaga	141	715	535	1392072	DATE_FALLBACK
2026-02-28	laliga2	Valladolid	Huesca	141	720	726	1392068	DATE_FALLBACK
2026-02-28	laliga2	Castellón	Racing Santander	141	5254	4665	1392064	DATE_FALLBACK
2026-02-28	liga portugal	AVS	Estrela	94	21595	15130	1396444	DATE_FALLBACK
2026-02-28	liga portugal	Nacional	SC Braga	94	225	217	1396448	DATE_FALLBACK
2026-02-28	liga portugal	Guimaraes	Alverca	94	224	4724	1396452	DATE_FALLBACK
2026-02-28	liga portugal 2	Sporting CP B	Leixoes	95	761	244	1398182	DATE_FALLBACK
2026-02-28	liga portugal 2	Torreense	FC Porto B	95	4799	243	1398183	DATE_FALLBACK
2026-02-28	liga portugal 2	Vizela	Chaves	95	810	223	1398184	DATE_FALLBACK
2026-02-28	liga portugal 2	União de Leiria	Portimonense	95	4662	216	1398178	DATE_FALLBACK
2026-02-28	mls	Chicago Fire	CF Montreal	253	1607	1614	1490121	DATE_FALLBACK
2026-02-28	mls	New York Red Bulls	New England Revolution	253	1602	1609	1490120	DATE_FALLBACK
2026-02-28	mls	Colorado Rapids	Portland Timbers	253	1610	1617	1490123	DATE_FALLBACK
2026-02-28	mls	Minnesota United FC	FC Cincinnati	253	1612	2242	1490122	DATE_FALLBACK
2026-02-28	primera división paraguay	Sportivo Ameliano	Olimpia	250	10487	1182	1505002	DATE_FALLBACK
2026-02-28	saudi arabia	Al Najma	Al Okhdood	307	2992	2977	1436127	DATE_FALLBACK
2026-02-28	saudi arabia	Al-Fayha	Al-Nassr	307	2944	2939	1436126	DATE_FALLBACK
2026-02-28	saudi arabia	Al-Qadisiyah FC	Al Taawon	307	2933	2936	1436125	DATE_FALLBACK
2026-02-28	saudi arabia	NEOM	Al Kholood	307	10513	10509	1436128	DATE_FALLBACK
2026-02-28	superligaen	Kisvarda FC	Paks	271	2394	2390	1380316	DATE_FALLBACK
2026-02-28	superligaen	Diosgyori VTK	Zalaegerszegi TE	271	2393	2414	1380313	DATE_FALLBACK
2026-02-28	superligaen	Gyori ETO FC	Ujpest	271	2402	2255	1380315	DATE_FALLBACK
2026-02-28	primera división paraguay	2 de Mayo	Sportivo Trinidense	250	2140	1187	1505001	DATE_FALLBACK
2026-03-01	czech first league	Karviná	Slovácko	345	3716	3719	1384837	DATE_FALLBACK
2026-03-01	czech first league	Zlin	Plzen	345	603	567	1384842	DATE_FALLBACK
2026-03-01	czech first league	Sigma Olomouc	Bohemians 1905	345	2250	3714	1384840	DATE_FALLBACK
2026-03-01	laliga2	Real Sociedad II	Deportivo La Coruna	141	9585	544	1392067	DATE_FALLBACK
2026-03-01	laliga2	Mirandes	AD Ceuta FC	141	799	10139	1392070	DATE_FALLBACK
2026-03-01	laliga2	Sporting Gijon	Leganes	141	731	537	1392065	DATE_FALLBACK
2026-03-01	laliga2	Cultural Leonesa	Las Palmas	141	725	534	1392062	DATE_FALLBACK
2026-03-01	laliga2	Eibar	Cadiz	141	545	724	1392066	DATE_FALLBACK
2026-03-01	liga portugal	Tondela	Santa Clara	94	218	227	1396451	DATE_FALLBACK
2026-03-01	liga portugal	Casa Pia	Moreirense	94	4716	215	1396445	DATE_FALLBACK
2026-03-01	liga portugal	Rio Ave	Famalicao	94	226	242	1396449	DATE_FALLBACK
2026-03-01	liga portugal 2	Farense	Lusitânia Lourosa	95	231	6358	1398181	DATE_FALLBACK
2026-03-01	liga portugal 2	Academico Viseu	Maritimo	95	238	214	1398176	DATE_FALLBACK
2026-03-01	liga portugal 2	Pacos Ferreira	Oliveirense	95	234	233	1398179	DATE_FALLBACK
2026-03-01	liga portugal 2	Penafiel	Benfica B	95	235	229	1398180	DATE_FALLBACK
2026-03-01	mls	Real Salt Lake	Seattle Sounders	253	1606	1595	1490124	DATE_FALLBACK
2026-03-01	mls	San Jose Earthquakes	Atlanta United FC	253	1596	1608	1490125	DATE_FALLBACK
2026-03-01	mls	FC Dallas	Nashville SC	253	1597	9569	1490128	DATE_FALLBACK
2026-03-01	mls	Houston Dynamo	Los Angeles FC	253	1600	1616	1490126	DATE_FALLBACK
2026-03-01	mls	Sporting Kansas City	Columbus Crew	253	1611	1613	1490127	DATE_FALLBACK
2026-03-01	mls	Vancouver Whitecaps	Toronto FC	253	1603	1601	1490129	DATE_FALLBACK
2026-03-01	mls	Los Angeles Galaxy	Charlotte	253	1605	18310	1490130	DATE_FALLBACK
2026-03-01	mls	Austin	DC United	253	16489	1615	1490131	DATE_FALLBACK
2026-03-01	mls	Philadelphia Union	New York City FC	253	1599	1604	1490132	DATE_FALLBACK
2026-03-01	primera división paraguay	Nacional Asuncion	Club Guarani	250	1175	1174	1505004	DATE_FALLBACK
2026-03-01	superligaen	Puskas Academy	Nyiregyhaza	271	2391	2403	1380317	DATE_FALLBACK
2026-03-01	superligaen	Ferencvarosi TC	Kazincbarcikai	271	651	2410	1380314	DATE_FALLBACK
2026-03-01	primera división paraguay	Cerro Porteno	Deportivo Recoleta	250	1176	10476	1505003	DATE_FALLBACK
2026-03-02	laliga2	Cordoba	FC Andorra	141	713	8157	1396976	DATE_FALLBACK
2026-03-02	liga portugal	GIL Vicente	Benfica	94	762	211	1396447	DATE_FALLBACK
2026-03-02	liga portugal 2	Feirense	Felgueiras 1932	95	213	4744	1398177	DATE_FALLBACK
2026-03-02	mls	Orlando City SC	Inter Miami	253	1598	9568	1490133	DATE_FALLBACK
2026-03-02	mls	San Diego	St. Louis City	253	25484	20787	1490134	DATE_FALLBACK
2026-03-02	primera división paraguay	Sportivo Luqueno	Rubio NU	250	1183	1185	1505006	DATE_FALLBACK
2026-03-02	primera división paraguay	Club Sp. San Lorenzo	Libertad Asuncion	250	2125	1179	1505005	DATE_FALLBACK
2026-03-03	fa cup	Port Vale	Bristol City	45	1351	56	1506262	DATE_FALLBACK
2026-03-03	premiership	Dundee Utd	ST Mirren	179	1386	251	1382799	DATE_FALLBACK
2026-03-04	bundesliga	Hamburger SV	Bayer Leverkusen	78	175	168	1388455	DATE_FALLBACK
2026-03-04	laliga	Rayo Vallecano	Oviedo	140	728	718	1391044	DATE_FALLBACK
2026-03-04	premiership	Aberdeen	Celtic	179	252	247	1382810	DATE_FALLBACK
2026-03-05	saudi arabia	Damac	Al Riyadh	307	2956	10511	1436132	DATE_FALLBACK
2026-03-06	laliga2	Cadiz	Zaragoza	141	724	732	1392082	DATE_FALLBACK
2026-03-06	liga portugal	Famalicao	Arouca	94	242	240	1396458	DATE_FALLBACK
2026-03-06	liga portugal 2	Chaves	Academico Viseu	95	223	238	1398186	DATE_FALLBACK
2026-03-06	saudi arabia	Al Khaleej Saihat	Al-Hazm	307	2928	2945	1436129	DATE_FALLBACK
2026-03-06	saudi arabia	Al Taawon	Al-Fateh	307	2936	2931	1436134	DATE_FALLBACK
2026-03-06	saudi arabia	Al-Ahli Jeddah	Al-Ittihad FC	307	2929	2938	1436136	DATE_FALLBACK
2026-03-06	saudi arabia	Al-Hilal Saudi FC	Al Najma	307	2932	2992	1436135	DATE_FALLBACK
2026-03-06	scottish cup	Falkirk	Dundee Utd	181	1389	1386	1524424	DATE_FALLBACK
2026-03-06	superligaen	Kisvarda FC	Puskas Academy	271	2394	2391	1380319	DATE_FALLBACK
2026-03-07	czech first league	Bohemians 1905	Slovan Liberec	345	3714	782	1384843	DATE_FALLBACK
2026-03-07	czech first league	Slovácko	Mlada Boleslav	345	3719	640	1384849	DATE_FALLBACK
2026-03-07	czech first league	Teplice	Dukla Praha	345	3720	3715	1384850	DATE_FALLBACK
2026-03-07	czech first league	FK Jablonec	Sigma Olomouc	345	1122	2250	1384845	DATE_FALLBACK
2026-03-07	laliga2	Huesca	Albacete	141	726	722	1392077	DATE_FALLBACK
2026-03-07	laliga2	Real Sociedad II	Castellón	141	9585	5254	1392079	DATE_FALLBACK
2026-03-07	laliga2	Burgos	Mirandes	141	9580	799	1392080	DATE_FALLBACK
2026-03-07	laliga2	Malaga	Valladolid	141	535	720	1392081	DATE_FALLBACK
2026-03-07	liga portugal	Alverca	AVS	94	4724	21595	1396453	DATE_FALLBACK
2026-03-07	liga portugal	Moreirense	Nacional	94	215	225	1396459	DATE_FALLBACK
2026-03-07	liga portugal	SC Braga	Sporting CP	94	217	228	1396455	DATE_FALLBACK
2026-03-07	liga portugal	Estoril	Casa Pia	94	230	4716	1396456	DATE_FALLBACK
2026-03-07	liga portugal 2	Oliveirense	Torreense	95	233	4799	1398191	DATE_FALLBACK
2026-03-07	liga portugal 2	Portimonense	Pacos Ferreira	95	216	234	1398193	DATE_FALLBACK
2026-03-07	liga portugal 2	Penafiel	Farense	95	235	231	1398192	DATE_FALLBACK
2026-03-07	mls	New England Revolution	Houston Dynamo	253	1609	1600	1490136	DATE_FALLBACK
2026-03-07	mls	New York City FC	Orlando City SC	253	1604	1598	1490135	DATE_FALLBACK
2026-03-07	mls	DC United	Inter Miami	253	1615	9568	1490137	DATE_FALLBACK
2026-03-07	premiership	Dundee	Motherwell	179	253	256	1382811	DATE_FALLBACK
2026-03-07	primera división paraguay	Club Guarani	Cerro Porteno	250	1174	1176	1505007	DATE_FALLBACK
2026-03-07	saudi arabia	Al Okhdood	Al-Fayha	307	2977	2944	1436130	DATE_FALLBACK
2026-03-07	saudi arabia	Al-Ettifaq	Al Shabab	307	2934	2940	1436137	DATE_FALLBACK
2026-03-07	saudi arabia	Al-Nassr	NEOM	307	2939	10513	1436133	DATE_FALLBACK
2026-03-07	scottish cup	Dunfermline	Aberdeen	181	1388	252	1525612	DATE_FALLBACK
2026-03-07	superligaen	Zalaegerszegi TE	Gyori ETO FC	271	2414	2402	1380323	DATE_FALLBACK
2026-03-07	superligaen	Ujpest	Paks	271	2255	2390	1380322	DATE_FALLBACK
2026-03-08	czech first league	Baník Ostrava	Zlin	345	3713	603	1384847	DATE_FALLBACK
2026-03-08	czech first league	Hradec Králové	Plzen	345	3723	567	1384844	DATE_FALLBACK
2026-03-08	czech first league	Karviná	Pardubice	345	3716	3724	1384846	DATE_FALLBACK
2026-03-08	czech first league	Slavia Praha	Sparta Praha	345	560	628	1384848	DATE_FALLBACK
2026-03-08	laliga2	Las Palmas	AD Ceuta FC	141	534	10139	1392076	DATE_FALLBACK
2026-03-08	laliga2	FC Andorra	Sporting Gijon	141	8157	731	1396977	DATE_FALLBACK
2026-03-08	laliga2	Leganes	Eibar	141	537	545	1392078	DATE_FALLBACK
2026-03-08	laliga2	Racing Santander	Cordoba	141	4665	713	1392075	DATE_FALLBACK
2026-03-08	laliga2	Deportivo La Coruna	Granada CF	141	544	715	1392074	DATE_FALLBACK
2026-03-08	liga portugal	Estrela	GIL Vicente	94	15130	762	1396457	DATE_FALLBACK
2026-03-08	liga portugal	Benfica	FC Porto	94	211	212	1396454	DATE_FALLBACK
2026-03-08	liga portugal	Santa Clara	Guimaraes	94	227	224	1396460	DATE_FALLBACK
2026-03-08	liga portugal 2	Felgueiras 1932	Vizela	95	4744	810	1398187	DATE_FALLBACK
2026-03-08	liga portugal 2	Leixoes	União de Leiria	95	244	4662	1398188	DATE_FALLBACK
2026-03-08	liga portugal 2	Maritimo	FC Porto B	95	214	243	1398190	DATE_FALLBACK
2026-03-08	liga portugal 2	Lusitânia Lourosa	Sporting CP B	95	6358	761	1398189	DATE_FALLBACK
2026-03-08	mls	Atlanta United FC	Real Salt Lake	253	1608	1606	1490140	DATE_FALLBACK
2026-03-08	mls	Charlotte	Austin	253	18310	16489	1490141	DATE_FALLBACK
2026-03-08	mls	Columbus Crew	Chicago Fire	253	1613	1607	1490138	DATE_FALLBACK
2026-03-08	mls	Philadelphia Union	San Jose Earthquakes	253	1599	1596	1490139	DATE_FALLBACK
2026-03-08	mls	Nashville SC	Minnesota United FC	253	9569	1612	1490143	DATE_FALLBACK
2026-03-08	mls	Sporting Kansas City	San Diego	253	1611	25484	1490144	DATE_FALLBACK
2026-03-08	mls	St. Louis City	Seattle Sounders	253	20787	1595	1490142	DATE_FALLBACK
2026-03-08	mls	Colorado Rapids	Los Angeles Galaxy	253	1610	1605	1490145	DATE_FALLBACK
2026-03-08	mls	Los Angeles FC	FC Dallas	253	1616	1597	1490146	DATE_FALLBACK
2026-03-08	mls	Portland Timbers	Vancouver Whitecaps	253	1617	1603	1490147	DATE_FALLBACK
2026-03-08	mls	New York Red Bulls	CF Montreal	253	1602	1614	1490148	DATE_FALLBACK
2026-03-07	primera división paraguay	Libertad Asuncion	Sportivo Luqueno	250	1179	1183	1505008	DATE_FALLBACK
2026-03-08	primera división paraguay	Olimpia	Club Sp. San Lorenzo	250	1182	2125	1505009	DATE_FALLBACK
2026-03-08	scottish cup	Rangers	Celtic	181	257	247	1521024	DATE_FALLBACK
2026-03-08	scottish cup	ST Mirren	Partick	181	251	901	1521025	DATE_FALLBACK
2026-03-08	superligaen	MTK Budapest	Diosgyori VTK	271	2396	2393	1380320	DATE_FALLBACK
2026-03-08	superligaen	Kazincbarcikai	Debreceni VSC	271	2410	2392	1380318	DATE_FALLBACK
2026-03-08	superligaen	Nyiregyhaza	Ferencvarosi TC	271	2403	651	1380321	DATE_FALLBACK
2026-03-09	laliga2	Almeria	Cultural Leonesa	141	723	725	1392073	DATE_FALLBACK
2026-03-09	liga portugal	Tondela	Rio Ave	94	218	226	1396461	DATE_FALLBACK
2026-03-09	liga portugal 2	Benfica B	Feirense	95	229	213	1398185	DATE_FALLBACK
2026-03-08	mls	FC Cincinnati	Toronto FC	253	2242	1601	1490149	DATE_FALLBACK
2026-03-08	primera división paraguay	Rubio NU	2 de Mayo	250	1185	2140	1505011	DATE_FALLBACK
2026-03-09	primera división paraguay	Sportivo Trinidense	Nacional Asuncion	250	1187	1175	1505012	DATE_FALLBACK
2026-03-09	primera división paraguay	Deportivo Recoleta	Sportivo Ameliano	250	10476	10487	1505010	DATE_FALLBACK
2026-03-12	saudi arabia	Al Najma	Damac	307	2992	2956	1436140	DATE_FALLBACK
2026-03-12	saudi arabia	Al-Hazm	Al Kholood	307	2945	10509	1436139	DATE_FALLBACK
2026-03-12	saudi arabia	NEOM	Al Taawon	307	10513	2936	1436145	DATE_FALLBACK
2026-03-13	laliga2	Mirandes	Cadiz	141	799	724	1392085	DATE_FALLBACK
2026-03-13	liga portugal 2	Farense	Felgueiras 1932	95	231	4744	1398199	DATE_FALLBACK
2026-03-13	liga portugal 2	Sporting CP B	Chaves	95	761	223	1398200	DATE_FALLBACK
2026-03-13	primera división paraguay	Sportivo Luqueno	Club Sp. San Lorenzo	250	1183	2125	1505018	DATE_FALLBACK
2026-03-13	saudi arabia	Al Riyadh	Al-Ittihad FC	307	10511	2938	1436138	DATE_FALLBACK
2026-03-13	saudi arabia	Al-Fayha	Al-Ettifaq	307	2944	2934	1436142	DATE_FALLBACK
2026-03-13	saudi arabia	Al-Qadisiyah FC	Al-Ahli Jeddah	307	2933	2929	1436146	DATE_FALLBACK
2026-03-13	superligaen	Diosgyori VTK	Kazincbarcikai	271	2393	2410	1380325	DATE_FALLBACK
2026-03-13	superligaen	Gyori ETO FC	MTK Budapest	271	2402	2396	1380327	DATE_FALLBACK
2026-03-14	czech first league	Dukla Praha	FK Jablonec	345	3715	1122	1384851	DATE_FALLBACK
2026-03-14	czech first league	Hradec Králové	Baník Ostrava	345	3723	3713	1384852	DATE_FALLBACK
2026-03-14	czech first league	Mlada Boleslav	Pardubice	345	640	3724	1384854	DATE_FALLBACK
2026-03-14	czech first league	Zlin	Slavia Praha	345	603	560	1384858	DATE_FALLBACK
2026-03-14	laliga2	Cultural Leonesa	Racing Santander	141	725	4665	1392088	DATE_FALLBACK
2026-03-14	laliga2	Valladolid	Leganes	141	720	537	1392094	DATE_FALLBACK
2026-03-14	laliga2	Zaragoza	Almeria	141	732	723	1392087	DATE_FALLBACK
2026-03-14	laliga2	AD Ceuta FC	Deportivo La Coruna	141	10139	544	1392086	DATE_FALLBACK
2026-03-14	liga portugal	Guimaraes	Famalicao	94	224	242	1396470	DATE_FALLBACK
2026-03-14	liga portugal	GIL Vicente	Alverca	94	762	4724	1396466	DATE_FALLBACK
2026-03-14	liga portugal	Arouca	Benfica	94	240	211	1396463	DATE_FALLBACK
2026-03-14	liga portugal 2	Academico Viseu	Leixoes	95	238	244	1398194	DATE_FALLBACK
2026-03-14	liga portugal 2	Pacos Ferreira	Benfica B	95	234	229	1398198	DATE_FALLBACK
2026-03-14	mls	Toronto FC	New York Red Bulls	253	1601	1602	1490151	DATE_FALLBACK
2026-03-14	mls	Atlanta United FC	Philadelphia Union	253	1608	1599	1490150	DATE_FALLBACK
2026-03-14	mls	Columbus Crew	Nashville SC	253	1613	9569	1490152	DATE_FALLBACK
2026-03-13	primera división paraguay	2 de Mayo	Libertad Asuncion	250	2140	1179	1505013	DATE_FALLBACK
2026-03-14	primera división paraguay	Deportivo Recoleta	Olimpia	250	10476	1182	1505017	DATE_FALLBACK
2026-03-14	saudi arabia	Al Khaleej Saihat	Al-Nassr	307	2928	2939	1436143	DATE_FALLBACK
2026-03-14	saudi arabia	Al Shabab	Al Okhdood	307	2940	2977	1436141	DATE_FALLBACK
2026-03-14	saudi arabia	Al-Fateh	Al-Hilal Saudi FC	307	2931	2932	1436144	DATE_FALLBACK
2026-03-14	superligaen	Ujpest	Kisvarda FC	271	2255	2394	1380329	DATE_FALLBACK
2026-03-14	superligaen	Paks	Zalaegerszegi TE	271	2390	2414	1380328	DATE_FALLBACK
2026-03-14	superligaen	Debreceni VSC	Nyiregyhaza	271	2392	2403	1380324	DATE_FALLBACK
2026-03-15	czech first league	Slovan Liberec	Teplice	345	782	3720	1384853	DATE_FALLBACK
2026-03-15	czech first league	Plzen	Bohemians 1905	345	567	3714	1384855	DATE_FALLBACK
2026-03-15	czech first league	Sigma Olomouc	Karviná	345	2250	3716	1384856	DATE_FALLBACK
2026-03-15	czech first league	Sparta Praha	Slovácko	345	628	3719	1384857	DATE_FALLBACK
2026-03-15	laliga2	Cordoba	Real Sociedad II	141	713	9585	1392089	DATE_FALLBACK
2026-03-15	laliga2	Granada CF	FC Andorra	141	715	8157	1396978	DATE_FALLBACK
2026-03-15	laliga2	Eibar	Burgos	141	545	9580	1392090	DATE_FALLBACK
2026-03-15	laliga2	Malaga	Huesca	141	535	726	1392093	DATE_FALLBACK
2026-03-15	laliga2	Sporting Gijon	Castellón	141	731	5254	1392091	DATE_FALLBACK
2026-03-15	liga portugal	AVS	Santa Clara	94	21595	227	1396462	DATE_FALLBACK
2026-03-15	liga portugal	Nacional	Estoril	94	225	230	1396467	DATE_FALLBACK
2026-03-15	liga portugal	Sporting CP	Tondela	94	228	218	1396469	DATE_FALLBACK
2026-03-15	liga portugal	Rio Ave	Estrela	94	226	15130	1396468	DATE_FALLBACK
2026-03-15	liga portugal	FC Porto	Moreirense	94	212	215	1396465	DATE_FALLBACK
2026-03-15	liga portugal 2	Vizela	Lusitânia Lourosa	95	810	6358	1398202	DATE_FALLBACK
2026-03-15	liga portugal 2	União de Leiria	Maritimo	95	4662	214	1398197	DATE_FALLBACK
2026-03-15	liga portugal 2	Feirense	Penafiel	95	213	235	1398196	DATE_FALLBACK
2026-03-14	mls	Charlotte	Inter Miami	253	18310	9568	1490153	DATE_FALLBACK
2026-03-14	mls	New York City FC	Colorado Rapids	253	1604	1610	1490155	DATE_FALLBACK
2026-03-14	mls	Orlando City SC	CF Montreal	253	1598	1614	1490154	DATE_FALLBACK
2026-03-15	mls	Chicago Fire	DC United	253	1607	1615	1490157	DATE_FALLBACK
2026-03-15	mls	FC Dallas	San Diego	253	1597	25484	1490156	DATE_FALLBACK
2026-03-15	mls	Houston Dynamo	Portland Timbers	253	1600	1617	1490158	DATE_FALLBACK
2026-03-15	mls	Los Angeles Galaxy	Sporting Kansas City	253	1605	1611	1490159	DATE_FALLBACK
2026-03-15	mls	Real Salt Lake	Austin	253	1606	16489	1490160	DATE_FALLBACK
2026-03-15	mls	Los Angeles FC	St. Louis City	253	1616	20787	1490161	DATE_FALLBACK
2026-03-15	mls	New England Revolution	FC Cincinnati	253	1609	2242	1490163	DATE_FALLBACK
2026-03-15	mls	Vancouver Whitecaps	Minnesota United FC	253	1603	1612	1490162	DATE_FALLBACK
2026-03-14	primera división paraguay	Cerro Porteno	Sportivo Trinidense	250	1176	1187	1505015	DATE_FALLBACK
2026-03-15	primera división paraguay	Nacional Asuncion	Rubio NU	250	1175	1185	1505016	DATE_FALLBACK
2026-03-16	laliga2	Albacete	Las Palmas	141	722	534	1392084	DATE_FALLBACK
2026-03-16	liga portugal 2	FC Porto B	Oliveirense	95	243	233	1398195	DATE_FALLBACK
2026-03-16	liga portugal 2	Torreense	Portimonense	95	4799	216	1398201	DATE_FALLBACK
2026-03-15	mls	San Jose Earthquakes	Seattle Sounders	253	1596	1595	1490164	DATE_FALLBACK
2026-03-15	primera división paraguay	Sportivo Ameliano	Club Guarani	250	10487	1174	1505014	DATE_FALLBACK
2026-03-16	superligaen	Ferencvarosi TC	Puskas Academy	271	651	2391	1380326	DATE_FALLBACK
2026-03-17	primera división paraguay	Club Sp. San Lorenzo	2 de Mayo	250	2125	2140	1505023	DATE_FALLBACK
2026-03-17	super league switzerland	FC ST. Gallen	FC Lugano	207	1011	606	1494574	DATE_FALLBACK
2026-03-17	super lig	Fenerbahçe	Gaziantep FK	203	611	3573	1394671	DATE_FALLBACK
2026-03-17	primera división paraguay	Olimpia	Sportivo Luqueno	250	1182	1183	1505021	DATE_FALLBACK
2026-03-18	primera división paraguay	Rubio NU	Cerro Porteno	250	1185	1176	1505022	DATE_FALLBACK
2026-03-18	primera división paraguay	Club Guarani	Deportivo Recoleta	250	1174	10476	1505019	DATE_FALLBACK
2026-03-18	primera división paraguay	Libertad Asuncion	Nacional Asuncion	250	1179	1175	1505020	DATE_FALLBACK
2026-03-19	primera división paraguay	Sportivo Trinidense	Sportivo Ameliano	250	1187	10487	1505024	DATE_FALLBACK
2026-03-20	laliga2	Huesca	Almeria	141	726	723	1392096	DATE_FALLBACK
2026-03-20	liga portugal	Estrela	Casa Pia	94	15130	4716	1396475	DATE_FALLBACK
2026-03-20	liga portugal 2	Chaves	União de Leiria	95	223	4662	1398204	DATE_FALLBACK
2026-03-20	superligaen	MTK Budapest	Paks	271	2396	2390	1380332	DATE_FALLBACK
2026-03-21	laliga2	Leganes	AD Ceuta FC	141	537	10139	1392105	DATE_FALLBACK
2026-03-21	laliga2	FC Andorra	Eibar	141	8157	545	1396979	DATE_FALLBACK
2026-03-21	laliga2	Racing Santander	Albacete	141	4665	722	1392103	DATE_FALLBACK
2026-03-21	laliga2	Cadiz	Malaga	141	724	535	1392101	DATE_FALLBACK
2026-03-21	laliga2	Deportivo La Coruna	Zaragoza	141	544	732	1392104	DATE_FALLBACK
2026-03-21	liga portugal	Famalicao	Nacional	94	242	225	1396476	DATE_FALLBACK
2026-03-21	liga portugal	Moreirense	Arouca	94	215	240	1396477	DATE_FALLBACK
2026-03-21	liga portugal	Benfica	Guimaraes	94	211	224	1396472	DATE_FALLBACK
2026-03-21	liga portugal	Santa Clara	GIL Vicente	94	227	762	1396478	DATE_FALLBACK
2026-03-21	liga portugal	Tondela	AVS	94	218	21595	1396479	DATE_FALLBACK
2026-03-21	liga portugal 2	Lusitânia Lourosa	Academico Viseu	95	6358	238	1398208	DATE_FALLBACK
2026-03-21	liga portugal 2	Penafiel	Vizela	95	235	810	1398210	DATE_FALLBACK
2026-03-21	liga portugal 2	Maritimo	Oliveirense	95	214	233	1398209	DATE_FALLBACK
2026-03-21	liga portugal 2	Portimonense	FC Porto B	95	216	243	1398211	DATE_FALLBACK
2026-03-21	mls	Toronto FC	Columbus Crew	253	1601	1613	1490165	DATE_FALLBACK
2026-03-21	mls	Philadelphia Union	Chicago Fire	253	1599	1607	1490166	DATE_FALLBACK
2026-03-21	mls	Nashville SC	Orlando City SC	253	9569	1598	1490167	DATE_FALLBACK
2026-03-21	primera división paraguay	Club Guarani	Olimpia	250	1174	1182	1505025	DATE_FALLBACK
2026-03-21	superligaen	Nyiregyhaza	Diosgyori VTK	271	2403	2393	1380333	DATE_FALLBACK
2026-03-21	superligaen	Zalaegerszegi TE	Ujpest	271	2414	2255	1380335	DATE_FALLBACK
2026-03-21	mls	Atlanta United FC	DC United	253	1608	1615	1490169	DATE_FALLBACK
2026-03-21	mls	Charlotte	New York Red Bulls	253	18310	1602	1490170	DATE_FALLBACK
2026-03-21	primera división paraguay	Libertad Asuncion	Cerro Porteno	250	1179	1176	1505026	DATE_FALLBACK
2026-03-22	laliga2	Burgos	Cordoba	141	9580	713	1392102	DATE_FALLBACK
2026-03-22	laliga2	Mirandes	Valladolid	141	799	720	1392097	DATE_FALLBACK
2026-03-22	laliga2	Real Sociedad II	Granada CF	141	9585	715	1392099	DATE_FALLBACK
2026-03-22	laliga2	Las Palmas	Sporting Gijon	141	534	731	1392095	DATE_FALLBACK
2026-03-22	liga portugal	Estoril	Rio Ave	94	230	226	1396474	DATE_FALLBACK
2026-03-22	liga portugal	Alverca	Sporting CP	94	4724	228	1396471	DATE_FALLBACK
2026-03-22	liga portugal	SC Braga	FC Porto	94	217	212	1396473	DATE_FALLBACK
2026-03-22	liga portugal 2	Felgueiras 1932	Torreense	95	4744	4799	1398206	DATE_FALLBACK
2026-03-22	liga portugal 2	Feirense	Sporting CP B	95	213	761	1398205	DATE_FALLBACK
2026-03-22	liga portugal 2	Leixoes	Pacos Ferreira	95	244	234	1398207	DATE_FALLBACK
2026-03-22	liga portugal 2	Benfica B	Farense	95	229	231	1398203	DATE_FALLBACK
2026-03-22	mls	FC Dallas	Houston Dynamo	253	1597	1600	1490172	DATE_FALLBACK
2026-03-22	mls	Sporting Kansas City	Colorado Rapids	253	1611	1610	1490173	DATE_FALLBACK
2026-03-22	mls	St. Louis City	New England Revolution	253	20787	1609	1490174	DATE_FALLBACK
2026-03-22	mls	Austin	Los Angeles FC	253	16489	1616	1490171	DATE_FALLBACK
2026-03-22	mls	Vancouver Whitecaps	San Jose Earthquakes	253	1603	1596	1490175	DATE_FALLBACK
2026-03-22	mls	FC Cincinnati	CF Montreal	253	2242	1614	1490168	DATE_FALLBACK
2026-03-22	mls	New York City FC	Inter Miami	253	1604	9568	1490176	DATE_FALLBACK
2026-03-22	mls	Minnesota United FC	Seattle Sounders	253	1612	1595	1490177	DATE_FALLBACK
2026-03-22	mls	Portland Timbers	Los Angeles Galaxy	253	1617	1605	1490178	DATE_FALLBACK
2026-03-22	primera división paraguay	Club Sp. San Lorenzo	Nacional Asuncion	250	2125	1175	1505028	DATE_FALLBACK
2026-03-22	superligaen	Puskas Academy	Debreceni VSC	271	2391	2392	1380334	DATE_FALLBACK
2026-03-22	superligaen	Kazincbarcikai	Gyori ETO FC	271	2410	2402	1380330	DATE_FALLBACK
2026-03-22	superligaen	Kisvarda FC	Ferencvarosi TC	271	2394	651	1380331	DATE_FALLBACK
2026-03-22	mls	San Diego	Real Salt Lake	253	25484	1606	1490179	DATE_FALLBACK
2026-03-22	primera división paraguay	Sportivo Luqueno	2 de Mayo	250	1183	2140	1505029	DATE_FALLBACK
2026-03-23	laliga2	Castellón	Cultural Leonesa	141	5254	725	1392098	DATE_FALLBACK
2026-03-23	primera división paraguay	Sportivo Trinidense	Deportivo Recoleta	250	1187	10476	1505030	DATE_FALLBACK
2026-03-23	primera división paraguay	Rubio NU	Sportivo Ameliano	250	1185	10487	1505027	DATE_FALLBACK
2026-03-26	international friendlies	Iceland U19	USA U18	10	10337	22342	1537174	DATE_FALLBACK
2026-03-26	international friendlies	Vietnam	Bangladesh	10	1542	1560	1536905	DATE_FALLBACK
2026-03-26	international friendlies	Qatar	Serbia	10	1569	14	1514460	DATE_FALLBACK
2026-03-26	international friendlies	Singapore	Faroe Islands	10	1546	1098	1526334	DATE_FALLBACK
2026-03-26	international friendlies	Kyrgyz Republic U23	Serbia U21	10	10941	8222	1537173	DATE_FALLBACK
2026-03-26	international friendlies	Moldova	Lithuania	10	1114	1097	1514459	DATE_FALLBACK
2026-03-26	international friendlies	United Arab Emirates	Armenia	10	1563	1094	1526335	DATE_FALLBACK
2026-03-26	international friendlies	Cyprus	Belarus	10	1106	1100	1507579	DATE_FALLBACK
2026-03-26	international friendlies	Georgia	Israel	10	1104	1116	1502469	DATE_FALLBACK
2026-03-26	international friendlies	Hungary U21	Israel U21	10	16500	8200	1536906	DATE_FALLBACK
2026-03-26	international friendlies	Brazil	France	10	6	2	1501815	DATE_FALLBACK
2026-03-26	uefa wc qualifiers	Türkiye	Romania	32	777	774	1487922	DATE_FALLBACK
2026-03-26	uefa wc qualifiers	Czech Republic	Rep. Of Ireland	32	770	776	1487923	DATE_FALLBACK
2026-03-26	uefa wc qualifiers	Denmark	FYR Macedonia	32	21	1105	1487924	DATE_FALLBACK
2026-03-26	uefa wc qualifiers	Italy	Northern Ireland	32	768	771	1487925	DATE_FALLBACK
2026-03-26	uefa wc qualifiers	Poland	Albania	32	24	778	1487926	DATE_FALLBACK
2026-03-26	uefa wc qualifiers	Slovakia	Kosovo	32	773	1111	1487927	DATE_FALLBACK
2026-03-26	uefa wc qualifiers	Ukraine	Sweden	32	772	5	1487928	DATE_FALLBACK
2026-03-26	uefa wc qualifiers	Wales	Bosnia & Herzegovina	32	767	1113	1487929	DATE_FALLBACK
2026-03-26	international friendlies	Colombia	Croatia	10	8	3	1512757	DATE_FALLBACK
2026-03-26	primera división paraguay	Deportivo Recoleta	Rubio NU	250	10476	1185	1505036	DATE_FALLBACK
2026-03-27	international friendlies	Japan U21	USA U21	10	23539	27072	1537172	DATE_FALLBACK
2026-03-27	international friendlies	Iran	Nigeria	10	22	19	1527854	DATE_FALLBACK
2026-03-27	international friendlies	Benin	Palestine	10	1516	1562	1528270	DATE_FALLBACK
2026-03-27	international friendlies	Kyrgyz Republic U23	Jordan U23	10	10941	10938	1537168	DATE_FALLBACK
2026-03-27	international friendlies	Liberia	Mauritania	10	1525	1491	1528272	DATE_FALLBACK
2026-03-27	international friendlies	Tunisia U20	Mauritania U20	10	11049	11038	1537171	DATE_FALLBACK
2026-03-27	international friendlies	Russia U21	Uzbekistan U23	10	8219	10963	1537170	DATE_FALLBACK
2026-03-27	international friendlies	Argentina U20	United States U20	10	10284	10306	1537169	DATE_FALLBACK
2026-03-27	international friendlies	Italy U20	England U20	10	10289	10309	1536908	DATE_FALLBACK
2026-03-27	international friendlies	Benin	Liberia	10	1516	1525	1537640	DATE_FALLBACK
2026-03-27	international friendlies	Guinea	Togo	10	1509	1534	1528271	DATE_FALLBACK
2026-03-27	international friendlies	Russia	Mali	10	4	1500	1525450	DATE_FALLBACK
2026-03-27	international friendlies	Slovakia U18	Serbia U18	10	21479	22437	1537167	DATE_FALLBACK
2026-03-27	international friendlies	Côte d'Ivoire U20	Tunisia U23	10	11026	20562	1537641	DATE_FALLBACK
2026-03-27	international friendlies	Kyrgyz Republic U20	Bosnia-Herzegovina U17	10	21058	17943	1537166	DATE_FALLBACK
2026-03-27	international friendlies	Mexico U20	Costa Rica U20	10	10293	10308	1537165	DATE_FALLBACK
2026-03-27	international friendlies	UAE U23	Oman U23	10	10184	10950	1537642	DATE_FALLBACK
2026-03-27	international friendlies	Russia	Nicaragua	10	4	5164	1536909	DATE_FALLBACK
2026-03-27	international friendlies	Algeria U23	Congo DR U23	10	10186	17121	1537643	DATE_FALLBACK
2026-03-27	international friendlies	Austria	Ghana	10	775	1504	1511731	DATE_FALLBACK
2026-03-27	international friendlies	Montenegro	Andorra	10	1109	1110	1527856	DATE_FALLBACK
2026-03-27	international friendlies	South Africa	Panama	10	1531	11	1527857	DATE_FALLBACK
2026-03-27	international friendlies	Jordan	Costa Rica	10	1548	29	1527855	DATE_FALLBACK
2026-03-27	international friendlies	Saudi Arabia	Egypt	10	23	32	1514461	DATE_FALLBACK
2026-03-27	international friendlies	Libya	Niger	10	1526	1505	1536907	DATE_FALLBACK
2026-03-27	international friendlies	Greece	Paraguay	10	1117	2380	1527858	DATE_FALLBACK
2026-03-27	international friendlies	Algeria	Guatemala	10	1532	5161	1527859	DATE_FALLBACK
2026-03-27	international friendlies	England	Uruguay	10	10	7	1502470	DATE_FALLBACK
2026-03-27	international friendlies	Netherlands	Norway	10	1118	1090	1503005	DATE_FALLBACK
2026-03-27	international friendlies	Switzerland	Germany	10	15	25	1502471	DATE_FALLBACK
2026-03-27	international friendlies	Spain	Serbia	10	9	14	1536910	DATE_FALLBACK
2026-03-27	international friendlies	Morocco	Ecuador	10	31	2382	1522229	DATE_FALLBACK
2026-03-27	laliga2	Cordoba	Mirandes	141	713	799	1392111	DATE_FALLBACK
2026-03-27	liga profesional argentina	Argentinos JRS	Lanus	128	458	446	1491893	DATE_FALLBACK
2026-03-27	primera división paraguay	Nacional Asuncion	Sportivo Luqueno	250	1175	1183	1505034	DATE_FALLBACK
2026-03-27	international friendlies	Argentina	Mauritania	10	26	1491	1536911	DATE_FALLBACK
2026-03-27	primera división paraguay	Sportivo Ameliano	Libertad Asuncion	250	10487	1179	1505031	DATE_FALLBACK
2026-03-27	international friendlies	Russia	Mali	10	4	1500	1525450	DATE_FALLBACK
2026-03-28	international friendlies	China PR U20	Australia U20	10	17262	21056	1537202	DATE_FALLBACK
2026-03-28	international friendlies	Thailand U23	Vietnam U23	10	10960	10964	1536912	DATE_FALLBACK
2026-03-28	international friendlies	Hungary U17	Moldova U17	10	12509	17965	1537644	DATE_FALLBACK
2026-03-28	international friendlies	Wales U19	USA U19	10	10353	25282	1537201	DATE_FALLBACK
2026-03-28	international friendlies	China PR U23	Korea DPR U23	10	10932	10939	1536913	DATE_FALLBACK
2026-03-28	international friendlies	England U18	Spain U18	10	21466	19074	1536914	DATE_FALLBACK
2026-03-28	international friendlies	Zambia U23	Malawi	10	20563	1495	1537200	DATE_FALLBACK
2026-03-28	international friendlies	India U23	Bhutan U23	10	10935	26079	1537199	DATE_FALLBACK
2026-03-28	international friendlies	Kyrgyzstan	Madagascar	10	1554	1490	1536915	DATE_FALLBACK
2026-03-28	international friendlies	Portugal U18	Iceland U19	10	19073	10337	1537198	DATE_FALLBACK
2026-03-28	international friendlies	San Marino	Faroe Islands	10	1115	1098	1536916	DATE_FALLBACK
2026-03-28	international friendlies	South Korea	Ivory Coast	10	17	1501	1527860	DATE_FALLBACK
2026-03-28	international friendlies	Botswana	Zimbabwe	10	1520	1522	1537197	DATE_FALLBACK
2026-03-28	international friendlies	Egypt U20	Algeria U20	10	11027	11017	1537645	DATE_FALLBACK
2026-03-28	international friendlies	Senegal	Peru	10	13	30	1527861	DATE_FALLBACK
2026-03-28	international friendlies	Canada	Iceland	10	5529	18	1512760	DATE_FALLBACK
2026-03-28	international friendlies	Hungary	Slovenia	10	769	1091	1514071	DATE_FALLBACK
2026-03-28	international friendlies	Scotland	Japan	10	1108	12	1511777	DATE_FALLBACK
2026-03-28	international friendlies	Burkina Faso	Guinea-Bissau	10	1502	1513	1537196	DATE_FALLBACK
2026-03-28	international friendlies	USA U18	Morocco U18	10	22342	19072	1537195	DATE_FALLBACK
2026-03-28	international friendlies	USA	Belgium	10	2384	1	1503003	DATE_FALLBACK
2026-03-28	international friendlies	Brazil U20	Paraguay U20	10	16200	16202	1537194	DATE_FALLBACK
2026-03-28	laliga2	AD Ceuta FC	Cadiz	141	10139	724	1392112	DATE_FALLBACK
2026-03-28	laliga2	Granada CF	Huesca	141	715	726	1392106	DATE_FALLBACK
2026-03-28	laliga2	Valladolid	Burgos	141	720	9580	1392116	DATE_FALLBACK
2026-03-28	laliga2	Malaga	Leganes	141	535	537	1392108	DATE_FALLBACK
2026-03-28	laliga2	Albacete	Castellón	141	722	5254	1392109	DATE_FALLBACK
2026-03-28	laliga2	Sporting Gijon	Deportivo La Coruna	141	731	544	1392115	DATE_FALLBACK
2026-03-27	primera división paraguay	Sportivo Ameliano	Libertad Asuncion	250	10487	1179	1505031	DATE_FALLBACK
2026-03-28	primera división paraguay	Olimpia	2 de Mayo	250	1182	2140	1505035	DATE_FALLBACK
2026-03-28	primera división paraguay	Cerro Porteno	Club Sp. San Lorenzo	250	1176	2125	1505032	DATE_FALLBACK
2026-03-27	international friendlies	Russia	Mali	10	4	1500	1525450	DATE_FALLBACK
2026-03-28	international friendlies	England U18	Spain U18	10	21466	19074	1536914	DATE_FALLBACK
2026-03-29	international friendlies	Haiti	Tunisia	10	2386	28	1512761	DATE_FALLBACK
2026-03-29	international friendlies	Mexico	Portugal	10	16	27	1514464	DATE_FALLBACK
2026-03-29	international friendlies	Armenia	Belarus	10	1094	1100	1514832	DATE_FALLBACK
2026-03-29	international friendlies	Lithuania	Georgia	10	1097	1104	1502472	DATE_FALLBACK
2026-03-29	international friendlies	Colombia	France	10	8	2	1514465	DATE_FALLBACK
2026-03-29	laliga2	Eibar	Las Palmas	141	545	534	1392107	DATE_FALLBACK
2026-03-29	laliga2	Cultural Leonesa	FC Andorra	141	725	8157	1396980	DATE_FALLBACK
2026-03-29	laliga2	Zaragoza	Racing Santander	141	732	4665	1392110	DATE_FALLBACK
2026-03-29	laliga2	Almeria	Real Sociedad II	141	723	9585	1392114	DATE_FALLBACK
2026-03-29	liga portugal 2	União de Leiria	Pacos Ferreira	95	4662	234	1398144	DATE_FALLBACK
2026-03-29	primera división paraguay	Club Guarani	Sportivo Trinidense	250	1174	1187	1505033	DATE_FALLBACK
2026-03-27	international friendlies	Russia	Mali	10	4	1500	1525450	DATE_FALLBACK
2026-03-28	international friendlies	England U18	Spain U18	10	21466	19074	1536914	DATE_FALLBACK
2026-03-30	international friendlies	Slovakia U18	Serbia U18	10	21479	22437	1537191	DATE_FALLBACK
2026-03-30	international friendlies	Uzbekistan U19	Japan U19	10	26531	18982	1537192	DATE_FALLBACK
2026-03-30	international friendlies	Russia U21	Jordan U23	10	8219	10938	1537190	DATE_FALLBACK
2026-03-30	international friendlies	United Arab Emirates	Faroe Islands	10	1563	1098	1528273	DATE_FALLBACK
2026-03-30	international friendlies	Albania U21	Uzbekistan U23	10	8177	10963	1537189	DATE_FALLBACK
2026-03-30	international friendlies	Tunisia U20	Mauritania U20	10	11049	11038	1537188	DATE_FALLBACK
2026-03-30	international friendlies	Kyrgyz Republic U20	Bosnia-Herzegovina U17	10	21058	17943	1537187	DATE_FALLBACK
2026-03-30	international friendlies	Mexico U20	Costa Rica U20	10	10293	10308	1537186	DATE_FALLBACK
2026-03-30	international friendlies	Cyprus	Moldova	10	1106	1114	1507580	DATE_FALLBACK
2026-03-30	international friendlies	Netherlands U21	Belgium U21	10	8211	8183	1514833	DATE_FALLBACK
2026-03-30	international friendlies	Germany	Ghana	10	25	1504	1501816	DATE_FALLBACK
2026-03-31	international friendlies	Korea DPR U23	Thailand U23	10	10939	10960	1536917	DATE_FALLBACK
2026-03-31	international friendlies	Equatorial Guinea	Madagascar	10	1521	1490	1537181	DATE_FALLBACK
2026-03-31	international friendlies	India U17	Korea Republic U17	10	20528	12512	1539015	DATE_FALLBACK
2026-03-31	international friendlies	China PR U20	Australia U20	10	17262	21056	1537185	DATE_FALLBACK
2026-03-31	international friendlies	China PR U23	Vietnam U23	10	10932	10964	1536918	DATE_FALLBACK
2026-03-31	international friendlies	Morocco U18	Iceland U19	10	19072	10337	1537184	DATE_FALLBACK
2026-03-31	international friendlies	Palestine	Mauritania	10	1562	1491	1536920	DATE_FALLBACK
2026-03-31	international friendlies	Qatar	Argentina	10	1569	26	1514470	DATE_FALLBACK
2026-03-31	international friendlies	Botswana	Malawi	10	1520	1495	1538303	DATE_FALLBACK
2026-03-31	international friendlies	Costa Rica	Iran	10	29	22	1527862	DATE_FALLBACK
2026-03-31	international friendlies	Egypt U20	Algeria U20	10	11027	11017	1538305	DATE_FALLBACK
2026-03-31	international friendlies	Portugal U18	USA U18	10	19073	22342	1537182	DATE_FALLBACK
2026-03-31	international friendlies	India U23	Tajikistan U23	10	10935	10959	1537183	DATE_FALLBACK
2026-03-31	international friendlies	UAE U23	Oman U23	10	10184	10950	1537642	DATE_FALLBACK
2026-03-31	international friendlies	Chile U20	Peru U20	10	16201	16203	1538304	DATE_FALLBACK
2026-03-31	international friendlies	Croatia U18	England U18	10	22340	21466	1536921	DATE_FALLBACK
2026-03-31	international friendlies	Liberia	Libya	10	1525	1526	1528275	DATE_FALLBACK
2026-03-31	international friendlies	Niger	Togo	10	1505	1534	1536919	DATE_FALLBACK
2026-03-31	international friendlies	Montenegro	Slovenia	10	1109	1091	1514469	DATE_FALLBACK
2026-03-31	international friendlies	Norway	Switzerland	10	1090	15	1503006	DATE_FALLBACK
2026-03-31	international friendlies	San Marino	Andorra	10	1115	1110	1527864	DATE_FALLBACK
2026-03-31	international friendlies	Serbia	Saudi Arabia	10	14	23	1514468	DATE_FALLBACK
2026-03-31	international friendlies	Zimbabwe	Zambia U23	10	1522	20563	1538306	DATE_FALLBACK
2026-03-31	international friendlies	Hungary	Greece	10	769	1117	1514072	DATE_FALLBACK
2026-03-31	international friendlies	Russia	Mali	10	4	1500	1536922	DATE_FALLBACK
2026-03-31	international friendlies	Haiti	Iceland	10	2386	18	1512764	DATE_FALLBACK
2026-03-31	international friendlies	Jordan	Nigeria	10	1548	19	1527863	DATE_FALLBACK
2026-03-31	international friendlies	South Africa	Panama	10	1531	11	1528276	DATE_FALLBACK
2026-03-31	international friendlies	Guinea	Benin	10	1509	1516	1528274	DATE_FALLBACK
2026-03-31	international friendlies	Morocco	Paraguay	10	31	2380	1522230	DATE_FALLBACK
2026-03-31	international friendlies	Peru	Honduras	10	30	4672	1528277	DATE_FALLBACK
2026-03-31	international friendlies	Algeria	Uruguay	10	1532	7	1528280	DATE_FALLBACK
2026-03-31	international friendlies	Scotland	Ivory Coast	10	1108	1501	1528278	DATE_FALLBACK
2026-03-31	international friendlies	Austria	South Korea	10	775	17	1511732	DATE_FALLBACK
2026-03-31	international friendlies	England	Japan	10	10	12	1502473	DATE_FALLBACK
2026-03-31	international friendlies	Netherlands	Ecuador	10	1118	2382	1503007	DATE_FALLBACK
2026-03-31	international friendlies	Rep. Of Ireland	FYR Macedonia	10	776	1105	1538307	DATE_FALLBACK
2026-03-31	international friendlies	Slovakia	Romania	10	773	774	1538308	DATE_FALLBACK
2026-03-31	international friendlies	Ukraine	Albania	10	772	778	1537646	DATE_FALLBACK
2026-03-31	international friendlies	Wales	Northern Ireland	10	767	771	1538309	DATE_FALLBACK
2026-03-31	international friendlies	Brazil U20	Paraguay U20	10	16200	16202	1537180	DATE_FALLBACK
2026-03-31	international friendlies	Burkina Faso	Guinea-Bissau	10	1502	1513	1537179	DATE_FALLBACK
2026-03-31	international friendlies	Senegal	Gambia	10	13	1492	1528279	DATE_FALLBACK
2026-03-31	international friendlies	Spain	Egypt	10	9	32	1511778	DATE_FALLBACK
2026-03-31	laliga2	Mirandes	Albacete	141	799	722	1392124	DATE_FALLBACK
2026-03-31	laliga2	Deportivo La Coruna	Cordoba	141	544	713	1392121	DATE_FALLBACK
2026-03-31	laliga2	Valladolid	Cadiz	141	720	724	1392122	DATE_FALLBACK
2026-03-30	primera división paraguay	Libertad Asuncion	Deportivo Recoleta	250	1179	10476	1505038	DATE_FALLBACK
2026-03-31	primera división paraguay	2 de Mayo	Nacional Asuncion	250	2140	1175	1505037	DATE_FALLBACK
2026-03-31	uefa wc qualifiers	Bosnia & Herzegovina	Italy	32	1113	768	1537578	DATE_FALLBACK
2026-03-31	uefa wc qualifiers	Czech Republic	Denmark	32	770	21	1537579	DATE_FALLBACK
2026-03-31	uefa wc qualifiers	Kosovo	Türkiye	32	1111	777	1537580	DATE_FALLBACK
2026-03-31	uefa wc qualifiers	Sweden	Poland	32	5	24	1537581	DATE_FALLBACK
2026-03-27	international friendlies	Russia	Mali	10	4	1500	1525450	DATE_FALLBACK
2026-03-28	international friendlies	England U18	Spain U18	10	21466	19074	1536914	DATE_FALLBACK
2026-03-31	international friendlies	Korea Republic U23	USA U21	10	10177	27072	1539014	DATE_FALLBACK
2026-03-31	international friendlies	Croatia U18	England U18	10	22340	21466	1536921	DATE_FALLBACK
2026-03-31	international friendlies	USA	Portugal	10	2384	27	1503004	DATE_FALLBACK
2026-03-31	international friendlies	Argentina	Zambia	10	26	1507	1536923	DATE_FALLBACK
2026-03-31	international friendlies	Canada	Tunisia	10	5529	28	1512765	DATE_FALLBACK
2026-04-01	international friendlies	Brazil	Croatia	10	6	3	1501817	DATE_FALLBACK
2026-04-01	international friendlies	Mexico	Belgium	10	16	1	1514471	DATE_FALLBACK
2026-04-01	laliga2	FC Andorra	Malaga	141	8157	535	1396981	DATE_FALLBACK
2026-04-01	laliga2	Burgos	AD Ceuta FC	141	9580	10139	1392125	DATE_FALLBACK
2026-04-01	laliga2	Huesca	Cultural Leonesa	141	726	725	1392127	DATE_FALLBACK
2026-04-01	laliga2	Racing Santander	Sporting Gijon	141	4665	731	1392120	DATE_FALLBACK
2026-03-31	primera división paraguay	Club Sp. San Lorenzo	Sportivo Ameliano	250	2125	10487	1505040	DATE_FALLBACK
2026-03-31	primera división paraguay	Sportivo Luqueno	Cerro Porteno	250	1183	1176	1505041	DATE_FALLBACK
2026-04-01	primera división paraguay	Rubio NU	Club Guarani	250	1185	1174	1505039	DATE_FALLBACK
2026-03-27	international friendlies	Russia	Mali	10	4	1500	1525450	DATE_FALLBACK
2026-03-28	international friendlies	England U18	Spain U18	10	21466	19074	1536914	DATE_FALLBACK
2026-03-31	international friendlies	Croatia U18	England U18	10	22340	21466	1536921	DATE_FALLBACK
2026-04-02	laliga2	Las Palmas	Granada CF	141	534	715	1392123	DATE_FALLBACK
2026-04-02	laliga2	Castellón	Almeria	141	5254	723	1392117	DATE_FALLBACK
2026-04-02	laliga2	Real Sociedad II	Eibar	141	9585	545	1392118	DATE_FALLBACK
2026-04-02	laliga2	Leganes	Zaragoza	141	537	732	1392119	DATE_FALLBACK
2026-04-01	primera división paraguay	Sportivo Trinidense	Olimpia	250	1187	1182	1505042	DATE_FALLBACK
2026-03-27	international friendlies	Russia	Mali	10	4	1500	1525450	DATE_FALLBACK
2026-03-28	international friendlies	England U18	Spain U18	10	21466	19074	1536914	DATE_FALLBACK
2026-03-31	international friendlies	Croatia U18	England U18	10	22340	21466	1536921	DATE_FALLBACK
2026-03-27	international friendlies	Russia	Mali	10	4	1500	1525450	DATE_FALLBACK
2026-03-28	international friendlies	England U18	Spain U18	10	21466	19074	1536914	DATE_FALLBACK
2026-03-31	international friendlies	Croatia U18	England U18	10	22340	21466	1536921	DATE_FALLBACK
2026-04-03	liga portugal	GIL Vicente	AVS	94	762	21595	1396483	DATE_FALLBACK
2026-04-03	liga portugal	Guimaraes	Tondela	94	224	218	1396488	DATE_FALLBACK
2026-04-03	liga portugal	Sporting CP	Santa Clara	94	228	227	1396487	DATE_FALLBACK
2026-04-03	liga portugal 2	Oliveirense	Portimonense	95	233	216	1398215	DATE_FALLBACK
2026-04-03	saudi arabia	Al Kholood	Al Khaleej Saihat	307	10509	2928	1436151	DATE_FALLBACK
2026-04-03	saudi arabia	Al-Ittihad FC	Al-Hazm	307	2938	2945	1436147	DATE_FALLBACK
2026-04-03	saudi arabia	Al-Nassr	Al Najma	307	2939	2992	1436154	DATE_FALLBACK
2026-03-27	international friendlies	Russia	Mali	10	4	1500	1525450	DATE_FALLBACK
2026-03-28	international friendlies	England U18	Spain U18	10	21466	19074	1536914	DATE_FALLBACK
2026-03-31	international friendlies	Croatia U18	England U18	10	22340	21466	1536921	DATE_FALLBACK
2026-04-04	czech first league	Dukla Praha	Pardubice	345	3715	3724	1384867	DATE_FALLBACK
2026-04-04	czech first league	Sigma Olomouc	Mlada Boleslav	345	2250	640	1384872	DATE_FALLBACK
2026-04-04	czech first league	Slovan Liberec	Slovácko	345	782	3719	1384869	DATE_FALLBACK
2026-04-04	czech first league	Zlin	FK Jablonec	345	603	1122	1384874	DATE_FALLBACK
2026-04-04	czech first league	Plzen	Teplice	345	567	3720	1384871	DATE_FALLBACK
2026-04-04	laliga2	Cadiz	Cordoba	141	724	713	1392130	DATE_FALLBACK
2026-04-04	laliga2	Albacete	Burgos	141	722	9580	1392137	DATE_FALLBACK
2026-04-04	laliga2	Cultural Leonesa	Valladolid	141	725	720	1392138	DATE_FALLBACK
2026-04-04	laliga2	Deportivo La Coruna	Malaga	141	544	535	1392132	DATE_FALLBACK
2026-04-04	liga portugal	Nacional	Estrela	94	225	15130	1396485	DATE_FALLBACK
2026-04-04	liga portugal	Moreirense	SC Braga	94	215	217	1396484	DATE_FALLBACK
2026-04-04	liga portugal	Rio Ave	Alverca	94	226	4724	1396486	DATE_FALLBACK
2026-04-04	liga portugal	FC Porto	Famalicao	94	212	242	1396482	DATE_FALLBACK
2026-04-04	liga portugal 2	Farense	Feirense	95	231	213	1398217	DATE_FALLBACK
2026-04-04	liga portugal 2	Sporting CP B	Penafiel	95	761	235	1398218	DATE_FALLBACK
2026-04-04	liga portugal 2	Pacos Ferreira	Maritimo	95	234	214	1398216	DATE_FALLBACK
2026-04-04	liga portugal 2	Academico Viseu	Felgueiras 1932	95	238	4744	1398212	DATE_FALLBACK
2026-04-04	mls	Toronto FC	Colorado Rapids	253	1601	1610	1490180	DATE_FALLBACK
2026-04-04	mls	New England Revolution	CF Montreal	253	1609	1614	1490181	DATE_FALLBACK
2026-04-04	mls	Real Salt Lake	Sporting Kansas City	253	1606	1611	1490182	DATE_FALLBACK
2026-04-04	primera división paraguay	Olimpia	Nacional Asuncion	250	1182	1175	1505046	DATE_FALLBACK
2026-04-04	saudi arabia	Al-Ahli Jeddah	Damac	307	2929	2956	1436148	DATE_FALLBACK
2026-04-04	saudi arabia	NEOM	Al-Fayha	307	10513	2944	1436152	DATE_FALLBACK
2026-04-04	saudi arabia	Al-Hilal Saudi FC	Al Taawon	307	2932	2936	1436153	DATE_FALLBACK
2026-04-04	superligaen	Zalaegerszegi TE	Kisvarda FC	271	2414	2394	1380341	DATE_FALLBACK
2026-04-04	superligaen	Paks	Kazincbarcikai	271	2390	2410	1380339	DATE_FALLBACK
2026-04-04	superligaen	Ujpest	MTK Budapest	271	2255	2396	1380340	DATE_FALLBACK
2026-04-04	mls	Atlanta United FC	Columbus Crew	253	1608	1613	1490184	DATE_FALLBACK
2026-04-04	mls	Charlotte	Philadelphia Union	253	18310	1599	1490186	DATE_FALLBACK
2026-04-04	mls	DC United	FC Dallas	253	1615	1597	1490188	DATE_FALLBACK
2026-04-04	mls	Inter Miami	Austin	253	9568	16489	1490183	DATE_FALLBACK
2026-04-04	mls	New York City FC	St. Louis City	253	1604	20787	1490187	DATE_FALLBACK
2026-04-04	mls	New York Red Bulls	FC Cincinnati	253	1602	2242	1490185	DATE_FALLBACK
2026-04-04	primera división paraguay	Cerro Porteno	2 de Mayo	250	1176	2140	1505044	DATE_FALLBACK
2026-04-04	primera división paraguay	Deportivo Recoleta	Club Sp. San Lorenzo	250	10476	2125	1505047	DATE_FALLBACK
2026-03-27	international friendlies	Russia	Mali	10	4	1500	1525450	DATE_FALLBACK
2026-03-28	international friendlies	England U18	Spain U18	10	21466	19074	1536914	DATE_FALLBACK
2026-03-31	international friendlies	Croatia U18	England U18	10	22340	21466	1536921	DATE_FALLBACK
2026-04-05	czech first league	Hradec Králové	Bohemians 1905	345	3723	3714	1384868	DATE_FALLBACK
2026-04-05	czech first league	Baník Ostrava	Slavia Praha	345	3713	560	1384870	DATE_FALLBACK
2026-04-05	czech first league	Sparta Praha	Karviná	345	628	3716	1384873	DATE_FALLBACK
2026-04-05	laliga2	Eibar	AD Ceuta FC	141	545	10139	1392131	DATE_FALLBACK
2026-04-05	laliga2	FC Andorra	Racing Santander	141	8157	4665	1396982	DATE_FALLBACK
2026-04-05	laliga2	Almeria	Leganes	141	723	537	1392136	DATE_FALLBACK
2026-04-05	laliga2	Las Palmas	Huesca	141	534	726	1392134	DATE_FALLBACK
2026-04-05	laliga2	Zaragoza	Mirandes	141	732	799	1392133	DATE_FALLBACK
2026-04-05	liga portugal 2	União de Leiria	Lusitânia Lourosa	95	4662	6358	1398214	DATE_FALLBACK
2026-04-04	mls	Atlanta United FC	Columbus Crew	253	1608	1613	1490184	DATE_FALLBACK
2026-04-04	mls	Charlotte	Philadelphia Union	253	18310	1599	1490186	DATE_FALLBACK
2026-04-04	mls	DC United	FC Dallas	253	1615	1597	1490188	DATE_FALLBACK
2026-04-04	mls	Inter Miami	Austin	253	9568	16489	1490183	DATE_FALLBACK
2026-04-04	mls	New York City FC	St. Louis City	253	1604	20787	1490187	DATE_FALLBACK
2026-04-04	mls	New York Red Bulls	FC Cincinnati	253	1602	2242	1490185	DATE_FALLBACK
2026-04-05	mls	Chicago Fire	Nashville SC	253	1607	9569	1490190	DATE_FALLBACK
2026-04-05	mls	Houston Dynamo	Seattle Sounders	253	1600	1595	1490189	DATE_FALLBACK
2026-04-05	mls	Los Angeles FC	Orlando City SC	253	1616	1598	1490191	DATE_FALLBACK
2026-04-05	mls	Los Angeles Galaxy	Minnesota United FC	253	1605	1612	1490192	DATE_FALLBACK
2026-04-05	mls	San Jose Earthquakes	San Diego	253	1596	25484	1490194	DATE_FALLBACK
2026-04-05	mls	Vancouver Whitecaps	Portland Timbers	253	1603	1617	1490193	DATE_FALLBACK
2026-04-04	primera división paraguay	Cerro Porteno	2 de Mayo	250	1176	2140	1505044	DATE_FALLBACK
2026-04-04	primera división paraguay	Deportivo Recoleta	Club Sp. San Lorenzo	250	10476	2125	1505047	DATE_FALLBACK
2026-04-05	primera división paraguay	Sportivo Ameliano	Sportivo Luqueno	250	10487	1183	1505043	DATE_FALLBACK
2026-04-05	saudi arabia	Al Okhdood	Al-Fateh	307	2977	2931	1436149	DATE_FALLBACK
2026-04-05	saudi arabia	Al Riyadh	Al Shabab	307	10511	2940	1436155	DATE_FALLBACK
2026-04-05	saudi arabia	Al-Ettifaq	Al-Qadisiyah FC	307	2934	2933	1436150	DATE_FALLBACK
2026-04-05	superligaen	Diosgyori VTK	Puskas Academy	271	2393	2391	1380337	DATE_FALLBACK
2026-04-05	superligaen	Debreceni VSC	Ferencvarosi TC	271	2392	651	1380336	DATE_FALLBACK
2026-04-05	superligaen	Gyori ETO FC	Nyiregyhaza	271	2402	2403	1380338	DATE_FALLBACK
2026-04-05	primera división paraguay	Club Guarani	Libertad Asuncion	250	1174	1179	1505045	DATE_FALLBACK
2026-03-27	international friendlies	Russia	Mali	10	4	1500	1525450	DATE_FALLBACK
2026-03-28	international friendlies	England U18	Spain U18	10	21466	19074	1536914	DATE_FALLBACK
2026-03-31	international friendlies	Croatia U18	England U18	10	22340	21466	1536921	DATE_FALLBACK
2026-04-06	laliga2	Castellón	Granada CF	141	5254	715	1392129	DATE_FALLBACK
2026-04-06	laliga2	Sporting Gijon	Real Sociedad II	141	731	9585	1392128	DATE_FALLBACK
2026-04-06	liga portugal	Arouca	Estoril	94	240	230	1396480	DATE_FALLBACK
2026-04-06	liga portugal	Casa Pia	Benfica	94	4716	211	1396481	DATE_FALLBACK
2026-04-06	liga portugal 2	FC Porto B	Chaves	95	243	223	1398213	DATE_FALLBACK
2026-04-06	liga portugal 2	Torreense	Leixoes	95	4799	244	1398219	DATE_FALLBACK
2026-04-05	primera división paraguay	Club Guarani	Libertad Asuncion	250	1174	1179	1505045	DATE_FALLBACK
2026-04-06	primera división paraguay	Sportivo Trinidense	Rubio NU	250	1187	1185	1505048	DATE_FALLBACK
2026-03-27	international friendlies	Russia	Mali	10	4	1500	1525450	DATE_FALLBACK
2026-03-28	international friendlies	England U18	Spain U18	10	21466	19074	1536914	DATE_FALLBACK
2026-03-31	international friendlies	Croatia U18	England U18	10	22340	21466	1536921	DATE_FALLBACK
2026-04-07	liga portugal 2	Vizela	Benfica B	95	810	229	1398220	DATE_FALLBACK
2026-04-07	primera a colombia	Águilas Doradas	Bucaramanga	239	1144	1131	1505990	DATE_FALLBACK
2026-04-06	primera división paraguay	Sportivo Trinidense	Rubio NU	250	1187	1185	1505048	DATE_FALLBACK
2026-03-27	international friendlies	Russia	Mali	10	4	1500	1525450	DATE_FALLBACK
2026-03-28	international friendlies	England U18	Spain U18	10	21466	19074	1536914	DATE_FALLBACK
2026-03-31	international friendlies	Croatia U18	England U18	10	22340	21466	1536921	DATE_FALLBACK
2026-04-08	liga mx	Club Queretaro	FC Juarez	262	2290	2298	1492524	DATE_FALLBACK
2026-04-08	saudi arabia	Al-Fayha	Al-Ahli Jeddah	307	2944	2929	1436171	DATE_FALLBACK
2026-04-08	saudi arabia	Al-Hilal Saudi FC	Al Kholood	307	2932	10509	1436167	DATE_FALLBACK
2026-04-08	saudi arabia	Al-Ittihad FC	NEOM	307	2938	10513	1436169	DATE_FALLBACK
2026-04-08	super lig	Göztepe	Galatasaray	203	994	645	1394672	DATE_FALLBACK
2026-03-27	international friendlies	Russia	Mali	10	4	1500	1525450	DATE_FALLBACK
2026-03-28	international friendlies	England U18	Spain U18	10	21466	19074	1536914	DATE_FALLBACK
2026-03-31	international friendlies	Croatia U18	England U18	10	22340	21466	1536921	DATE_FALLBACK
2026-04-09	liga pro ecuador	Universidad Catolica	Emelec	242	1157	1148	1519263	DATE_FALLBACK
2026-04-09	saudi arabia	Damac	Al-Qadisiyah FC	307	2956	2933	1436159	DATE_FALLBACK
2026-04-09	saudi arabia	Al-Ettifaq	Al Riyadh	307	2934	10511	1436163	DATE_FALLBACK
2026-04-09	super lig	Rizespor	Samsunspor	203	1007	3603	1394675	DATE_FALLBACK
2026-03-27	international friendlies	Russia	Mali	10	4	1500	1525450	DATE_FALLBACK
2026-03-28	international friendlies	England U18	Spain U18	10	21466	19074	1536914	DATE_FALLBACK
2026-03-31	international friendlies	Croatia U18	England U18	10	22340	21466	1536921	DATE_FALLBACK
2026-04-10	laliga2	AD Ceuta FC	Real Sociedad II	141	10139	9585	1392139	DATE_FALLBACK
2026-04-10	liga portugal	Famalicao	Moreirense	94	242	215	1396495	DATE_FALLBACK
2026-04-10	liga portugal 2	Felgueiras 1932	Pacos Ferreira	95	4744	234	1398224	DATE_FALLBACK
2026-04-10	primera división paraguay	2 de Mayo	Sportivo Ameliano	250	2140	10487	1505049	DATE_FALLBACK
2026-04-10	saudi arabia	Al Shabab	Al-Ittihad FC	307	2940	2938	1436160	DATE_FALLBACK
2026-04-10	superligaen	Puskas Academy	Gyori ETO FC	271	2391	2402	1380347	DATE_FALLBACK
2026-04-10	superligaen	Ferencvarosi TC	Diosgyori VTK	271	651	2393	1380342	DATE_FALLBACK
2026-04-10	primera división paraguay	Club Sp. San Lorenzo	Club Guarani	250	2125	1174	1505053	DATE_FALLBACK
2026-03-27	international friendlies	Russia	Mali	10	4	1500	1525450	DATE_FALLBACK
2026-03-28	international friendlies	England U18	Spain U18	10	21466	19074	1536914	DATE_FALLBACK
2026-03-31	international friendlies	Croatia U18	England U18	10	22340	21466	1536921	DATE_FALLBACK
2026-04-11	czech first league	Bohemians 1905	Zlin	345	3714	603	1384875	DATE_FALLBACK
2026-04-11	czech first league	FK Jablonec	Baník Ostrava	345	1122	3713	1384877	DATE_FALLBACK
2026-04-11	czech first league	Slovácko	Hradec Králové	345	3719	3723	1384881	DATE_FALLBACK
2026-04-11	laliga2	Burgos	Sporting Gijon	141	9580	731	1392142	DATE_FALLBACK
2026-04-11	laliga2	Leganes	Albacete	141	537	722	1392146	DATE_FALLBACK
2026-04-11	laliga2	Malaga	Las Palmas	141	535	534	1392140	DATE_FALLBACK
2026-04-11	laliga2	Cordoba	Zaragoza	141	713	732	1392144	DATE_FALLBACK
2026-04-11	liga portugal	AVS	Guimaraes	94	21595	224	1396489	DATE_FALLBACK
2026-04-11	liga portugal	Santa Clara	Rio Ave	94	227	226	1396496	DATE_FALLBACK
2026-04-11	liga portugal	Estrela	Sporting CP	94	15130	228	1396494	DATE_FALLBACK
2026-04-11	liga portugal 2	Penafiel	Academico Viseu	95	235	238	1398228	DATE_FALLBACK
2026-04-11	liga portugal 2	Farense	Sporting CP B	95	231	761	1398229	DATE_FALLBACK
2026-04-11	liga portugal 2	Benfica B	União de Leiria	95	229	4662	1398221	DATE_FALLBACK
2026-04-11	liga portugal 2	Chaves	Torreense	95	223	4799	1398222	DATE_FALLBACK
2026-04-11	mls	Toronto FC	FC Cincinnati	253	1601	2242	1490196	DATE_FALLBACK
2026-04-11	mls	Austin	Los Angeles Galaxy	253	16489	1605	1490195	DATE_FALLBACK
2026-04-11	mls	CF Montreal	Philadelphia Union	253	1614	1599	1490197	DATE_FALLBACK
2026-04-11	mls	Portland Timbers	Los Angeles FC	253	1617	1616	1490198	DATE_FALLBACK
2026-04-11	primera división paraguay	Sportivo Luqueno	Deportivo Recoleta	250	1183	10476	1505054	DATE_FALLBACK
2026-04-11	saudi arabia	Al Khaleej Saihat	Al-Hilal Saudi FC	307	2928	2932	1436164	DATE_FALLBACK
2026-04-11	saudi arabia	Al Najma	NEOM	307	2992	10513	1436158	DATE_FALLBACK
2026-04-11	saudi arabia	Al Taawon	Al Kholood	307	2936	10509	1436161	DATE_FALLBACK
2026-04-11	saudi arabia	Al-Hazm	Al-Fayha	307	2945	2944	1436157	DATE_FALLBACK
2026-04-11	saudi arabia	Al-Ahli Jeddah	Al-Fateh	307	2929	2931	1436156	DATE_FALLBACK
2026-04-11	saudi arabia	Al Okhdood	Al-Nassr	307	2977	2939	1436162	DATE_FALLBACK
2026-04-11	superligaen	Kazincbarcikai	Ujpest	271	2410	2255	1380343	DATE_FALLBACK
2026-04-11	superligaen	MTK Budapest	Zalaegerszegi TE	271	2396	2414	1380345	DATE_FALLBACK
2026-04-11	superligaen	Nyiregyhaza	Paks	271	2403	2390	1380346	DATE_FALLBACK
2026-04-11	mls	Charlotte	Nashville SC	253	18310	9569	1490201	DATE_FALLBACK
2026-04-11	mls	Inter Miami	New York Red Bulls	253	9568	1602	1490199	DATE_FALLBACK
2026-04-11	mls	New England Revolution	DC United	253	1609	1615	1490202	DATE_FALLBACK
2026-04-11	mls	Vancouver Whitecaps	New York City FC	253	1603	1604	1490200	DATE_FALLBACK
2026-04-11	primera división paraguay	Nacional Asuncion	Cerro Porteno	250	1175	1176	1505051	DATE_FALLBACK
2026-03-27	international friendlies	Russia	Mali	10	4	1500	1525450	DATE_FALLBACK
2026-03-28	international friendlies	England U18	Spain U18	10	21466	19074	1536914	DATE_FALLBACK
2026-03-31	international friendlies	Croatia U18	England U18	10	22340	21466	1536921	DATE_FALLBACK
2026-04-12	czech first league	Karviná	Slovan Liberec	345	3716	782	1384878	DATE_FALLBACK
2026-04-12	czech first league	Mlada Boleslav	Dukla Praha	345	640	3715	1384879	DATE_FALLBACK
2026-04-12	czech first league	Pardubice	Sigma Olomouc	345	3724	2250	1384876	DATE_FALLBACK
2026-04-12	czech first league	Teplice	Sparta Praha	345	3720	628	1384882	DATE_FALLBACK
2026-04-12	czech first league	Slavia Praha	Plzen	345	560	567	1384880	DATE_FALLBACK
2026-04-12	laliga2	Granada CF	Cultural Leonesa	141	715	725	1392147	DATE_FALLBACK
2026-04-12	laliga2	Huesca	Deportivo La Coruna	141	726	544	1392141	DATE_FALLBACK
2026-04-12	laliga2	Cadiz	FC Andorra	141	724	8157	1396983	DATE_FALLBACK
2026-04-12	laliga2	Mirandes	Castellón	141	799	5254	1392143	DATE_FALLBACK
2026-04-12	laliga2	Racing Santander	Almeria	141	4665	723	1392145	DATE_FALLBACK
2026-04-12	liga portugal	Alverca	Casa Pia	94	4724	4716	1396490	DATE_FALLBACK
2026-04-12	liga portugal	Benfica	Nacional	94	211	225	1396491	DATE_FALLBACK
2026-04-12	liga portugal	SC Braga	Arouca	94	217	240	1396492	DATE_FALLBACK
2026-04-12	liga portugal	Estoril	FC Porto	94	230	212	1396493	DATE_FALLBACK
2026-04-12	liga portugal 2	Feirense	Vizela	95	213	810	1398223	DATE_FALLBACK
2026-04-12	liga portugal 2	Maritimo	Portimonense	95	214	216	1398227	DATE_FALLBACK
2026-04-12	liga portugal 2	Leixoes	Oliveirense	95	244	233	1398225	DATE_FALLBACK
2026-04-12	mls	Chicago Fire	Atlanta United FC	253	1607	1608	1490203	DATE_FALLBACK
2026-04-12	mls	FC Dallas	St. Louis City	253	1597	20787	1490204	DATE_FALLBACK
2026-04-12	mls	Sporting Kansas City	San Jose Earthquakes	253	1611	1596	1490205	DATE_FALLBACK
2026-04-12	mls	Colorado Rapids	Houston Dynamo	253	1610	1600	1490206	DATE_FALLBACK
2026-04-12	mls	San Diego	Minnesota United FC	253	25484	1612	1490207	DATE_FALLBACK
2026-04-12	primera división paraguay	Rubio NU	Olimpia	250	1185	1182	1505052	DATE_FALLBACK
2026-04-12	mls	Columbus Crew	Orlando City SC	253	1613	1598	1490208	DATE_FALLBACK
2026-04-12	primera división paraguay	Libertad Asuncion	Sportivo Trinidense	250	1179	1187	1505050	DATE_FALLBACK
2026-03-27	international friendlies	Russia	Mali	10	4	1500	1525450	DATE_FALLBACK
2026-03-28	international friendlies	England U18	Spain U18	10	21466	19074	1536914	DATE_FALLBACK
2026-03-31	international friendlies	Croatia U18	England U18	10	22340	21466	1536921	DATE_FALLBACK
2026-04-13	laliga2	Valladolid	Eibar	141	720	545	1392149	DATE_FALLBACK
2026-04-13	liga portugal	Tondela	GIL Vicente	94	218	762	1396497	DATE_FALLBACK
2026-04-13	liga portugal 2	Lusitânia Lourosa	FC Porto B	95	6358	243	1398226	DATE_FALLBACK
2026-04-13	superligaen	Kisvarda FC	Debreceni VSC	271	2394	2392	1380344	DATE_FALLBACK
2026-03-27	international friendlies	Russia	Mali	10	4	1500	1525450	DATE_FALLBACK
2026-03-28	international friendlies	England U18	Spain U18	10	21466	19074	1536914	DATE_FALLBACK
2026-03-31	international friendlies	Croatia U18	England U18	10	22340	21466	1536921	DATE_FALLBACK
2026-04-14	saudi arabia	Al-Qadisiyah FC	Al Shabab	307	2933	2940	1436168	DATE_FALLBACK
2026-04-14	superligaen	Ferencvarosi TC	Puskas Academy	271	651	2391	1380326	DATE_FALLBACK
2026-03-27	international friendlies	Russia	Mali	10	4	1500	1525450	DATE_FALLBACK
2026-03-28	international friendlies	England U18	Spain U18	10	21466	19074	1536914	DATE_FALLBACK
2026-03-31	international friendlies	Croatia U18	England U18	10	22340	21466	1536921	DATE_FALLBACK
2026-04-15	saudi arabia	Al-Nassr	Al-Ettifaq	307	2939	2934	1436172	DATE_FALLBACK
2026-03-27	international friendlies	Russia	Mali	10	4	1500	1525450	DATE_FALLBACK
2026-03-28	international friendlies	England U18	Spain U18	10	21466	19074	1536914	DATE_FALLBACK
2026-03-31	international friendlies	Croatia U18	England U18	10	22340	21466	1536921	DATE_FALLBACK
2026-03-27	international friendlies	Russia	Mali	10	4	1500	1525450	DATE_FALLBACK
2026-03-28	international friendlies	England U18	Spain U18	10	21466	19074	1536914	DATE_FALLBACK
2026-03-31	international friendlies	Croatia U18	England U18	10	22340	21466	1536921	DATE_FALLBACK
2026-03-27	international friendlies	Russia	Mali	10	4	1500	1525450	DATE_FALLBACK
2026-03-28	international friendlies	England U18	Spain U18	10	21466	19074	1536914	DATE_FALLBACK
2026-03-31	international friendlies	Croatia U18	England U18	10	22340	21466	1536921	DATE_FALLBACK
2026-04-17	laliga2	Real Sociedad II	Racing Santander	141	9585	4665	1392160	DATE_FALLBACK
2026-04-17	laliga2	Las Palmas	Leganes	141	534	537	1392158	DATE_FALLBACK
2026-04-17	liga portugal	Rio Ave	AVS	94	226	21595	1396505	DATE_FALLBACK
2026-04-17	liga portugal 2	Academico Viseu	Feirense	95	238	213	1398230	DATE_FALLBACK
2026-04-17	primera división paraguay	Sportivo Trinidense	Club Sp. San Lorenzo	250	1187	2125	1505060	DATE_FALLBACK
2026-04-17	superligaen	Ujpest	Nyiregyhaza	271	2255	2403	1380352	DATE_FALLBACK
2026-03-27	international friendlies	Russia	Mali	10	4	1500	1525450	DATE_FALLBACK
2026-03-28	international friendlies	England U18	Spain U18	10	21466	19074	1536914	DATE_FALLBACK
2026-03-31	international friendlies	Croatia U18	England U18	10	22340	21466	1536921	DATE_FALLBACK
2026-04-18	czech first league	Baník Ostrava	Bohemians 1905	345	3713	3714	1384886	DATE_FALLBACK
2026-04-18	czech first league	Dukla Praha	Karviná	345	3715	3716	1384883	DATE_FALLBACK
2026-04-18	czech first league	Slovan Liberec	Mlada Boleslav	345	782	640	1384885	DATE_FALLBACK
2026-04-18	czech first league	Zlin	Teplice	345	603	3720	1384890	DATE_FALLBACK
2026-04-18	czech first league	Sparta Praha	FK Jablonec	345	628	1122	1384889	DATE_FALLBACK
2026-04-18	hnl croatia	Dinamo Zagreb	HNK Rijeka	210	620	561	1384064	DATE_FALLBACK
2026-04-18	hnl croatia	Istra 1961	Vukovar	210	1016	5730	1384066	DATE_FALLBACK
2026-04-18	laliga2	Zaragoza	AD Ceuta FC	141	732	10139	1392156	DATE_FALLBACK
2026-04-18	laliga2	Castellón	Burgos	141	5254	9580	1392159	DATE_FALLBACK
2026-04-18	laliga2	Cultural Leonesa	Cordoba	141	725	713	1392151	DATE_FALLBACK
2026-04-18	liga portugal	Nacional	Alverca	94	225	4724	1396504	DATE_FALLBACK
2026-04-18	liga portugal	Casa Pia	Santa Clara	94	4716	227	1396500	DATE_FALLBACK
2026-04-18	liga portugal	GIL Vicente	Guimaraes	94	762	224	1396502	DATE_FALLBACK
2026-04-18	liga portugal 2	Pacos Ferreira	Chaves	95	234	223	1398234	DATE_FALLBACK
2026-04-18	liga portugal 2	União de Leiria	Penafiel	95	4662	235	1398232	DATE_FALLBACK
2026-04-18	liga portugal 2	Torreense	Maritimo	95	4799	214	1398237	DATE_FALLBACK
2026-04-18	mls	Vancouver Whitecaps	Sporting Kansas City	253	1603	1611	1490210	DATE_FALLBACK
2026-04-18	mls	Toronto FC	Austin	253	1601	16489	1490212	DATE_FALLBACK
2026-04-18	mls	CF Montreal	New York Red Bulls	253	1614	1602	1490211	DATE_FALLBACK
2026-04-18	mls	Colorado Rapids	Inter Miami	253	1610	9568	1490213	DATE_FALLBACK
2026-04-18	primera división paraguay	Club Guarani	Sportivo Luqueno	250	1174	1183	1505056	DATE_FALLBACK
2026-04-18	scottish cup	Dunfermline	Falkirk	181	1388	1389	1530943	DATE_FALLBACK
2026-04-18	super league switzerland	FC Thun	FC Basel 1893	207	1012	551	1494592	DATE_FALLBACK
2026-04-18	superligaen	Zalaegerszegi TE	Kazincbarcikai	271	2414	2410	1380353	DATE_FALLBACK
2026-04-18	superligaen	MTK Budapest	Kisvarda FC	271	2396	2394	1380350	DATE_FALLBACK
2026-04-18	superligaen	Diosgyori VTK	Debreceni VSC	271	2393	2392	1380348	DATE_FALLBACK
2026-04-18	mls	Atlanta United FC	Nashville SC	253	1608	9569	1490214	DATE_FALLBACK
2026-04-18	mls	FC Cincinnati	Chicago Fire	253	2242	1607	1490215	DATE_FALLBACK
2026-04-18	mls	New England Revolution	Columbus Crew	253	1609	1613	1490216	DATE_FALLBACK
2026-04-18	mls	New York City FC	Charlotte	253	1604	18310	1490218	DATE_FALLBACK
2026-04-18	mls	Orlando City SC	Houston Dynamo	253	1598	1600	1490219	DATE_FALLBACK
2026-04-18	mls	Philadelphia Union	DC United	253	1599	1615	1490217	DATE_FALLBACK
2026-04-18	primera división paraguay	Deportivo Recoleta	2 de Mayo	250	10476	2140	1505058	DATE_FALLBACK
2026-03-27	international friendlies	Russia	Mali	10	4	1500	1525450	DATE_FALLBACK
2026-03-28	international friendlies	England U18	Spain U18	10	21466	19074	1536914	DATE_FALLBACK
2026-03-31	international friendlies	Croatia U18	England U18	10	22340	21466	1536921	DATE_FALLBACK
2026-04-18	mls	Atlanta United FC	Nashville SC	253	1608	9569	1490214	DATE_FALLBACK
2026-04-18	mls	FC Cincinnati	Chicago Fire	253	2242	1607	1490215	DATE_FALLBACK
2026-04-18	mls	New England Revolution	Columbus Crew	253	1609	1613	1490216	DATE_FALLBACK
2026-04-18	mls	New York City FC	Charlotte	253	1604	18310	1490218	DATE_FALLBACK
2026-04-18	mls	Orlando City SC	Houston Dynamo	253	1598	1600	1490219	DATE_FALLBACK
2026-04-18	mls	Philadelphia Union	DC United	253	1599	1615	1490217	DATE_FALLBACK
2026-04-18	primera división paraguay	Deportivo Recoleta	2 de Mayo	250	10476	2140	1505058	DATE_FALLBACK
2026-03-27	international friendlies	Russia	Mali	10	4	1500	1525450	DATE_FALLBACK
2026-03-28	international friendlies	England U18	Spain U18	10	21466	19074	1536914	DATE_FALLBACK
2026-03-31	international friendlies	Croatia U18	England U18	10	22340	21466	1536921	DATE_FALLBACK
2026-03-27	international friendlies	Russia	Mali	10	4	1500	1525450	DATE_FALLBACK
2026-03-28	international friendlies	England U18	Spain U18	10	21466	19074	1536914	DATE_FALLBACK
2026-03-31	international friendlies	Croatia U18	England U18	10	22340	21466	1536921	DATE_FALLBACK
2026-03-27	international friendlies	Russia	Mali	10	4	1500	1525450	DATE_FALLBACK
2026-03-28	international friendlies	England U18	Spain U18	10	21466	19074	1536914	DATE_FALLBACK
2026-03-31	international friendlies	Croatia U18	England U18	10	22340	21466	1536921	DATE_FALLBACK
2026-03-27	international friendlies	Russia	Mali	10	4	1500	1525450	DATE_FALLBACK
2026-03-28	international friendlies	England U18	Spain U18	10	21466	19074	1536914	DATE_FALLBACK
2026-03-31	international friendlies	Croatia U18	England U18	10	22340	21466	1536921	DATE_FALLBACK
2026-03-27	international friendlies	Russia	Mali	10	4	1500	1525450	DATE_FALLBACK
2026-03-28	international friendlies	England U18	Spain U18	10	21466	19074	1536914	DATE_FALLBACK
2026-03-31	international friendlies	Croatia U18	England U18	10	22340	21466	1536921	DATE_FALLBACK
2026-03-27	international friendlies	Russia	Mali	10	4	1500	1525450	DATE_FALLBACK
2026-03-28	international friendlies	England U18	Spain U18	10	21466	19074	1536914	DATE_FALLBACK
2026-03-31	international friendlies	Croatia U18	England U18	10	22340	21466	1536921	DATE_FALLBACK
2026-03-27	international friendlies	Russia	Mali	10	4	1500	1525450	DATE_FALLBACK
2026-03-28	international friendlies	England U18	Spain U18	10	21466	19074	1536914	DATE_FALLBACK
2026-03-31	international friendlies	Croatia U18	England U18	10	22340	21466	1536921	DATE_FALLBACK
2026-03-27	international friendlies	Russia	Mali	10	4	1500	1525450	DATE_FALLBACK
2026-03-28	international friendlies	England U18	Spain U18	10	21466	19074	1536914	DATE_FALLBACK
2026-03-31	international friendlies	Croatia U18	England U18	10	22340	21466	1536921	DATE_FALLBACK
2026-03-27	international friendlies	Russia	Mali	10	4	1500	1525450	DATE_FALLBACK
2026-03-28	international friendlies	England U18	Spain U18	10	21466	19074	1536914	DATE_FALLBACK
2026-03-31	international friendlies	Croatia U18	England U18	10	22340	21466	1536921	DATE_FALLBACK
2026-04-19	czech first league	Sigma Olomouc	Slovácko	345	2250	3719	1384888	DATE_FALLBACK
2026-04-19	czech first league	Hradec Králové	Slavia Praha	345	3723	560	1384884	DATE_FALLBACK
2026-04-19	czech first league	Plzen	Pardubice	345	567	3724	1384887	DATE_FALLBACK
2026-04-19	laliga2	FC Andorra	Valladolid	141	8157	720	1396984	DATE_FALLBACK
2026-04-19	laliga2	Sporting Gijon	Cadiz	141	731	724	1392152	DATE_FALLBACK
2026-04-19	laliga2	Albacete	Granada CF	141	722	715	1392153	DATE_FALLBACK
2026-04-19	laliga2	Eibar	Huesca	141	545	726	1392150	DATE_FALLBACK
2026-04-19	laliga2	Almeria	Malaga	141	723	535	1392157	DATE_FALLBACK
2026-04-19	liga portugal	Arouca	Estrela	94	240	15130	1396498	DATE_FALLBACK
2026-04-19	liga portugal	Sporting CP	Benfica	94	228	211	1396506	DATE_FALLBACK
2026-04-19	liga portugal	FC Porto	Tondela	94	212	218	1396501	DATE_FALLBACK
2026-04-19	liga portugal	SC Braga	Famalicao	94	217	242	1396499	DATE_FALLBACK
2026-04-19	liga portugal 2	Portimonense	Lusitânia Lourosa	95	216	6358	1398235	DATE_FALLBACK
2026-04-19	liga portugal 2	Vizela	Farense	95	810	231	1398238	DATE_FALLBACK
2026-04-19	mls	FC Dallas	Los Angeles Galaxy	253	1597	1605	1490220	DATE_FALLBACK
2026-04-19	mls	Minnesota United FC	Portland Timbers	253	1612	1617	1490221	DATE_FALLBACK
2026-04-19	mls	Real Salt Lake	San Diego	253	1606	25484	1490223	DATE_FALLBACK
2026-04-19	mls	Seattle Sounders	St. Louis City	253	1595	20787	1490222	DATE_FALLBACK
2026-04-19	primera división paraguay	Olimpia	Cerro Porteno	250	1182	1176	1505057	DATE_FALLBACK
2026-04-19	scottish cup	Celtic	ST Mirren	181	247	251	1530942	DATE_FALLBACK
2026-04-19	superligaen	Paks	Puskas Academy	271	2390	2391	1380351	DATE_FALLBACK
2026-04-19	superligaen	Gyori ETO FC	Ferencvarosi TC	271	2402	651	1380349	DATE_FALLBACK
2026-03-27	international friendlies	Russia	Mali	10	4	1500	1525450	DATE_FALLBACK
2026-03-28	international friendlies	England U18	Spain U18	10	21466	19074	1536914	DATE_FALLBACK
2026-03-31	international friendlies	Croatia U18	England U18	10	22340	21466	1536921	DATE_FALLBACK
2026-03-27	international friendlies	Russia	Mali	10	4	1500	1525450	DATE_FALLBACK
2026-03-28	international friendlies	England U18	Spain U18	10	21466	19074	1536914	DATE_FALLBACK
2026-03-31	international friendlies	Croatia U18	England U18	10	22340	21466	1536921	DATE_FALLBACK
2026-03-27	international friendlies	Russia	Mali	10	4	1500	1525450	DATE_FALLBACK
2026-03-28	international friendlies	England U18	Spain U18	10	21466	19074	1536914	DATE_FALLBACK
2026-03-31	international friendlies	Croatia U18	England U18	10	22340	21466	1536921	DATE_FALLBACK
2026-04-19	mls	Los Angeles FC	San Jose Earthquakes	253	1616	1596	1490224	DATE_FALLBACK
2026-03-27	international friendlies	Russia	Mali	10	4	1500	1525450	DATE_FALLBACK
2026-03-28	international friendlies	England U18	Spain U18	10	21466	19074	1536914	DATE_FALLBACK
2026-03-31	international friendlies	Croatia U18	England U18	10	22340	21466	1536921	DATE_FALLBACK
2026-04-20	laliga2	Deportivo La Coruna	Mirandes	141	544	799	1392155	DATE_FALLBACK
2026-04-20	liga portugal	Moreirense	Estoril	94	215	230	1396503	DATE_FALLBACK
2026-04-20	liga portugal 2	FC Porto B	Leixoes	95	243	244	1398231	DATE_FALLBACK
2026-04-20	liga portugal 2	Sporting CP B	Felgueiras 1932	95	761	4744	1398236	DATE_FALLBACK
2026-04-20	primera división paraguay	Rubio NU	Libertad Asuncion	250	1185	1179	1505059	DATE_FALLBACK
2026-04-20	primera división paraguay	Sportivo Ameliano	Nacional Asuncion	250	10487	1175	1505055	DATE_FALLBACK
2026-03-27	international friendlies	Russia	Mali	10	4	1500	1525450	DATE_FALLBACK
2026-03-28	international friendlies	England U18	Spain U18	10	21466	19074	1536914	DATE_FALLBACK
2026-03-31	international friendlies	Croatia U18	England U18	10	22340	21466	1536921	DATE_FALLBACK
2026-04-21	hnl croatia	NK Lokomotiva Zagreb	NK Slaven Belupo	210	1017	1018	1384071	DATE_FALLBACK
2026-04-21	hnl croatia	HNK Hajduk Split	NK Osijek	210	608	616	1384069	DATE_FALLBACK
2026-03-27	international friendlies	Russia	Mali	10	4	1500	1525450	DATE_FALLBACK
2026-03-28	international friendlies	England U18	Spain U18	10	21466	19074	1536914	DATE_FALLBACK
2026-03-31	international friendlies	Croatia U18	England U18	10	22340	21466	1536921	DATE_FALLBACK
2026-04-22	hnl croatia	Vukovar	HNK Gorica	210	5730	1068	1384073	DATE_FALLBACK
2026-04-22	hnl croatia	NK Varazdin	HNK Rijeka	210	1483	561	1384072	DATE_FALLBACK
2026-04-22	hnl croatia	Istra 1961	Dinamo Zagreb	210	1016	620	1384070	DATE_FALLBACK
2026-04-22	liga portugal 2	Oliveirense	Benfica B	95	233	229	1398233	DATE_FALLBACK
2026-04-22	ligue 1	Paris Saint Germain	Nantes	61	85	83	1387929	DATE_FALLBACK
2026-04-22	mls	Columbus Crew	Los Angeles Galaxy	253	1613	1605	1490225	DATE_FALLBACK
2026-04-22	mls	New York City FC	FC Cincinnati	253	1604	2242	1490226	DATE_FALLBACK
2026-04-22	mls	New York Red Bulls	DC United	253	1602	1615	1490230	DATE_FALLBACK
2026-04-22	mls	Orlando City SC	Charlotte	253	1598	18310	1490228	DATE_FALLBACK
2026-04-22	mls	Toronto FC	Philadelphia Union	253	1601	1599	1490227	DATE_FALLBACK
2026-04-22	mls	Atlanta United FC	New England Revolution	253	1608	1609	1490229	DATE_FALLBACK
