TSV: 2026-01-26_1620_996c4f105b	2026-01-26	16:20	20:50	A2	2.02	4064574365	O15_FT	16:20	saudi arabia	Al-Hazm	Damac	Over 1.5 (FT)	MEGA EXPLOSION	1.36
TSV: 2026-01-26_1620_996c4f105b	2026-01-26	16:20	20:50	A2	2.02	1736316122	HT05	18:00	super lig	Eyüpspor	Beşiktaş	HT+0.5	TRÈS FORT	1.22
TSV: 2026-01-26_1620_996c4f105b	2026-01-26	16:20	20:50	A2	2.02	2276375265	HT1X_HOME	19:00	liga portugal 2	União de Leiria	Sporting CP B	HT 1X Home	TRÈS FORT	1.22
TSV: 2026-01-26_1620_4216030e95	2026-01-26	16:20	22:50	A2	2.68	1347182665	O15_FT	20:30	laliga2	AD Ceuta FC	Cultural Leonesa	Over 1.5 (FT)	MEGA EXPLOSION	1.38
TSV: 2026-01-26_1620_4216030e95	2026-01-26	16:20	22:50	A2	2.68	4064574365	HT1X_HOME	16:20	saudi arabia	Al-Hazm	Damac	HT 1X Home	FORT PLUS	1.2
TSV: 2026-01-26_1620_4216030e95	2026-01-26	16:20	22:50	A2	2.68	732152871	O15_FT	21:00	laliga	Girona	Getafe	Over 1.5 (FT)	MEGA EXPLOSION	1.62
TSV: 2026-01-26_1900_95f4cf9eac	2026-01-26	19:00	22:20	A2	2.02	2276375265	HT05	19:00	liga portugal 2	União de Leiria	Sporting CP B	HT+0.5	FORT PLUS	1.44
TSV: 2026-01-26_1900_95f4cf9eac	2026-01-26	19:00	22:20	A2	2.02	1347182665	HT05	20:30	laliga2	AD Ceuta FC	Cultural Leonesa	HT+0.5	MEGA EXPLOSION	1.4
TSV: 2026-01-26_1900_f577913ca9	2026-01-26	19:00	22:50	A2	2.26	1347182665	HT1X_HOME	20:30	laliga2	AD Ceuta FC	Cultural Leonesa	HT 1X Home	FORT PLUS	1.22
TSV: 2026-01-26_1900_f577913ca9	2026-01-26	19:00	22:50	A2	2.26	2276375265	O15_FT	19:00	liga portugal 2	União de Leiria	Sporting CP B	Over 1.5 (FT)	MEGA EXPLOSION	1.36
TSV: 2026-01-26_1900_f577913ca9	2026-01-26	19:00	22:50	A2	2.26	732152871	TEAM1_SCORE_FT	21:00	laliga	Girona	Getafe	Team1 scores (FT)	FORT PLUS	1.36
TSV: 2026-01-26_2100_c8dfa82354	2026-01-26	21:00	23:05	A2	2.81	4202657140	HT05	21:15	liga portugal	FC Porto	GIL Vicente	HT+0.5	FORT PLUS	1.36
TSV: 2026-01-26_2100_c8dfa82354	2026-01-26	21:00	23:05	A2	2.81	609547563	HT05	21:00	championship	Norwich	Coventry	HT+0.5	FORT PLUS	1.29
TSV: 2026-01-26_2100_c8dfa82354	2026-01-26	21:00	23:05	A2	2.81	732152871	HT05	21:00	laliga	Girona	Getafe	HT+0.5	MEGA EXPLOSION	1.6
TSV: 2026-01-26_1620_7e09298fdd	2026-01-26	16:20	20:50	A2	2.11	1736316122	HT05	18:00	super lig	Eyüpspor	Beşiktaş	HT+0.5	TRÈS FORT	1.22
TSV: 2026-01-26_1620_7e09298fdd	2026-01-26	16:20	20:50	A2	2.11	2276375265	HT05	19:00	liga portugal 2	União de Leiria	Sporting CP B	HT+0.5	FORT PLUS	1.44
TSV: 2026-01-26_1620_7e09298fdd	2026-01-26	16:20	20:50	A2	2.11	4064574365	HT1X_HOME	16:20	saudi arabia	Al-Hazm	Damac	HT 1X Home	FORT PLUS	1.2
TSV: 2026-01-26_1620_2f5cf77889	2026-01-26	16:20	20:50	A2	2.26	4064574365	O15_FT	16:20	saudi arabia	Al-Hazm	Damac	Over 1.5 (FT)	MEGA EXPLOSION	1.36
TSV: 2026-01-26_1620_2f5cf77889	2026-01-26	16:20	20:50	A2	2.26	2276375265	O15_FT	19:00	liga portugal 2	União de Leiria	Sporting CP B	Over 1.5 (FT)	MEGA EXPLOSION	1.36
TSV: 2026-01-26_1620_2f5cf77889	2026-01-26	16:20	20:50	A2	2.26	1736316122	HT05	18:00	super lig	Eyüpspor	Beşiktaş	HT+0.5	TRÈS FORT	1.22
TSV: 2026-01-26_2100_11ab4ee648	2026-01-26	21:00	23:05	A2	2.28	4202657140	O15_FT	21:15	liga portugal	FC Porto	GIL Vicente	Over 1.5 (FT)	TRÈS FORT	1.3
TSV: 2026-01-26_2100_11ab4ee648	2026-01-26	21:00	23:05	A2	2.28	732152871	TEAM1_SCORE_FT	21:00	laliga	Girona	Getafe	Team1 scores (FT)	FORT PLUS	1.36
TSV: 2026-01-26_2100_11ab4ee648	2026-01-26	21:00	23:05	A2	2.28	609547563	HT05	21:00	championship	Norwich	Coventry	HT+0.5	FORT PLUS	1.29
TSV: 2026-01-26_2100_5ee15053f3	2026-01-26	21:00	22:50	A2	2.09	609547563	HT05	21:00	championship	Norwich	Coventry	HT+0.5	FORT PLUS	1.29
TSV: 2026-01-26_2100_5ee15053f3	2026-01-26	21:00	22:50	A2	2.09	732152871	O15_FT	21:00	laliga	Girona	Getafe	Over 1.5 (FT)	MEGA EXPLOSION	1.62
TSV: 2026-01-28_1620_52b3300c9c_SYS	2026-01-28	16:20	22:50	A2	2.99	3008444812	O15_FT	16:20	saudi arabia	Al Najma	Al Riyadh	Over 1.5 (FT)	MEGA EXPLOSION	1.22
TSV: 2026-01-28_1620_52b3300c9c_SYS	2026-01-28	16:20	22:50	A2	2.99	3132969148	HT1X_HOME	21:00	uefa champions league	Paris Saint Germain	Newcastle	HT 1X Home	TRÈS FORT	1.2
TSV: 2026-01-28_1620_52b3300c9c_SYS	2026-01-28	16:20	22:50	A2	2.99	2086119021	HT1X_HOME	21:00	uefa champions league	Bayer Leverkusen	Villarreal	HT 1X Home	FORT PLUS	1.2
TSV: 2026-01-28_1620_52b3300c9c_SYS	2026-01-28	16:20	22:50	A2	2.99	1778312836	O15_FT	21:00	liga profesional argentina	Aldosivi	Barracas Central	Over 1.5 (FT)	EXPLOSION	1.7
TSV: 2026-01-28_2300_03bf4f2e86_SYS	2026-01-28	23:00	00:50	A2	2.77	2814619302	TEAM2_SCORE_FT	23:00	serie a brazil	Internacional	Atletico Paranaense	Team2 scores (FT)	FORT PLUS	1.6
TSV: 2026-01-28_2300_03bf4f2e86_SYS	2026-01-28	23:00	00:50	A2	2.77	550066753	HT1X_HOME	23:00	liga profesional argentina	Racing Club	Rosario Central	HT 1X Home	TRÈS FORT	1.22
TSV: 2026-01-28_2300_03bf4f2e86_SYS	2026-01-28	23:00	00:50	A2	2.77	3550833020	O15_FT	23:00	serie a brazil	Atletico-MG	Palmeiras	Over 1.5 (FT)	TRÈS FORT	1.42
TSV: 2026-01-29_0130_07b4934264_SYS	2026-01-29	01:30	20:50	A2	2.39	1614857301	O15_FT	19:00	liga portugal 2	Benfica B	Lusitânia Lourosa	Over 1.5 (FT)	EXPLOSION	1.36
TSV: 2026-01-29_0130_07b4934264_SYS	2026-01-29	01:30	20:50	A2	2.39	2001885198	O15_FT	18:30	saudi arabia	Al-Hazm	Al Shabab	Over 1.5 (FT)	MEGA EXPLOSION	1.22
TSV: 2026-01-29_0130_07b4934264_SYS	2026-01-29	01:30	20:50	A2	2.39	1278140803	HT1X_HOME	01:30	serie a brazil	Sao Paulo	Flamengo	HT 1X Home	TRÈS FORT	1.44
TSV: 2026-01-29_2100_0010ac83c2_SYS	2026-01-29	21:00	23:50	A2	2.53	3035695738	O15_FT	21:00	uefa europa league	FC Midtjylland	Dinamo Zagreb	Over 1.5 (FT)	MEGA EXPLOSION	1.22
TSV: 2026-01-29_2100_0010ac83c2_SYS	2026-01-29	21:00	23:50	A2	2.53	259204918	O15_FT	21:00	uefa europa league	Ludogorets	Nice	Over 1.5 (FT)	MEGA EXPLOSION	1.2
TSV: 2026-01-29_2100_0010ac83c2_SYS	2026-01-29	21:00	23:50	A2	2.53	865534990	O15_FT	21:00	uefa europa league	FCSB	Fenerbahçe	Over 1.5 (FT)	MEGA EXPLOSION	1.2
TSV: 2026-01-29_2100_0010ac83c2_SYS	2026-01-29	21:00	23:50	A2	2.53	886674851	O15_FT	22:00	primera a colombia	Rionegro Aguilas	Deportivo Cali	Over 1.5 (FT)	TRÈS FORT	1.44
TSV: 2026-01-30_0130_bf4f1b0289_SYS	2026-01-30	01:30	16:40	A2	2.46	1837529960	HT1X_HOME	01:30	liga profesional argentina	Sarmiento Junin	Banfield	HT 1X Home	FORT PLUS	1.33
TSV: 2026-01-30_0130_bf4f1b0289_SYS	2026-01-30	01:30	16:40	A2	2.46	1309545441	O15_FT	14:50	saudi arabia	Al Taawon	Al Okhdood	Over 1.5 (FT)	FORT PLUS	1.3
TSV: 2026-01-30_0130_bf4f1b0289_SYS	2026-01-30	01:30	16:40	A2	2.46	2077656865	O15_FT	01:30	serie a brazil	Botafogo	Cruzeiro	Over 1.5 (FT)	EXPLOSION	1.42
TSV: 2026-01-30_1800_26d7af78d7_SYS	2026-01-30	18:00	20:20	A2	2.3	3150120835	O15_FT	18:30	saudi arabia	NEOM	Damac	Over 1.5 (FT)	MEGA EXPLOSION	1.28
TSV: 2026-01-30_1800_26d7af78d7_SYS	2026-01-30	18:00	20:20	A2	2.3	417709141	O15_FT	18:00	super lig	Kasımpaşa	Samsunspor	Over 1.5 (FT)	MEGA EXPLOSION	1.38
TSV: 2026-01-30_1800_26d7af78d7_SYS	2026-01-30	18:00	20:20	A2	2.3	256874004	O15_FT	18:30	2. bundesliga	1. FC Nürnberg	Preußen Münster	Over 1.5 (FT)	FORT PLUS	1.3
TSV: 2026-01-30_2030_56027e9220_SYS	2026-01-30	20:30	22:50	A2	2.23	3168968473	O15_FT	21:00	championship	Bristol City	Derby	Over 1.5 (FT)	MEGA EXPLOSION	1.38
TSV: 2026-01-30_2030_56027e9220_SYS	2026-01-30	20:30	22:50	A2	2.23	337358824	O15_FT	20:45	pro league	RAAL La Louvière	Gent	Over 1.5 (FT)	MEGA EXPLOSION	1.25
TSV: 2026-01-30_2030_56027e9220_SYS	2026-01-30	20:30	22:50	A2	2.23	317948278	TEAM2_SCORE_FT	20:30	bundesliga	1. FC Köln	VfL Wolfsburg	Team2 scores (FT)	EXPLOSION	1.29
TSV: 2026-01-31_1330_efdca5ee89_SYS	2026-01-31	13:30	15:50	A2	2.39	3462802303	O15_FT	14:00	laliga	Oviedo	Girona	Over 1.5 (FT)	MEGA EXPLOSION	1.42
TSV: 2026-01-31_1330_efdca5ee89_SYS	2026-01-31	13:30	15:50	A2	2.39	1770077305	HT1X_HOME	13:30	championship	Leicester	Charlton	HT 1X Home	FORT PLUS	1.22
TSV: 2026-01-31_1330_efdca5ee89_SYS	2026-01-31	13:30	15:50	A2	2.39	583754954	O15_FT	14:00	ligue 2	Dunkerque	Annecy	Over 1.5 (FT)	MEGA EXPLOSION	1.38
TSV: 2026-01-31_1600_73cd7a5e99_SYS	2026-01-31	16:00	17:50	A2	2.3	4034436877	O15_FT	16:00	pro league	Cercle Brugge	Antwerp	Over 1.5 (FT)	MEGA EXPLOSION	1.28
TSV: 2026-01-31_1600_73cd7a5e99_SYS	2026-01-31	16:00	17:50	A2	2.3	3231638371	HT1X_HOME	16:00	championship	Middlesbrough	Norwich	HT 1X Home	FORT PLUS	1.2
TSV: 2026-01-31_1600_73cd7a5e99_SYS	2026-01-31	16:00	17:50	A2	2.3	3543177607	O15_FT	16:00	championship	QPR	Coventry	Over 1.5 (FT)	EXPLOSION	1.28
TSV: 2026-01-31_1600_73cd7a5e99_SYS	2026-01-31	16:00	17:50	A2	2.3	2065133162	TEAM2_SCORE_FT	16:00	premiership	Livingston	Motherwell	Team2 scores (FT)	FORT PLUS	1.17
TSV: 2026-01-31_1800_91a57b8e84_SYS	2026-01-31	18:00	20:35	A2	2.15	2594301584	O15_FT	18:30	laliga	Levante	Atletico Madrid	Over 1.5 (FT)	EXPLOSION	1.2
TSV: 2026-01-31_1800_91a57b8e84_SYS	2026-01-31	18:00	20:35	A2	2.15	2595075066	O15_FT	18:00	serie a italia	Napoli	Fiorentina	Over 1.5 (FT)	MEGA EXPLOSION	1.38
TSV: 2026-01-31_1800_91a57b8e84_SYS	2026-01-31	18:00	20:35	A2	2.15	1933390159	HT1X_HOME	18:45	eredivisie	PEC Zwolle	Telstar	HT 1X Home	TRÈS FORT	1.3
TSV: 2026-01-31_2100_f2f2546cc9_SYS	2026-01-31	21:00	22:55	A2	2.52	1359399023	O15_FT	21:00	laliga2	Cordoba	Valladolid	Over 1.5 (FT)	TRÈS FORT	1.38
TSV: 2026-01-31_2100_f2f2546cc9_SYS	2026-01-31	21:00	22:55	A2	2.52	815348897	O15_FT	21:00	premiership	Dundee Utd	Heart Of Midlothian	Over 1.5 (FT)	TRÈS FORT	1.3
TSV: 2026-01-31_2100_f2f2546cc9_SYS	2026-01-31	21:00	22:55	A2	2.52	2133369654	O15_FT	21:05	ligue 1	Monaco	Rennes	Over 1.5 (FT)	TRÈS FORT	1.17
TSV: 2026-01-31_2100_f2f2546cc9_SYS	2026-01-31	21:00	22:55	A2	2.52	3855280609	HT1X_HOME	21:00	premier league	Liverpool	Newcastle	HT 1X Home	TRÈS FORT	1.2
TSV: 2026-02-01_1245_903542f2ac_SYS	2026-02-01	12:45	15:20	A2	2.38	2784157820	HT1X_HOME	13:30	2. bundesliga	Fortuna Düsseldorf	SC Paderborn 07	HT 1X Home	FORT PLUS	1.4
TSV: 2026-02-01_1245_903542f2ac_SYS	2026-02-01	12:45	15:20	A2	2.38	457077091	HT1X_HOME	12:45	superligaen	Diosgyori VTK	Kisvarda FC	HT 1X Home	TRÈS FORT	1.36
TSV: 2026-02-01_1245_903542f2ac_SYS	2026-02-01	12:45	15:20	A2	2.38	2904403628	O15_FT	13:30	2. bundesliga	Hertha BSC	SV Darmstadt 98	Over 1.5 (FT)	MEGA EXPLOSION	1.25
TSV: 2026-02-01_1530_06f73a4be8_SYS	2026-02-01	15:30	19:05	A2	2.58	3199049895	O15_FT	17:15	serie b	Padova	Monza	Over 1.5 (FT)	MEGA EXPLOSION	1.4
TSV: 2026-02-01_1530_06f73a4be8_SYS	2026-02-01	15:30	19:05	A2	2.58	898984829	O15_FT	15:30	czech first league	Karviná	Plzen	Over 1.5 (FT)	EXPLOSION	1.18
TSV: 2026-02-01_1530_06f73a4be8_SYS	2026-02-01	15:30	19:05	A2	2.58	615353876	HT1X_HOME	15:30	bundesliga	VfB Stuttgart	SC Freiburg	HT 1X Home	TRÈS FORT	1.2
TSV: 2026-02-01_1530_06f73a4be8_SYS	2026-02-01	15:30	19:05	A2	2.58	1648454219	O15_FT	16:15	laliga	Real Betis	Valencia	Over 1.5 (FT)	MEGA EXPLOSION	1.3
TSV: 2026-02-01_2000_d3bd5806cf_SYS	2026-02-01	20:00	23:20	A2	2.29	1928271509	O15_FT	20:00	eredivisie	FC Volendam	GO Ahead Eagles	Over 1.5 (FT)	MEGA EXPLOSION	1.2
TSV: 2026-02-01_2000_d3bd5806cf_SYS	2026-02-01	20:00	23:20	A2	2.29	204463932	O15_FT	21:30	liga portugal	Tondela	Benfica	Over 1.5 (FT)	FORT PLUS	1.25
TSV: 2026-02-01_2000_d3bd5806cf_SYS	2026-02-01	20:00	23:20	A2	2.29	2453444395	O15_FT	21:00	laliga2	Granada CF	Racing Santander	Over 1.5 (FT)	FORT PLUS	1.25
TSV: 2026-02-01_2000_d3bd5806cf_SYS	2026-02-01	20:00	23:20	A2	2.29	1302129865	HT1X_HOME	21:00	liga profesional argentina	Barracas Central	Deportivo Riestra	HT 1X Home	FORT PLUS	1.22
TSV: 2026-02-02_0130_9419b272c7_SYS	2026-02-02	01:30	04:20	A2	4.19	3988832860	HT1X_HOME	01:30	liga profesional argentina	Rosario Central	River Plate	HT 1X Home	FORT PLUS	1.29
TSV: 2026-02-02_0130_9419b272c7_SYS	2026-02-02	01:30	04:20	A2	4.19	3884927003	TEAM2_WIN_FT	02:30	primera a colombia	Llaneros	Rionegro Aguilas	Team2 wins (FT)	FORT PLUS	3.25
TSV: 2026-02-02_1945_9d1cd046dc_SYS	2026-02-02	19:45	22:50	A2	2.45	2304153959	O15_FT	19:45	liga portugal	AVS	SC Braga	Over 1.5 (FT)	EXPLOSION	1.25
TSV: 2026-02-02_1945_9d1cd046dc_SYS	2026-02-02	19:45	22:50	A2	2.45	384618962	O15_FT	20:45	serie a italia	Udinese	AS Roma	Over 1.5 (FT)	FORT PLUS	1.4
TSV: 2026-02-02_1945_9d1cd046dc_SYS	2026-02-02	19:45	22:50	A2	2.45	1027424229	O15_FT	21:00	premier league	Sunderland	Burnley	Over 1.5 (FT)	MEGA EXPLOSION	1.4
TSV: 2026-02-03_0230_74f61e87db_SYS	2026-02-03	02:30	04:20	A2	2.15	1970659830	TEAM2_WIN_FT	02:30	primera a colombia	Deportivo Pereira	Junior	Team2 wins (FT)	TRÈS FORT	2.15
TSV: 2026-02-03_1640_cea4ddc9ff_SYS	2026-02-03	16:40	22:35	A2	2.48	189955821	HT1X_HOME	20:45	championship	Hull City	Watford	HT 1X Home	FORT PLUS	1.25
TSV: 2026-02-03_1640_cea4ddc9ff_SYS	2026-02-03	16:40	22:35	A2	2.48	3122800395	O15_FT	16:40	saudi arabia	Damac	Al Kholood	Over 1.5 (FT)	MEGA EXPLOSION	1.3
TSV: 2026-02-03_1640_cea4ddc9ff_SYS	2026-02-03	16:40	22:35	A2	2.48	3194726161	TEAM2_SCORE_FT	20:30	schweizer cup	Grasshoppers	FC Sion	Team2 scores (FT)	TRÈS FORT	1.25
TSV: 2026-02-03_1640_cea4ddc9ff_SYS	2026-02-03	16:40	22:35	A2	2.48	3063599991	O15_FT	20:45	dfb pokal	Bayer Leverkusen	FC St. Pauli	Over 1.5 (FT)	EXPLOSION	1.22
TSV: 2026-02-04_1915_05d93696a6_SYS	2026-02-04	19:15	22:35	A2	2.56	503376147	O15_FT	20:30	coupe de france	Lyon	Laval	Over 1.5 (FT)	TRÈS FORT	1.17
TSV: 2026-02-04_1915_05d93696a6_SYS	2026-02-04	19:15	22:35	A2	2.56	2565762960	TEAM1_WIN_FT	20:45	premiership	Rangers	Kilmarnock	Team1 wins (FT)	FORT PLUS	1.3
TSV: 2026-02-04_1915_05d93696a6_SYS	2026-02-04	19:15	22:35	A2	2.56	3254033228	O15_FT	20:30	coupe de france	Nice	Montpellier	Over 1.5 (FT)	FORT PLUS	1.2
TSV: 2026-02-04_1915_05d93696a6_SYS	2026-02-04	19:15	22:35	A2	2.56	4119798457	HT1X_HOME	19:15	schweizer cup	Stade Lausanne-Ouchy	FC Luzern	HT 1X Home	TRÈS FORT	1.4
TSV: 2026-02-05_0130_45cdf8e11e_SYS	2026-02-05	01:30	18:10	A2	2.29	3670469935	O15_FT	16:20	saudi arabia	Al-Fayha	Al Najma	Over 1.5 (FT)	MEGA EXPLOSION	1.25
TSV: 2026-02-05_0130_45cdf8e11e_SYS	2026-02-05	01:30	18:10	A2	2.29	1203316307	O15_FT	02:00	primera a colombia	Atletico Nacional	America de Cali	Over 1.5 (FT)	TRÈS FORT	1.33
TSV: 2026-02-05_0130_45cdf8e11e_SYS	2026-02-05	01:30	18:10	A2	2.29	4276422348	O15_FT	01:30	serie a brazil	Gremio	Botafogo	Over 1.5 (FT)	MEGA EXPLOSION	1.38
TSV: 2026-02-06_1830_a94f03e955_SYS	2026-02-06	18:30	20:50	A2	2.36	790600743	O15_FT	18:30	2. bundesliga	SpVgg Greuther Fürth	1. FC Magdeburg	Over 1.5 (FT)	MEGA EXPLOSION	1.22
TSV: 2026-02-06_1830_a94f03e955_SYS	2026-02-06	18:30	20:50	A2	2.36	3550448513	HT05	18:30	saudi arabia	Al-Nassr	Al-Ittihad FC	HT+0.5	EXPLOSION	1.18
TSV: 2026-02-06_1830_a94f03e955_SYS	2026-02-06	18:30	20:50	A2	2.36	2148690927	O15_FT	18:30	2. bundesliga	Preußen Münster	VfL Bochum	Over 1.5 (FT)	MEGA EXPLOSION	1.28
TSV: 2026-02-06_1830_a94f03e955_SYS	2026-02-06	18:30	20:50	A2	2.36	3088867406	O15_FT	19:00	liga portugal 2	FC Porto B	Academico Viseu	Over 1.5 (FT)	EXPLOSION	1.28
TSV: 2026-02-07_1230_abefbf31aa_SYS	2026-02-07	12:30	15:21	A2	2.36	1238944830	O15_FT	12:30	super lig	Fatih Karagümrük	Antalyaspor	Over 1.5 (FT)	TRÈS FORT	1.42
TSV: 2026-02-07_1230_abefbf31aa_SYS	2026-02-07	12:30	15:21	A2	2.36	3212811380	O15_FT	13:00	2. bundesliga	FC Schalke 04	Dynamo Dresden	Over 1.5 (FT)	FORT PLUS	1.33
TSV: 2026-02-07_1230_abefbf31aa_SYS	2026-02-07	12:30	15:21	A2	2.36	293819104	O15_FT	13:31	championship	Southampton	Watford	Over 1.5 (FT)	TRÈS FORT	1.25
TSV: 2026-02-07_1800_cdab759153_SYS	2026-02-07	18:00	19:50	A2	2.2	2869769035	O15_FT	18:00	super league switzerland	FC Winterthur	FC Lugano	Over 1.5 (FT)	MEGA EXPLOSION	1.15
TSV: 2026-02-07_1800_cdab759153_SYS	2026-02-07	18:00	19:50	A2	2.2	4073989503	O15_FT	18:00	serie a italia	Genoa	Napoli	Over 1.5 (FT)	MEGA EXPLOSION	1.57
TSV: 2026-02-07_1800_cdab759153_SYS	2026-02-07	18:00	19:50	A2	2.2	3431867134	TEAM1_SCORE_FT	18:00	super league switzerland	FC Sion	FC Luzern	Team1 scores (FT)	FORT PLUS	1.22
TSV: 2026-02-07_2105_8062c49c6d_SYS	2026-02-07	21:05	23:20	A2	2.4	4143506771	TEAM2_WIN_FT	21:05	ligue 1	Nantes	Lyon	Team2 wins (FT)	TRÈS FORT	1.74
TSV: 2026-02-07_2105_8062c49c6d_SYS	2026-02-07	21:05	23:20	A2	2.4	1809840228	O15_FT	21:30	liga portugal	Arouca	Guimaraes	Over 1.5 (FT)	FORT PLUS	1.38
TSV: 2026-02-08_0206_81b2f79d4d_SYS	2026-02-08	02:06	06:00	A2	2.3	1589973967	O15_FT	02:06	liga mx	Pachuca	FC Juarez	Over 1.5 (FT)	EXPLOSION	1.33
TSV: 2026-02-08_0206_81b2f79d4d_SYS	2026-02-08	02:06	06:00	A2	2.3	66006689	O15_FT	02:30	primera a colombia	Junior	Chico	Over 1.5 (FT)	EXPLOSION	1.33
TSV: 2026-02-08_0206_81b2f79d4d_SYS	2026-02-08	02:06	06:00	A2	2.3	184163847	O15_FT	04:10	liga mx	Club America	Monterrey	Over 1.5 (FT)	EXPLOSION	1.3
TSV: 2026-02-08_1215_74b9785ff4_SYS	2026-02-08	12:15	15:20	A2	2.34	827138490	TEAM2_SCORE_FT	12:15	eredivisie	Utrecht	Feyenoord	Team2 scores (FT)	FORT PLUS	1.18
TSV: 2026-02-08_1215_74b9785ff4_SYS	2026-02-08	12:15	15:20	A2	2.34	2452379620	O15_FT	12:30	serie a italia	Bologna	Parma	Over 1.5 (FT)	TRÈS FORT	1.33
TSV: 2026-02-08_1215_74b9785ff4_SYS	2026-02-08	12:15	15:20	A2	2.34	2834041320	O15_FT	12:30	super lig	Eyüpspor	Başakşehir	Over 1.5 (FT)	MEGA EXPLOSION	1.22
TSV: 2026-02-08_1215_74b9785ff4_SYS	2026-02-08	12:15	15:20	A2	2.34	422286971	O15_FT	13:30	pro league	Genk	Anderlecht	Over 1.5 (FT)	TRÈS FORT	1.22
TSV: 2026-02-08_1615_10f4da18ad_SYS	2026-02-08	16:15	19:20	A2	2.39	1157084334	O15_FT	16:15	laliga2	Cadiz	Almeria	Over 1.5 (FT)	MEGA EXPLOSION	1.3
TSV: 2026-02-08_1615_10f4da18ad_SYS	2026-02-08	16:15	19:20	A2	2.39	1097026804	O15_FT	16:15	laliga	Sevilla	Girona	Over 1.5 (FT)	EXPLOSION	1.33
TSV: 2026-02-08_1615_10f4da18ad_SYS	2026-02-08	16:15	19:20	A2	2.39	1039257394	O15_FT	16:30	super league switzerland	Lausanne	FC ST. Gallen	Over 1.5 (FT)	FORT PLUS	1.2
TSV: 2026-02-08_1615_10f4da18ad_SYS	2026-02-08	16:15	19:20	A2	2.39	723334455	O15_FT	17:30	premier league	Liverpool	Manchester City	Over 1.5 (FT)	MEGA EXPLOSION	1.15
TSV: 2026-02-08_2030_31147f15fd_SYS	2026-02-08	20:30	23:20	A2	2.33	3469508878	O15_FT	20:30	scottish cup	Stenhousemuir	Falkirk	Over 1.5 (FT)	EXPLOSION	1.25
TSV: 2026-02-08_2030_31147f15fd_SYS	2026-02-08	20:30	23:20	A2	2.33	3073626114	O15_FT	21:00	laliga2	Malaga	Cultural Leonesa	Over 1.5 (FT)	MEGA EXPLOSION	1.36
TSV: 2026-02-08_2030_31147f15fd_SYS	2026-02-08	20:30	23:20	A2	2.33	1272146626	O15_FT	21:00	laliga	Valencia	Real Madrid	Over 1.5 (FT)	MEGA EXPLOSION	1.17
TSV: 2026-02-08_2030_31147f15fd_SYS	2026-02-08	20:30	23:20	A2	2.33	2462303231	O15_FT	21:30	liga portugal	Benfica	Alverca	Over 1.5 (FT)	MEGA EXPLOSION	1.17
TSV: 2026-02-09_0230_df9595eead_SYS	2026-02-09	02:30	20:20	A2	2.2	3584356678	O15_FT	02:30	primera a colombia	Jaguares	Deportivo Pereira	Over 1.5 (FT)	MEGA EXPLOSION	1.53
TSV: 2026-02-09_0230_df9595eead_SYS	2026-02-09	02:30	20:20	A2	2.2	3437461497	O15_FT	18:00	super lig	Fenerbahçe	Genclerbirligi	Over 1.5 (FT)	MEGA EXPLOSION	1.18
TSV: 2026-02-09_0230_df9595eead_SYS	2026-02-09	02:30	20:20	A2	2.2	2741358748	O15_FT	18:30	serie a italia	Atalanta	Cremonese	Over 1.5 (FT)	FORT PLUS	1.22
TSV: 2026-02-10_2000_cae7caff13_SYS	2026-02-10	20:00	22:50	A2	2.55	2582671515	O15_FT	20:00	serie b	Virtus Entella	Cesena	Over 1.5 (FT)	FORT PLUS	1.42
TSV: 2026-02-10_2000_cae7caff13_SYS	2026-02-10	20:00	22:50	A2	2.55	2280383048	O15_FT	20:00	serie b	Reggiana	Mantova	Over 1.5 (FT)	MEGA EXPLOSION	1.38
TSV: 2026-02-10_2000_cae7caff13_SYS	2026-02-10	20:00	22:50	A2	2.55	2740177391	O15_FT	21:00	premiership	Heart Of Midlothian	Hibernian	Over 1.5 (FT)	EXPLOSION	1.3
TSV: 2026-02-11_2030_65d32e2f0f_SYS	2026-02-11	20:30	22:35	A2	2.65	2564787987	O15_FT	20:30	premier league	Nottingham Forest	Wolves	Over 1.5 (FT)	MEGA EXPLOSION	1.3
TSV: 2026-02-11_2030_65d32e2f0f_SYS	2026-02-11	20:30	22:35	A2	2.65	3418326726	O15_FT	20:30	premier league	Manchester City	Fulham	Over 1.5 (FT)	MEGA EXPLOSION	1.18
TSV: 2026-02-11_2030_65d32e2f0f_SYS	2026-02-11	20:30	22:35	A2	2.65	131500454	O15_FT	20:45	premiership	Kilmarnock	ST Mirren	Over 1.5 (FT)	MEGA EXPLOSION	1.38
TSV: 2026-02-11_2030_65d32e2f0f_SYS	2026-02-11	20:30	22:35	A2	2.65	2056190589	O15_FT	20:45	premiership	Dundee Utd	Aberdeen	Over 1.5 (FT)	MEGA EXPLOSION	1.25
TSV: 2026-02-12_1830_318683ee28_SYS	2026-02-12	18:30	22:50	A2	2.53	4029114117	O15_FT	18:30	saudi arabia	Al-Hazm	Al Okhdood	Over 1.5 (FT)	TRÈS FORT	1.33
TSV: 2026-02-12_1830_318683ee28_SYS	2026-02-12	18:30	22:50	A2	2.53	4073069953	O15_FT	20:30	super league switzerland	FC Sion	FC Basel 1893	Over 1.5 (FT)	MEGA EXPLOSION	1.22
TSV: 2026-02-12_1830_318683ee28_SYS	2026-02-12	18:30	22:50	A2	2.53	2669071286	O15_FT	20:30	super league switzerland	FC Thun	Lausanne	Over 1.5 (FT)	TRÈS FORT	1.22
TSV: 2026-02-12_1830_318683ee28_SYS	2026-02-12	18:30	22:50	A2	2.53	237324730	O15_FT	21:00	premier league	Brentford	Arsenal	Over 1.5 (FT)	MEGA EXPLOSION	1.28
TSV: 2026-02-13_1800_67c674f390_SYS	2026-02-13	18:00	21:20	A2	2.39	386934184	O15_FT	18:00	super lig	Antalyaspor	Samsunspor	Over 1.5 (FT)	FORT PLUS	1.42
TSV: 2026-02-13_1800_67c674f390_SYS	2026-02-13	18:00	21:20	A2	2.39	2373075306	O15_FT	18:30	saudi arabia	Al-Ittihad FC	Al-Fayha	Over 1.5 (FT)	MEGA EXPLOSION	1.2
TSV: 2026-02-13_1800_67c674f390_SYS	2026-02-13	18:00	21:20	A2	2.39	9858478	O15_FT	19:30	liga portugal	Santa Clara	Benfica	Over 1.5 (FT)	FORT PLUS	1.4
TSV: 2026-02-14_1230_746063c4ac_SYS	2026-02-14	12:30	15:50	A2	2.42	3042066375	O15_FT	12:30	super lig	Genclerbirligi	Rizespor	Over 1.5 (FT)	MEGA EXPLOSION	1.3
TSV: 2026-02-14_1230_746063c4ac_SYS	2026-02-14	12:30	15:50	A2	2.42	4000540793	O15_FT	14:00	laliga	Espanyol	Celta Vigo	Over 1.5 (FT)	MEGA EXPLOSION	1.4
TSV: 2026-02-14_1230_746063c4ac_SYS	2026-02-14	12:30	15:50	A2	2.42	168063614	O15_FT	14:00	laliga2	Cordoba	Leganes	Over 1.5 (FT)	TRÈS FORT	1.33
TSV: 2026-02-14_1630_4ddc56ebd2_SYS	2026-02-14	16:30	19:50	A2	2.36	1327374852	O15_FT	16:30	eredivisie	Heracles	NAC Breda	Over 1.5 (FT)	TRÈS FORT	1.28
TSV: 2026-02-14_1630_4ddc56ebd2_SYS	2026-02-14	16:30	19:50	A2	2.36	2534294185	O15_FT	16:30	liga portugal	Casa Pia	Arouca	Over 1.5 (FT)	MEGA EXPLOSION	1.42
TSV: 2026-02-14_1630_4ddc56ebd2_SYS	2026-02-14	16:30	19:50	A2	2.36	3284284298	O15_FT	18:00	czech first league	Sigma Olomouc	Plzen	Over 1.5 (FT)	EXPLOSION	1.3
TSV: 2026-02-14_2045_e58e03de07_SYS	2026-02-14	20:45	22:55	A2	2.37	497903780	O15_FT	20:45	pro league	Standard Liege	Union St. Gilloise	Over 1.5 (FT)	TRÈS FORT	1.36
TSV: 2026-02-14_2045_e58e03de07_SYS	2026-02-14	20:45	22:55	A2	2.37	172161115	O15_FT	20:45	serie a italia	Inter	Juventus	Over 1.5 (FT)	MEGA EXPLOSION	1.36
TSV: 2026-02-14_2045_e58e03de07_SYS	2026-02-14	20:45	22:55	A2	2.37	1925502906	O15_FT	21:05	ligue 1	Paris FC	Lens	Over 1.5 (FT)	TRÈS FORT	1.28
TSV: 2026-02-15_0200_405334a51e_SYS	2026-02-15	02:00	04:20	A2	2.45	2426378856	O15_FT	02:00	liga mx	Monterrey	Leon	Over 1.5 (FT)	TRÈS FORT	1.2
TSV: 2026-02-15_0200_405334a51e_SYS	2026-02-15	02:00	04:20	A2	2.45	2028164567	O15_FT	02:06	liga mx	FC Juarez	Necaxa	Over 1.5 (FT)	MEGA EXPLOSION	1.3
TSV: 2026-02-15_0200_405334a51e_SYS	2026-02-15	02:00	04:20	A2	2.45	3759809968	O15_FT	02:30	primera a colombia	Deportivo Pasto	Internacional de Bogota	Over 1.5 (FT)	MEGA EXPLOSION	1.57
TSV: 2026-02-15_1200_c45907b8d1_SYS	2026-02-15	12:00	15:20	A2	2.21	1348612323	O15_FT	12:00	liga portugal 2	Sporting CP B	Portimonense	Over 1.5 (FT)	FORT PLUS	1.28
TSV: 2026-02-15_1200_c45907b8d1_SYS	2026-02-15	12:00	15:20	A2	2.21	1522251802	O15_FT	13:30	pro league	Cercle Brugge	Club Brugge KV	Over 1.5 (FT)	MEGA EXPLOSION	1.18
TSV: 2026-02-15_1200_c45907b8d1_SYS	2026-02-15	12:00	15:20	A2	2.21	2858848619	O15_FT	13:30	2. bundesliga	1. FC Magdeburg	Arminia Bielefeld	Over 1.5 (FT)	TRÈS FORT	1.2
TSV: 2026-02-15_1200_c45907b8d1_SYS	2026-02-15	12:00	15:20	A2	2.21	1070915316	O15_FT	13:30	2. bundesliga	VfL Bochum	SC Paderborn 07	Over 1.5 (FT)	MEGA EXPLOSION	1.22
TSV: 2026-02-15_1615_6b074192d7_SYS	2026-02-15	16:15	18:20	A2	2.17	4043696408	O15_FT	16:15	laliga2	Huesca	AD Ceuta FC	Over 1.5 (FT)	MEGA EXPLOSION	1.45
TSV: 2026-02-15_1615_6b074192d7_SYS	2026-02-15	16:15	18:20	A2	2.17	678009799	O15_FT	16:30	super league switzerland	FC Basel 1893	FC Lugano	Over 1.5 (FT)	MEGA EXPLOSION	1.2
TSV: 2026-02-15_1615_6b074192d7_SYS	2026-02-15	16:15	18:20	A2	2.17	2418272550	O15_FT	16:30	super league switzerland	Lausanne	Servette FC	Over 1.5 (FT)	MEGA EXPLOSION	1.25
TSV: 2026-02-15_1930_3492840cd6_SYS	2026-02-15	19:30	22:50	A2	2.19	2588143761	O15_FT	19:30	serie b	Avellino	Pescara	Over 1.5 (FT)	MEGA EXPLOSION	1.3
TSV: 2026-02-15_1930_3492840cd6_SYS	2026-02-15	19:30	22:50	A2	2.19	1167162491	O15_FT	20:45	ligue 1	Lyon	Nice	Over 1.5 (FT)	MEGA EXPLOSION	1.22
TSV: 2026-02-15_1930_3492840cd6_SYS	2026-02-15	19:30	22:50	A2	2.19	3901330168	O15_FT	21:00	laliga	Mallorca	Real Betis	Over 1.5 (FT)	MEGA EXPLOSION	1.38
TSV: 2026-02-16_0230_bf96ed511d_SYS	2026-02-16	02:30	22:50	A2	2.3	2728763493	O15_FT	02:30	primera a colombia	Fortaleza FC	Chico	Over 1.5 (FT)	EXPLOSION	1.42
TSV: 2026-02-16_0230_bf96ed511d_SYS	2026-02-16	02:30	22:50	A2	2.3	100202755	O15_FT	20:30	laliga2	Real Sociedad II	Malaga	Over 1.5 (FT)	MEGA EXPLOSION	1.33
TSV: 2026-02-16_0230_bf96ed511d_SYS	2026-02-16	02:30	22:50	A2	2.3	2986307363	O15_FT	21:00	championship	Coventry	Middlesbrough	Over 1.5 (FT)	TRÈS FORT	1.22
TSV: 2026-02-17_2000_0637427ffb_SYS	2026-02-17	20:00	22:50	A2	2.28	20696840	O15_FT	20:00	eredivisie	Sparta Rotterdam	NEC Nijmegen	Over 1.5 (FT)	MEGA EXPLOSION	1.17
TSV: 2026-02-17_2000_0637427ffb_SYS	2026-02-17	20:00	22:50	A2	2.28	4074278202	O15_FT	20:45	championship	Bristol City	Wrexham	Over 1.5 (FT)	MEGA EXPLOSION	1.3
TSV: 2026-02-17_2000_0637427ffb_SYS	2026-02-17	20:00	22:50	A2	2.28	3114280153	O15_FT	21:00	uefa champions league	Borussia Dortmund	Atalanta	Over 1.5 (FT)	MEGA EXPLOSION	1.25
TSV: 2026-02-17_2000_0637427ffb_SYS	2026-02-17	20:00	22:50	A2	2.28	2980570166	O15_FT	21:00	uefa champions league	Benfica	Real Madrid	Over 1.5 (FT)	MEGA EXPLOSION	1.2
TSV: 2026-02-18_1845_05629dcfff_SYS	2026-02-18	18:45	22:50	A2	2.23	2152651668	O15_FT	18:45	uefa champions league	Qarabag	Newcastle	Over 1.5 (FT)	MEGA EXPLOSION	1.2
TSV: 2026-02-18_1845_05629dcfff_SYS	2026-02-18	18:45	22:50	A2	2.23	506418485	O15_FT	19:00	super league switzerland	FC Winterthur	FC ST. Gallen	Over 1.5 (FT)	MEGA EXPLOSION	1.17
TSV: 2026-02-18_1845_05629dcfff_SYS	2026-02-18	18:45	22:50	A2	2.23	4113349177	O15_FT	20:00	laliga	Levante	Villarreal	Over 1.5 (FT)	MEGA EXPLOSION	1.22
TSV: 2026-02-18_1845_05629dcfff_SYS	2026-02-18	18:45	22:50	A2	2.23	684289451	O15_FT	21:00	uefa champions league	Olympiakos Piraeus	Bayer Leverkusen	Over 1.5 (FT)	TRÈS FORT	1.3
TSV: 2026-02-19_0130_494336bb7c_SYS	2026-02-19	01:30	21:50	A2	2.24	1941603580	O15_FT	01:30	primera a colombia	Junior	America de Cali	Over 1.5 (FT)	MEGA EXPLOSION	1.38
TSV: 2026-02-19_0130_494336bb7c_SYS	2026-02-19	01:30	21:50	A2	2.24	3993105182	O15_FT	18:45	uefa europa league	Dinamo Zagreb	Genk	Over 1.5 (FT)	MEGA EXPLOSION	1.3
TSV: 2026-02-19_0130_494336bb7c_SYS	2026-02-19	01:30	21:50	A2	2.24	4245817019	O15_FT	20:00	saudi arabia	Al-Ettifaq	Al-Fateh	Over 1.5 (FT)	FORT PLUS	1.25
TSV: 2026-02-20_2000_7fedd80799_SYS	2026-02-20	20:00	22:35	A2	2.27	162213638	O15_FT	20:00	eredivisie	Fortuna Sittard	Excelsior	Over 1.5 (FT)	MEGA EXPLOSION	1.25
TSV: 2026-02-20_2000_7fedd80799_SYS	2026-02-20	20:00	22:35	A2	2.27	1946186320	O15_FT	20:45	cymru premier league	llanelli AFC	Haverfordwest County AFC	Over 1.5 (FT)	MEGA EXPLOSION	1.21
TSV: 2026-02-20_2000_7fedd80799_SYS	2026-02-20	20:00	22:35	A2	2.27	1080009074	O15_FT	20:45	pro league	Gent	Cercle Brugge	Over 1.5 (FT)	MEGA EXPLOSION	1.22
TSV: 2026-02-20_2000_7fedd80799_SYS	2026-02-20	20:00	22:35	A2	2.27	2605709783	O15_FT	20:45	ligue 1	Stade Brestois 29	Marseille	Over 1.5 (FT)	MEGA EXPLOSION	1.23
TSV: 2026-02-21_0100_535a214bac_SYS	2026-02-21	01:00	04:20	A2	2.52	670931119	O15_FT	01:00	liga pro ecuador	Orense SC	LDU de Quito	Over 1.5 (FT)	MEGA EXPLOSION	1.35
TSV: 2026-02-21_0100_535a214bac_SYS	2026-02-21	01:00	04:20	A2	2.52	210763326	O15_FT	02:00	liga mx	Tigres UANL	Pachuca	Over 1.5 (FT)	TRÈS FORT	1.22
TSV: 2026-02-21_0100_535a214bac_SYS	2026-02-21	01:00	04:20	A2	2.52	935383206	O15_FT	02:30	primera a colombia	Deportivo Pereira	Deportivo Pasto	Over 1.5 (FT)	MEGA EXPLOSION	1.53
TSV: 2026-02-21_1130_c2f8f4aa1c_SYS	2026-02-21	11:30	14:50	A2	2.21	3742356531	O15_FT	11:30	super lig	Eyüpspor	Genclerbirligi	Over 1.5 (FT)	MEGA EXPLOSION	1.28
TSV: 2026-02-21_1130_c2f8f4aa1c_SYS	2026-02-21	11:30	14:50	A2	2.21	784088695	O15_FT	13:00	2. bundesliga	SV Darmstadt 98	Fortuna Düsseldorf	Over 1.5 (FT)	FORT PLUS	1.2
TSV: 2026-02-21_1130_c2f8f4aa1c_SYS	2026-02-21	11:30	14:50	A2	2.21	1260738414	O15_FT	13:00	2. bundesliga	SV Elversberg	Eintracht Braunschweig	Over 1.5 (FT)	MEGA EXPLOSION	1.18
TSV: 2026-02-21_1130_c2f8f4aa1c_SYS	2026-02-21	11:30	14:50	A2	2.21	2455724372	TEAM2_SCORE_FT	13:00	2. bundesliga	Karlsruher SC	Holstein Kiel	Team2 scores (FT)	FORT PLUS	1.22
TSV: 2026-02-21_1600_5fd7605b33_SYS	2026-02-21	16:00	18:05	A2	2.3	339105383	O15_FT	16:00	championship	Watford	Derby	Over 1.5 (FT)	MEGA EXPLOSION	1.36
TSV: 2026-02-21_1600_5fd7605b33_SYS	2026-02-21	16:00	18:05	A2	2.3	1341374682	O15_FT	16:00	championship	Wrexham	Ipswich	Over 1.5 (FT)	EXPLOSION	1.33
TSV: 2026-02-21_1600_5fd7605b33_SYS	2026-02-21	16:00	18:05	A2	2.3	2049395881	O15_FT	16:15	laliga	Real Betis	Rayo Vallecano	Over 1.5 (FT)	MEGA EXPLOSION	1.27
TSV: 2026-02-21_2030_8b71afe9d7_SYS	2026-02-21	20:30	23:20	A2	2.24	3810058487	O15_FT	20:30	2. bundesliga	FC Schalke 04	1. FC Magdeburg	Over 1.5 (FT)	MEGA EXPLOSION	1.22
TSV: 2026-02-21_2030_8b71afe9d7_SYS	2026-02-21	20:30	23:20	A2	2.24	2507858690	O15_FT	20:30	super league switzerland	Grasshoppers	FC Zurich	Over 1.5 (FT)	MEGA EXPLOSION	1.25
TSV: 2026-02-21_2030_8b71afe9d7_SYS	2026-02-21	20:30	23:20	A2	2.24	3303902392	O15_FT	21:00	eredivisie	Ajax	NEC Nijmegen	Over 1.5 (FT)	MEGA EXPLOSION	1.15
TSV: 2026-02-21_2030_8b71afe9d7_SYS	2026-02-21	20:30	23:20	A2	2.24	1033689840	O15_FT	21:30	liga portugal	SC Braga	Guimaraes	Over 1.5 (FT)	EXPLOSION	1.28
TSV: 2026-02-22_0130_300aa76f5e_SYS	2026-02-22	01:30	04:20	A2	2.54	2325926065	HT1X_HOME	01:30	mls	Orlando City SC	New York Red Bulls	HT 1X Home	TRÈS FORT	1.2
TSV: 2026-02-22_0130_300aa76f5e_SYS	2026-02-22	01:30	04:20	A2	2.54	2853115979	O15_FT	01:30	mls	DC United	Philadelphia Union	Over 1.5 (FT)	FORT PLUS	1.38
TSV: 2026-02-22_0130_300aa76f5e_SYS	2026-02-22	01:30	04:20	A2	2.54	2114461211	TEAM1_SCORE_FT	02:30	mls	FC Dallas	Toronto FC	Team1 scores (FT)	FORT PLUS	1.18
TSV: 2026-02-22_0130_300aa76f5e_SYS	2026-02-22	01:30	04:20	A2	2.54	400561959	O15_FT	02:30	mls	Austin	Minnesota United FC	Over 1.5 (FT)	MEGA EXPLOSION	1.3
TSV: 2026-02-22_1130_f814d3846e_SYS	2026-02-22	11:30	14:20	A2	2.31	1560231572	O15_FT	11:30	super lig	Kayserispor	Antalyaspor	Over 1.5 (FT)	FORT PLUS	1.38
TSV: 2026-02-22_1130_f814d3846e_SYS	2026-02-22	11:30	14:20	A2	2.31	4126812648	O15_FT	12:15	eredivisie	Twente	Groningen	Over 1.5 (FT)	MEGA EXPLOSION	1.18
TSV: 2026-02-22_1130_f814d3846e_SYS	2026-02-22	11:30	14:20	A2	2.31	3604001928	O15_FT	12:30	serie a italia	Genoa	Torino	Over 1.5 (FT)	MEGA EXPLOSION	1.42
TSV: 2026-02-22_1615_e90da912c6_SYS	2026-02-22	16:15	18:20	A2	2.48	257946265	O15_FT	16:15	laliga2	FC Andorra	Zaragoza	Over 1.5 (FT)	MEGA EXPLOSION	1.33
TSV: 2026-02-22_1615_e90da912c6_SYS	2026-02-22	16:15	18:20	A2	2.48	3575855924	HT1X_HOME	16:30	liga portugal 2	Portimonense	Academico Viseu	HT 1X Home	TRÈS FORT	1.53
TSV: 2026-02-22_1615_e90da912c6_SYS	2026-02-22	16:15	18:20	A2	2.48	1960655612	O15_FT	16:30	super league switzerland	FC Lugano	Lausanne	Over 1.5 (FT)	MEGA EXPLOSION	1.22
TSV: 2026-02-22_1900_ac7bd752f9_SYS	2026-02-22	19:00	21:05	A2	2.25	3825562832	O15_FT	19:00	liga portugal 2	Lusitânia Lourosa	Feirense	Over 1.5 (FT)	TRÈS FORT	1.44
TSV: 2026-02-22_1900_ac7bd752f9_SYS	2026-02-22	19:00	21:05	A2	2.25	867967347	O15_FT	19:00	liga portugal	Estoril	GIL Vicente	Over 1.5 (FT)	MEGA EXPLOSION	1.28
TSV: 2026-02-22_1900_ac7bd752f9_SYS	2026-02-22	19:00	21:05	A2	2.25	2798013807	O15_FT	19:15	pro league	KVC Westerlo	Charleroi	Over 1.5 (FT)	MEGA EXPLOSION	1.22
TSV: 2026-02-23_0100_3042b41812_SYS	2026-02-23	01:00	05:05	A2	2.33	1159202447	HT05	01:00	mls	Los Angeles Galaxy	New York City FC	HT+0.5	MEGA EXPLOSION	1.33
TSV: 2026-02-23_0100_3042b41812_SYS	2026-02-23	01:00	05:05	A2	2.33	1680591305	HT05	02:00	liga mx	Club Queretaro	FC Juarez	HT+0.5	FORT PLUS	1.4
TSV: 2026-02-23_0100_3042b41812_SYS	2026-02-23	01:00	05:05	A2	2.33	3379756881	HT05	03:15	mls	Seattle Sounders	Colorado Rapids	HT+0.5	TRÈS FORT	1.25
TSV: 2026-02-23_2030_f7aa7a7ecb_SYS	2026-02-23	20:30	23:05	A2	2.24	484276253	O15_FT	20:30	laliga2	Cadiz	Real Sociedad II	Over 1.5 (FT)	TRÈS FORT	1.38
TSV: 2026-02-23_2030_f7aa7a7ecb_SYS	2026-02-23	20:30	23:05	A2	2.24	1860258108	O15_FT	21:00	premier league	Everton	Manchester United	Over 1.5 (FT)	MEGA EXPLOSION	1.22
TSV: 2026-02-23_2030_f7aa7a7ecb_SYS	2026-02-23	20:30	23:05	A2	2.24	1010033596	O15_FT	21:15	liga portugal	Famalicao	Casa Pia	Over 1.5 (FT)	TRÈS FORT	1.33
TSV: 2026-02-24_0130_7fa79f71c7_SYS	2026-02-24	01:30	21:50	A2	2.45	2029974776	HT05	01:30	liga pro ecuador	Libertad	Manta FC	HT+0.5	MEGA EXPLOSION	1.36
TSV: 2026-02-24_0130_7fa79f71c7_SYS	2026-02-24	01:30	21:50	A2	2.45	3374538314	O15_FT	20:00	saudi arabia	Al-Hazm	Al-Ittihad FC	Over 1.5 (FT)	MEGA EXPLOSION	1.18
TSV: 2026-02-24_0130_7fa79f71c7_SYS	2026-02-24	01:30	21:50	A2	2.45	1553163023	HT1X_HOME	20:00	saudi arabia	Al Khaleej Saihat	Al Kholood	HT 1X Home	FORT PLUS	1.22
TSV: 2026-02-24_0130_7fa79f71c7_SYS	2026-02-24	01:30	21:50	A2	2.45	729602551	HT05	20:00	saudi arabia	Al Taawon	Al-Hilal Saudi FC	HT+0.5	TRÈS FORT	1.25
TSV: 2026-02-25_1845_6aa7c4aedf_SYS	2026-02-25	18:45	21:50	A2	2.53	4188164313	O15_FT	18:45	uefa champions league	Atalanta	Borussia Dortmund	Over 1.5 (FT)	MEGA EXPLOSION	1.2
TSV: 2026-02-25_1845_6aa7c4aedf_SYS	2026-02-25	18:45	21:50	A2	2.53	1782992609	HT05	19:00	super league switzerland	FC Winterthur	FC Thun	HT+0.5	MEGA EXPLOSION	1.22
TSV: 2026-02-25_1845_6aa7c4aedf_SYS	2026-02-25	18:45	21:50	A2	2.53	3486447986	O15_FT	19:00	laliga2	AD Ceuta FC	Cordoba	Over 1.5 (FT)	MEGA EXPLOSION	1.3
TSV: 2026-02-25_1845_6aa7c4aedf_SYS	2026-02-25	18:45	21:50	A2	2.53	369824751	HT1X_HOME	20:00	saudi arabia	Al-Fayha	NEOM	HT 1X Home	TRÈS FORT	1.33
TSV: 2026-02-25_2300_8c2888e036_SYS	2026-02-25	23:00	01:20	A2	2.66	1887959076	HT1X_HOME	23:00	serie a brazil	remo	Internacional	HT 1X Home	TRÈS FORT	1.38
TSV: 2026-02-25_2300_8c2888e036_SYS	2026-02-25	23:00	01:20	A2	2.66	108389803	HT1X_HOME	23:30	liga profesional argentina	Newells Old Boys	Estudiantes L.P.	HT 1X Home	FORT PLUS	1.3
TSV: 2026-02-25_2300_8c2888e036_SYS	2026-02-25	23:00	01:20	A2	2.66	4034882426	HT05	23:30	serie a brazil	Coritiba	Sao Paulo	HT+0.5	FORT PLUS	1.48
TSV: 2026-02-26_1845_07ae66df16_SYS	2026-02-26	18:45	21:50	A2	2.46	1851783989	HT05	18:45	uefa europa league	VfB Stuttgart	Celtic	HT+0.5	MEGA EXPLOSION	1.22
TSV: 2026-02-26_1845_07ae66df16_SYS	2026-02-26	18:45	21:50	A2	2.46	2762044328	O15_FT	18:45	uefa europa league	Plzen	Panathinaikos	Over 1.5 (FT)	EXPLOSION	1.4
TSV: 2026-02-26_1845_07ae66df16_SYS	2026-02-26	18:45	21:50	A2	2.46	4289279709	O15_FT	20:00	saudi arabia	Al Riyadh	Al-Ahli Jeddah	Over 1.5 (FT)	EXPLOSION	1.18
TSV: 2026-02-26_1845_07ae66df16_SYS	2026-02-26	18:45	21:50	A2	2.46	198716996	O15_FT	20:00	saudi arabia	Al-Fateh	Damac	Over 1.5 (FT)	MEGA EXPLOSION	1.22
TSV: 2026-02-27_1800_224f004789_SYS	2026-02-27	18:00	20:20	A2	2.3	3078183236	HT05	18:00	super lig	Başakşehir	Konyaspor	HT+0.5	TRÈS FORT	1.3
TSV: 2026-02-27_1800_224f004789_SYS	2026-02-27	18:00	20:20	A2	2.3	3445911553	HT05	18:00	super lig	Trabzonspor	Fatih Karagümrük	HT+0.5	MEGA EXPLOSION	1.33
TSV: 2026-02-27_1800_224f004789_SYS	2026-02-27	18:00	20:20	A2	2.3	1847262176	HT05	18:30	2. bundesliga	Dynamo Dresden	SV Darmstadt 98	HT+0.5	TRÈS FORT	1.33
TSV: 2026-02-28_0200_2ab08af5bf_SYS	2026-02-28	02:00	05:50	A2	2.44	1825974246	HT05	02:00	liga mx	Club Queretaro	Santos Laguna	HT+0.5	FORT PLUS	1.36
TSV: 2026-02-28_0200_2ab08af5bf_SYS	2026-02-28	02:00	05:50	A2	2.44	3353670797	O15_FT	02:00	liga mx	Mazatlán	Pachuca	Over 1.5 (FT)	TRÈS FORT	1.3
TSV: 2026-02-28_0200_2ab08af5bf_SYS	2026-02-28	02:00	05:50	A2	2.44	2649200683	HT05	04:00	liga mx	FC Juarez	Atlas	HT+0.5	MEGA EXPLOSION	1.38
TSV: 2026-02-28_1130_bda0d7c9d0_SYS	2026-02-28	11:30	14:50	A2	2.44	2643105826	O15_FT	11:30	super lig	Kasımpaşa	Rizespor	Over 1.5 (FT)	TRÈS FORT	1.3
TSV: 2026-02-28_1130_bda0d7c9d0_SYS	2026-02-28	11:30	14:50	A2	2.44	2608852870	HT05	13:00	2. bundesliga	1. FC Kaiserslautern	SC Paderborn 07	HT+0.5	MEGA EXPLOSION	1.28
TSV: 2026-02-28_1130_bda0d7c9d0_SYS	2026-02-28	11:30	14:50	A2	2.44	3508683126	O15_FT	13:00	2. bundesliga	Arminia Bielefeld	Hannover 96	Over 1.5 (FT)	MEGA EXPLOSION	1.22
TSV: 2026-02-28_1130_bda0d7c9d0_SYS	2026-02-28	11:30	14:50	A2	2.44	775584651	O15_FT	13:00	2. bundesliga	Holstein Kiel	SV Elversberg	Over 1.5 (FT)	MEGA EXPLOSION	1.2
TSV: 2026-02-28_1530_2c49f3e119_SYS	2026-02-28	15:30	18:20	A2	2.33	3393222207	HT05	15:30	bundesliga	Bayer Leverkusen	FSV Mainz 05	HT+0.5	MEGA EXPLOSION	1.3
TSV: 2026-02-28_1530_2c49f3e119_SYS	2026-02-28	15:30	18:20	A2	2.33	3997285522	O15_FT	16:30	liga portugal	AVS	Estrela	Over 1.5 (FT)	MEGA EXPLOSION	1.4
TSV: 2026-02-28_1530_2c49f3e119_SYS	2026-02-28	15:30	18:20	A2	2.33	3318140674	HT1X_HOME	16:30	liga portugal 2	Vizela	Chaves	HT 1X Home	TRÈS FORT	1.28
TSV: 2026-02-28_1930_4e3d061314_SYS	2026-02-28	19:30	22:20	A2	2.24	2609900288	HT05	19:30	serie b	Avellino	Juve Stabia	HT+0.5	MEGA EXPLOSION	1.44
TSV: 2026-02-28_1930_4e3d061314_SYS	2026-02-28	19:30	22:20	A2	2.24	737219133	O15_FT	20:00	saudi arabia	Al-Fayha	Al-Nassr	Over 1.5 (FT)	TRÈS FORT	1.17
TSV: 2026-02-28_1930_4e3d061314_SYS	2026-02-28	19:30	22:20	A2	2.24	3721893763	HT05	20:30	mls	New York Red Bulls	New England Revolution	HT+0.5	TRÈS FORT	1.33
TSV: 2026-03-01_0130_923588e3c1_SYS	2026-03-01	01:30	03:56	A2	2.22	3987553828	O15_FT	01:30	mls	San Jose Earthquakes	Atlanta United FC	Over 1.5 (FT)	FORT PLUS	1.22
TSV: 2026-03-01_0130_923588e3c1_SYS	2026-03-01	01:30	03:56	A2	2.22	4280947201	HT05	02:05	liga mx	Monterrey	Cruz Azul	HT+0.5	EXPLOSION	1.35
TSV: 2026-03-01_0130_923588e3c1_SYS	2026-03-01	01:30	03:56	A2	2.22	1969021589	HT05	02:06	liga mx	Leon	Necaxa	HT+0.5	EXPLOSION	1.35
TSV: 2026-03-01_1215_a7ba496395_SYS	2026-03-01	12:15	15:20	A2	2.28	668309224	O15_FT	12:15	eredivisie	PEC Zwolle	Ajax	Over 1.5 (FT)	MEGA EXPLOSION	1.17
TSV: 2026-03-01_1215_a7ba496395_SYS	2026-03-01	12:15	15:20	A2	2.28	3320546947	HT05	13:00	premiership	Rangers	Celtic	HT+0.5	MEGA EXPLOSION	1.33
TSV: 2026-03-01_1215_a7ba496395_SYS	2026-03-01	12:15	15:20	A2	2.28	81751399	O15_FT	13:30	2. bundesliga	Hertha BSC	1. FC Nürnberg	Over 1.5 (FT)	MEGA EXPLOSION	1.2
TSV: 2026-03-01_1215_a7ba496395_SYS	2026-03-01	12:15	15:20	A2	2.28	2786147799	HT05	13:30	2. bundesliga	1. FC Magdeburg	Karlsruher SC	HT+0.5	MEGA EXPLOSION	1.22
TSV: 2026-03-01_1615_26b0839bfa_SYS	2026-03-01	16:15	19:20	A2	2.41	2392112177	O15_FT	16:15	laliga2	Mirandes	AD Ceuta FC	Over 1.5 (FT)	MEGA EXPLOSION	1.42
TSV: 2026-03-01_1615_26b0839bfa_SYS	2026-03-01	16:15	19:20	A2	2.41	3090470609	TEAM1_SCORE_FT	16:30	super league switzerland	Grasshoppers	FC Lugano	Team1 scores (FT)	FORT PLUS	1.36
TSV: 2026-03-01_1615_26b0839bfa_SYS	2026-03-01	16:15	19:20	A2	2.41	3745916196	O15_FT	17:30	bundesliga	Eintracht Frankfurt	SC Freiburg	Over 1.5 (FT)	FORT PLUS	1.25
TSV: 2026-03-01_2000_3da1f19683_SYS	2026-03-01	20:00	22:50	A2	2.31	1521263347	O15_FT	20:00	primera a colombia	Deportivo Pasto	Cucuta	Over 1.5 (FT)	MEGA EXPLOSION	1.48
TSV: 2026-03-01_2000_3da1f19683_SYS	2026-03-01	20:00	22:50	A2	2.31	1139084553	O15_FT	20:45	ligue 1	Marseille	Lyon	Over 1.5 (FT)	FORT PLUS	1.25
TSV: 2026-03-01_2000_3da1f19683_SYS	2026-03-01	20:00	22:50	A2	2.31	550592757	HT1X_HOME	21:00	laliga	Girona	Celta Vigo	HT 1X Home	TRÈS FORT	1.25
TSV: 2026-03-02_0100_0621ac0c06_SYS	2026-03-02	01:00	21:50	A2	2.57	2179402055	HT05	01:00	mls	Orlando City SC	Inter Miami	HT+0.5	MEGA EXPLOSION	1.22
TSV: 2026-03-02_0100_0621ac0c06_SYS	2026-03-02	01:00	21:50	A2	2.57	3363537894	HT05	03:15	mls	San Diego	St. Louis City	HT+0.5	MEGA EXPLOSION	1.25
TSV: 2026-03-02_0100_0621ac0c06_SYS	2026-03-02	01:00	21:50	A2	2.57	3699789850	HT1X_HOME	19:00	liga portugal 2	Feirense	Felgueiras 1932	HT 1X Home	TRÈS FORT	1.22
TSV: 2026-03-02_0100_0621ac0c06_SYS	2026-03-02	01:00	21:50	A2	2.57	2721747369	O15_FT	20:00	laliga2	Sporting Gijon	Leganes	Over 1.5 (FT)	MEGA EXPLOSION	1.38
TSV: 2026-03-03_1900_c88d2662f5_SYS	2026-03-03	19:00	22:20	A2	2.21	1854160487	HT05	19:00	serie b	Padova	Spezia	HT+0.5	MEGA EXPLOSION	1.44
TSV: 2026-03-03_1900_c88d2662f5_SYS	2026-03-03	19:00	22:20	A2	2.21	1611211839	HT05	20:30	premier league	Bournemouth	Brentford	HT+0.5	EXPLOSION	1.3
TSV: 2026-03-03_1900_c88d2662f5_SYS	2026-03-03	19:00	22:20	A2	2.21	3374544712	O15_FT	20:30	super league switzerland	FC Winterthur	Servette FC	Over 1.5 (FT)	MEGA EXPLOSION	1.18
TSV: 2026-03-04_0115_f6774cab4e_SYS	2026-03-04	01:15	03:50	A2	2.24	2139831369	HT1X_HOME	01:15	liga profesional argentina	Atletico Tucuman	Racing Club	HT 1X Home	TRÈS FORT	1.3
TSV: 2026-03-04_0115_f6774cab4e_SYS	2026-03-04	01:15	03:50	A2	2.24	1333636424	HT05	02:00	liga mx	Santos Laguna	Cruz Azul	HT+0.5	MEGA EXPLOSION	1.25
TSV: 2026-03-04_0115_f6774cab4e_SYS	2026-03-04	01:15	03:50	A2	2.24	1239160639	HT05	02:00	liga mx	Pachuca	Necaxa	HT+0.5	MEGA EXPLOSION	1.38
TSV: 2026-03-04_1900_7bc82986da_SYS	2026-03-04	19:00	22:20	A2	2.63	34948034	O15_FT	19:00	laliga	Rayo Vallecano	Oviedo	Over 1.5 (FT)	MEGA EXPLOSION	1.38
TSV: 2026-03-04_1900_7bc82986da_SYS	2026-03-04	19:00	22:20	A2	2.63	3890633830	O15_FT	20:00	serie b	Palermo	Mantova	Over 1.5 (FT)	MEGA EXPLOSION	1.25
TSV: 2026-03-04_1900_7bc82986da_SYS	2026-03-04	19:00	22:20	A2	2.63	3463435952	O15_FT	20:30	premier league	Fulham	West Ham	Over 1.5 (FT)	MEGA EXPLOSION	1.22
TSV: 2026-03-04_1900_7bc82986da_SYS	2026-03-04	19:00	22:20	A2	2.63	698180312	TEAM1_SCORE_FT	20:30	super league switzerland	FC Zurich	Lausanne	Team1 scores (FT)	FORT PLUS	1.25
TSV: 2026-03-05_0200_64cb8644e0_SYS	2026-03-05	02:00	05:50	A2	2.35	2014122597	HT05	02:00	liga mx	Monterrey	Club Queretaro	HT+0.5	EXPLOSION	1.3
TSV: 2026-03-05_0200_64cb8644e0_SYS	2026-03-05	02:00	05:50	A2	2.35	2598110976	HT05	04:00	liga mx	Atlas	Club Tijuana	HT+0.5	FORT PLUS	1.36
TSV: 2026-03-05_0200_64cb8644e0_SYS	2026-03-05	02:00	05:50	A2	2.35	464362863	O15_FT	04:00	liga mx	Club America	FC Juarez	Over 1.5 (FT)	TRÈS FORT	1.33
TSV: 2026-03-05_2000_3d9228558e_SYS	2026-03-05	20:00	23:00	A2	2.53	1531447790	HT05	20:00	saudi arabia	Damac	Al Riyadh	HT+0.5	EXPLOSION	1.5
TSV: 2026-03-05_2000_3d9228558e_SYS	2026-03-05	20:00	23:00	A2	2.53	1586313996	O15_FT	20:30	super league switzerland	FC Thun	FC ST. Gallen	Over 1.5 (FT)	MEGA EXPLOSION	1.17
TSV: 2026-03-05_2000_3d9228558e_SYS	2026-03-05	20:00	23:00	A2	2.53	1684379280	O15_FT	20:30	super league switzerland	FC Basel 1893	Grasshoppers	Over 1.5 (FT)	MEGA EXPLOSION	1.18
TSV: 2026-03-05_2000_3d9228558e_SYS	2026-03-05	20:00	23:00	A2	2.53	708227676	O15_FT	21:10	coupe de france	Lyon	Lens	Over 1.5 (FT)	MEGA EXPLOSION	1.22
TSV: 2026-03-06_1830_120db0f2cb_SYS	2026-03-06	18:30	21:50	A2	2.35	3559908529	O15_FT	18:30	2. bundesliga	FC Schalke 04	Arminia Bielefeld	Over 1.5 (FT)	MEGA EXPLOSION	1.25
TSV: 2026-03-06_1830_120db0f2cb_SYS	2026-03-06	18:30	21:50	A2	2.35	3094707374	O15_FT	20:00	saudi arabia	Al Khaleej Saihat	Al-Hazm	Over 1.5 (FT)	TRÈS FORT	1.2
TSV: 2026-03-06_1830_120db0f2cb_SYS	2026-03-06	18:30	21:50	A2	2.35	1790906572	O15_FT	20:00	superligaen	Kisvarda FC	Puskas Academy	Over 1.5 (FT)	TRÈS FORT	1.36
TSV: 2026-03-06_1830_120db0f2cb_SYS	2026-03-06	18:30	21:50	A2	2.35	2477888168	TEAM1_SCORE_FT	20:00	saudi arabia	Al Taawon	Al-Fateh	Team1 scores (FT)	FORT PLUS	1.15
TSV: 2026-03-07_0200_63465b25a9_SYS	2026-03-07	02:00	14:50	A2	2.23	944325413	O15_FT	02:00	liga mx	Mazatlán	Leon	Over 1.5 (FT)	MEGA EXPLOSION	1.25
TSV: 2026-03-07_0200_63465b25a9_SYS	2026-03-07	02:00	14:50	A2	2.23	2811813426	TEAM2_SCORE_FT	04:00	liga mx	Necaxa	U.N.A.M. - Pumas	Team2 scores (FT)	TRÈS FORT	1.22
TSV: 2026-03-07_0200_63465b25a9_SYS	2026-03-07	02:00	14:50	A2	2.23	1373657002	O15_FT	13:00	2. bundesliga	1. FC Nürnberg	Fortuna Düsseldorf	Over 1.5 (FT)	MEGA EXPLOSION	1.22
TSV: 2026-03-07_0200_63465b25a9_SYS	2026-03-07	02:00	14:50	A2	2.23	1681199788	O15_FT	13:00	2. bundesliga	SV Darmstadt 98	Holstein Kiel	Over 1.5 (FT)	MEGA EXPLOSION	1.2
TSV: 2026-03-07_1600_968dd3d5bd_SYS	2026-03-07	16:00	18:20	A2	2.43	3893122518	O15_FT	16:00	championship	Ipswich	Leicester	Over 1.5 (FT)	MEGA EXPLOSION	1.22
TSV: 2026-03-07_1600_968dd3d5bd_SYS	2026-03-07	16:00	18:20	A2	2.43	1002490700	O15_FT	16:15	laliga2	Real Sociedad II	Castellón	Over 1.5 (FT)	MEGA EXPLOSION	1.25
TSV: 2026-03-07_1600_968dd3d5bd_SYS	2026-03-07	16:00	18:20	A2	2.43	3785973234	O15_FT	16:30	liga portugal	Alverca	AVS	Over 1.5 (FT)	MEGA EXPLOSION	1.33
TSV: 2026-03-07_1600_968dd3d5bd_SYS	2026-03-07	16:00	18:20	A2	2.43	3501230426	O15_FT	16:30	eredivisie	Groningen	Ajax	Over 1.5 (FT)	MEGA EXPLOSION	1.2
TSV: 2026-03-07_2030_d105caad8c_SYS	2026-03-07	20:30	23:20	A2	2.25	590482616	O15_FT	20:30	super league switzerland	FC Lugano	FC Luzern	Over 1.5 (FT)	MEGA EXPLOSION	1.2
TSV: 2026-03-07_2030_d105caad8c_SYS	2026-03-07	20:30	23:20	A2	2.25	1017831498	O15_FT	21:00	laliga	Athletic Club	Barcelona	Over 1.5 (FT)	MEGA EXPLOSION	1.17
TSV: 2026-03-07_2030_d105caad8c_SYS	2026-03-07	20:30	23:20	A2	2.25	1813651184	O15_FT	21:05	ligue 1	Toulouse	Marseille	Over 1.5 (FT)	FORT PLUS	1.28
TSV: 2026-03-07_2030_d105caad8c_SYS	2026-03-07	20:30	23:20	A2	2.25	2598183219	O15_FT	21:30	liga portugal	Estoril	Casa Pia	Over 1.5 (FT)	MEGA EXPLOSION	1.25
TSV: 2026-03-08_1330_d65e883742_SYS	2026-03-08	13:30	16:20	A2	2.34	902674822	O15_FT	13:30	superligaen	MTK Budapest	Diosgyori VTK	Over 1.5 (FT)	MEGA EXPLOSION	1.2
TSV: 2026-03-08_1330_d65e883742_SYS	2026-03-08	13:30	16:20	A2	2.34	2794390490	O15_FT	13:30	2. bundesliga	Karlsruher SC	Dynamo Dresden	Over 1.5 (FT)	MEGA EXPLOSION	1.2
TSV: 2026-03-08_1330_d65e883742_SYS	2026-03-08	13:30	16:20	A2	2.34	3662693112	O15_FT	14:00	laliga2	Las Palmas	AD Ceuta FC	Over 1.5 (FT)	MEGA EXPLOSION	1.33
TSV: 2026-03-08_1330_d65e883742_SYS	2026-03-08	13:30	16:20	A2	2.34	1006745778	O15_FT	14:30	eredivisie	Fortuna Sittard	Telstar	Over 1.5 (FT)	MEGA EXPLOSION	1.22
TSV: 2026-03-08_1630_a53f08e42e_SYS	2026-03-08	16:30	20:20	A2	2.24	841816495	O15_FT	16:30	liga portugal	Estrela	GIL Vicente	Over 1.5 (FT)	MEGA EXPLOSION	1.4
TSV: 2026-03-08_1630_a53f08e42e_SYS	2026-03-08	16:30	20:20	A2	2.24	4217806445	TEAM1_SCORE_FT	16:30	super league switzerland	Grasshoppers	Lausanne	Team1 scores (FT)	FORT PLUS	1.25
TSV: 2026-03-08_1630_a53f08e42e_SYS	2026-03-08	16:30	20:20	A2	2.24	49034790	O15_FT	18:30	superligaen	Nyiregyhaza	Ferencvarosi TC	Over 1.5 (FT)	MEGA EXPLOSION	1.28
TSV: 2026-03-09_0406_9b2fa55da8_SYS	2026-03-09	04:06	23:05	A2	2.2	3048753286	O15_FT	04:06	liga mx	Club Tijuana	Santos Laguna	Over 1.5 (FT)	MEGA EXPLOSION	1.2
TSV: 2026-03-09_0406_9b2fa55da8_SYS	2026-03-09	04:06	23:05	A2	2.2	4093428160	O15_FT	21:00	laliga	Espanyol	Oviedo	Over 1.5 (FT)	MEGA EXPLOSION	1.36
TSV: 2026-03-09_0406_9b2fa55da8_SYS	2026-03-09	04:06	23:05	A2	2.2	3390541619	O15_FT	21:15	liga portugal	Tondela	Rio Ave	Over 1.5 (FT)	EXPLOSION	1.35
TSV: 2026-03-10_0230_399521de22_SYS	2026-03-10	02:30	22:50	A2	2.24	3127553174	O15_FT	02:30	primera a colombia	Deportivo Pasto	America de Cali	Over 1.5 (FT)	MEGA EXPLOSION	1.53
TSV: 2026-03-10_0230_399521de22_SYS	2026-03-10	02:30	22:50	A2	2.24	2164348761	TEAM1_SCORE_FT	20:45	championship	Millwall	Derby	Team1 scores (FT)	FORT PLUS	1.22
TSV: 2026-03-10_0230_399521de22_SYS	2026-03-10	02:30	22:50	A2	2.24	1360980729	O15_FT	21:00	uefa champions league	Atletico Madrid	Tottenham	Over 1.5 (FT)	MEGA EXPLOSION	1.2
TSV: 2026-03-11_0230_fad573b42e_SYS	2026-03-11	02:30	22:35	A2	2.26	2400755155	O15_FT	02:30	primera a colombia	Junior	Atletico Nacional	Over 1.5 (FT)	FORT PLUS	1.33
TSV: 2026-03-11_0230_fad573b42e_SYS	2026-03-11	02:30	22:35	A2	2.26	4202794187	O15_FT	20:45	championship	Birmingham	QPR	Over 1.5 (FT)	MEGA EXPLOSION	1.33
TSV: 2026-03-11_0230_fad573b42e_SYS	2026-03-11	02:30	22:35	A2	2.26	3604351297	O15_FT	20:45	championship	Norwich	Sheffield Utd	Over 1.5 (FT)	MEGA EXPLOSION	1.28
TSV: 2026-03-13_1745_0f20c39235_SYS	2026-03-13	17:45	22:50	A2	2.21	3263894662	O15_FT	17:45	superligaen	Diosgyori VTK	Kazincbarcikai	Over 1.5 (FT)	MEGA EXPLOSION	1.22
TSV: 2026-03-13_1745_0f20c39235_SYS	2026-03-13	17:45	22:50	A2	2.21	1510932343	O15_FT	20:45	cymru premier league	Haverfordwest County AFC	Cardiff MET	Over 1.5 (FT)	EXPLOSION	1.36
TSV: 2026-03-13_1745_0f20c39235_SYS	2026-03-13	17:45	22:50	A2	2.21	3290652820	O15_FT	21:00	laliga	Alaves	Villarreal	Over 1.5 (FT)	MEGA EXPLOSION	1.33
TSV: 2026-03-14_1300_8d98f1c3b3_SYS	2026-03-14	13:00	17:50	A2	2.32	807932914	O15_FT	13:00	2. bundesliga	Holstein Kiel	1. FC Nürnberg	Over 1.5 (FT)	MEGA EXPLOSION	1.22
TSV: 2026-03-14_1300_8d98f1c3b3_SYS	2026-03-14	13:00	17:50	A2	2.32	151845147	O15_FT	16:00	championship	Leicester	QPR	Over 1.5 (FT)	MEGA EXPLOSION	1.3
TSV: 2026-03-14_1300_8d98f1c3b3_SYS	2026-03-14	13:00	17:50	A2	2.32	1624817658	O15_FT	16:00	premier league	Burnley	Bournemouth	Over 1.5 (FT)	MEGA EXPLOSION	1.22
TSV: 2026-03-14_1300_8d98f1c3b3_SYS	2026-03-14	13:00	17:50	A2	2.32	2395362908	O15_FT	16:00	premiership	Celtic	Motherwell	Over 1.5 (FT)	MEGA EXPLOSION	1.2
TSV: 2026-03-14_1800_ca3360f24f_SYS	2026-03-14	18:00	22:20	A2	2.24	4278683531	O15_FT	18:00	super lig	Trabzonspor	Rizespor	Over 1.5 (FT)	MEGA EXPLOSION	1.18
TSV: 2026-03-14_1800_ca3360f24f_SYS	2026-03-14	18:00	22:20	A2	2.24	2723525589	O15_FT	18:30	premier league	Chelsea	Newcastle	Over 1.5 (FT)	MEGA EXPLOSION	1.17
TSV: 2026-03-14_1800_ca3360f24f_SYS	2026-03-14	18:00	22:20	A2	2.24	3384315143	O15_FT	19:00	liga portugal	GIL Vicente	Alverca	Over 1.5 (FT)	MEGA EXPLOSION	1.33
TSV: 2026-03-14_1800_ca3360f24f_SYS	2026-03-14	18:00	22:20	A2	2.24	3141456001	O15_FT	20:30	2. bundesliga	Hertha BSC	VfL Bochum	Over 1.5 (FT)	MEGA EXPLOSION	1.22
TSV: 2026-03-15_0130_f975e8c1a3_SYS	2026-03-15	01:30	06:00	A2	2.41	2154772722	HT05	01:30	mls	Chicago Fire	DC United	HT+0.5	MEGA EXPLOSION	1.29
TSV: 2026-03-15_0130_f975e8c1a3_SYS	2026-03-15	01:30	06:00	A2	2.41	661047871	HT1X_HOME	02:30	mls	Real Salt Lake	Austin	HT 1X Home	FORT PLUS	1.2
TSV: 2026-03-15_0130_f975e8c1a3_SYS	2026-03-15	01:30	06:00	A2	2.41	630786822	HT1X_HOME	02:30	mls	Los Angeles Galaxy	Sporting Kansas City	HT 1X Home	TRÈS FORT	1.17
TSV: 2026-03-15_0130_f975e8c1a3_SYS	2026-03-15	01:30	06:00	A2	2.41	1349210294	HT05	04:10	liga mx	U.N.A.M. - Pumas	Cruz Azul	HT+0.5	MEGA EXPLOSION	1.33
TSV: 2026-03-15_1215_049d7d204d_SYS	2026-03-15	12:15	15:50	A2	2.41	3723065266	O15_FT	12:15	eredivisie	Twente	Utrecht	Over 1.5 (FT)	MEGA EXPLOSION	1.2
TSV: 2026-03-15_1215_049d7d204d_SYS	2026-03-15	12:15	15:50	A2	2.41	2836331985	O15_FT	13:30	2. bundesliga	FC Schalke 04	Hannover 96	Over 1.5 (FT)	MEGA EXPLOSION	1.2
TSV: 2026-03-15_1215_049d7d204d_SYS	2026-03-15	12:15	15:50	A2	2.41	2302325668	TEAM1_SCORE_FT	14:00	super league switzerland	Lausanne	BSC Young Boys	Team1 scores (FT)	FORT PLUS	1.18
TSV: 2026-03-15_1215_049d7d204d_SYS	2026-03-15	12:15	15:50	A2	2.41	3602755942	O15_FT	14:00	laliga	Mallorca	Espanyol	Over 1.5 (FT)	MEGA EXPLOSION	1.42
TSV: 2026-03-15_1630_21d0b0542b_SYS	2026-03-15	16:30	19:50	A2	2.44	4200267460	O15_FT	16:30	super league switzerland	FC Basel 1893	Servette FC	Over 1.5 (FT)	MEGA EXPLOSION	1.2
TSV: 2026-03-15_1630_21d0b0542b_SYS	2026-03-15	16:30	19:50	A2	2.44	4058555839	HT1X_HOME	17:30	bundesliga	SC Freiburg	Union Berlin	HT 1X Home	TRÈS FORT	1.22
TSV: 2026-03-15_1630_21d0b0542b_SYS	2026-03-15	16:30	19:50	A2	2.44	576535661	HT1X_HOME	18:00	super lig	Gençlerbirliği S.K.	Beşiktaş	HT 1X Home	TRÈS FORT	1.67
TSV: 2026-03-15_2000_35c2c271fc_SYS	2026-03-15	20:00	23:20	A2	2.42	1413070639	HT05	20:00	serie a brazil	Internacional	Bahia	HT+0.5	FORT PLUS	1.33
TSV: 2026-03-15_2000_35c2c271fc_SYS	2026-03-15	20:00	23:20	A2	2.42	445436273	O15_FT	21:00	laliga	Real Sociedad	Osasuna	Over 1.5 (FT)	EXPLOSION	1.3
TSV: 2026-03-15_2000_35c2c271fc_SYS	2026-03-15	20:00	23:20	A2	2.42	2139026934	HT1X_HOME	21:30	primera a colombia	Deportivo Pereira	Águilas Doradas	HT 1X Home	FORT PLUS	1.4
TSV: 2026-03-16_0200_4e27db7273_SYS	2026-03-16	02:00	22:50	A2	2.44	2303860388	O15_FT	02:00	liga mx	Club America	Mazatlán	Over 1.5 (FT)	MEGA EXPLOSION	1.2
TSV: 2026-03-16_0200_4e27db7273_SYS	2026-03-16	02:00	22:50	A2	2.44	2679656840	HT1X_HOME	02:30	primera a colombia	Junior	Fortaleza FC	HT 1X Home	FORT PLUS	1.15
TSV: 2026-03-16_0200_4e27db7273_SYS	2026-03-16	02:00	22:50	A2	2.44	446761327	HT1X_HOME	20:45	ligue 2	Annecy	Estac Troyes	HT 1X Home	MEGA EXPLOSION	1.33
TSV: 2026-03-16_0200_4e27db7273_SYS	2026-03-16	02:00	22:50	A2	2.44	192850797	O15_FT	21:00	laliga	Rayo Vallecano	Levante	Over 1.5 (FT)	MEGA EXPLOSION	1.33
TSV: 2026-03-17_1900_d4b27c4656_SYS	2026-03-17	19:00	22:50	A2	2.62	677361107	TEAM1_SCORE_FT	19:00	super league switzerland	FC ST. Gallen	FC Lugano	Team1 scores (FT)	FORT PLUS	1.17
TSV: 2026-03-17_1900_d4b27c4656_SYS	2026-03-17	19:00	22:50	A2	2.62	3080256950	O15_FT	20:00	serie b	Catanzaro	Modena	Over 1.5 (FT)	MEGA EXPLOSION	1.38
TSV: 2026-03-17_1900_d4b27c4656_SYS	2026-03-17	19:00	22:50	A2	2.62	2994023045	O15_FT	20:45	championship	Watford	Wrexham	Over 1.5 (FT)	MEGA EXPLOSION	1.33
TSV: 2026-03-17_1900_d4b27c4656_SYS	2026-03-17	19:00	22:50	A2	2.62	2877877364	O15_FT	21:00	uefa champions league	Arsenal	Bayer Leverkusen	Over 1.5 (FT)	FORT PLUS	1.22
TSV: 2026-03-18_2045_7ad42c8caa_SYS	2026-03-18	20:45	01:20	A2	2.6	2940863738	O15_FT	20:45	championship	Southampton	Norwich	Over 1.5 (FT)	MEGA EXPLOSION	1.25
TSV: 2026-03-18_2045_7ad42c8caa_SYS	2026-03-18	20:45	01:20	A2	2.6	1682430182	O15_FT	21:00	uefa champions league	Tottenham	Atletico Madrid	Over 1.5 (FT)	MEGA EXPLOSION	1.2
TSV: 2026-03-18_2045_7ad42c8caa_SYS	2026-03-18	20:45	01:20	A2	2.6	3189495697	HT1X_HOME	22:30	liga pro ecuador	Manta FC	Guayaquil City FC	HT 1X Home	MEGA EXPLOSION	1.22
TSV: 2026-03-18_2045_7ad42c8caa_SYS	2026-03-18	20:45	01:20	A2	2.6	2954677499	HT05	23:30	serie a brazil	Atletico Paranaense	Cruzeiro	HT+0.5	TRÈS FORT	1.42
TSV: 2026-03-19_0130_ee38dfb214_SYS	2026-03-19	01:30	00:50	A2	2.53	3096905688	HT1X_HOME	01:30	primera a colombia	Bucaramanga	Once Caldas	HT 1X Home	FORT PLUS	1.18
TSV: 2026-03-19_0130_ee38dfb214_SYS	2026-03-19	01:30	00:50	A2	2.53	1817574811	HT05	01:30	serie a brazil	Santos	Internacional	HT+0.5	FORT PLUS	1.33
TSV: 2026-03-19_0130_ee38dfb214_SYS	2026-03-19	01:30	00:50	A2	2.53	3809362945	HT1X_HOME	22:10	primera a colombia	Alianza Valledupar	Jaguares	HT 1X Home	TRÈS FORT	1.17
TSV: 2026-03-19_0130_ee38dfb214_SYS	2026-03-19	01:30	00:50	A2	2.53	2794348141	HT05	23:00	serie a brazil	Gremio	Vitoria	HT+0.5	TRÈS FORT	1.38
TSV: 2026-03-20_1830_2615ec0f10_SYS	2026-03-20	18:30	23:50	A2	2.58	3867980751	O15_FT	18:30	2. bundesliga	Karlsruher SC	SpVgg Greuther Fürth	Over 1.5 (FT)	MEGA EXPLOSION	1.17
TSV: 2026-03-20_1830_2615ec0f10_SYS	2026-03-20	18:30	23:50	A2	2.58	3120446320	O15_FT	20:00	eredivisie	Heracles	Excelsior	Over 1.5 (FT)	TRÈS FORT	1.25
TSV: 2026-03-20_1830_2615ec0f10_SYS	2026-03-20	18:30	23:50	A2	2.58	469408746	O15_FT	21:00	laliga	Villarreal	Real Sociedad	Over 1.5 (FT)	TRÈS FORT	1.25
TSV: 2026-03-20_1830_2615ec0f10_SYS	2026-03-20	18:30	23:50	A2	2.58	2872157144	TEAM1_SCORE_FT	22:00	primera a colombia	Águilas Doradas	America de Cali	Team1 scores (FT)	TRÈS FORT	1.41
TSV: 2026-03-21_1300_0d886fb254_SYS	2026-03-21	13:00	15:50	A2	2.4	1393850547	O15_FT	13:00	2. bundesliga	SC Paderborn 07	Dynamo Dresden	Over 1.5 (FT)	MEGA EXPLOSION	1.18
TSV: 2026-03-21_1300_0d886fb254_SYS	2026-03-21	13:00	15:50	A2	2.4	995530748	O15_FT	13:00	2. bundesliga	SV Elversberg	Arminia Bielefeld	Over 1.5 (FT)	EXPLOSION	1.18
TSV: 2026-03-21_1300_0d886fb254_SYS	2026-03-21	13:00	15:50	A2	2.4	1654410911	O15_FT	13:30	championship	Ipswich	Millwall	Over 1.5 (FT)	MEGA EXPLOSION	1.25
TSV: 2026-03-21_1300_0d886fb254_SYS	2026-03-21	13:00	15:50	A2	2.4	4143116165	O15_FT	14:00	laliga	Elche	Mallorca	Over 1.5 (FT)	MEGA EXPLOSION	1.38
TSV: 2026-03-21_1600_5e092f2f54_SYS	2026-03-21	16:00	18:20	A2	2.44	2405602146	O15_FT	16:00	championship	Watford	Leicester	Over 1.5 (FT)	MEGA EXPLOSION	1.28
TSV: 2026-03-21_1600_5e092f2f54_SYS	2026-03-21	16:00	18:20	A2	2.44	3099451654	O15_FT	16:00	championship	Bristol City	West Brom	Over 1.5 (FT)	MEGA EXPLOSION	1.36
TSV: 2026-03-21_1600_5e092f2f54_SYS	2026-03-21	16:00	18:20	A2	2.44	2378593668	TEAM1_SCORE_FT	16:30	eredivisie	Fortuna Sittard	Twente	Team1 scores (FT)	FORT PLUS	1.4
TSV: 2026-03-21_1830_e15afa6655_SYS	2026-03-21	18:30	20:20	A2	2.44	319555929	HT05	18:30	laliga2	Cadiz	Malaga	HT+0.5	MEGA EXPLOSION	1.36
TSV: 2026-03-21_1830_e15afa6655_SYS	2026-03-21	18:30	20:20	A2	2.44	2109620544	O15_FT	18:30	laliga	Osasuna	Girona	Over 1.5 (FT)	MEGA EXPLOSION	1.3
TSV: 2026-03-21_1830_e15afa6655_SYS	2026-03-21	18:30	20:20	A2	2.44	1626786324	O15_FT	18:30	laliga	Levante	Oviedo	Over 1.5 (FT)	TRÈS FORT	1.38
TSV: 2026-03-21_2030_ad66f669dc_SYS	2026-03-21	20:30	22:50	A2	2.65	429364622	O15_FT	20:30	super league switzerland	FC Sion	FC ST. Gallen	Over 1.5 (FT)	FORT PLUS	1.25
TSV: 2026-03-21_2030_ad66f669dc_SYS	2026-03-21	20:30	22:50	A2	2.65	261646425	O15_FT	20:30	2. bundesliga	SV Darmstadt 98	FC Schalke 04	Over 1.5 (FT)	MEGA EXPLOSION	1.22
TSV: 2026-03-21_2030_ad66f669dc_SYS	2026-03-21	20:30	22:50	A2	2.65	189375695	O15_FT	21:00	eredivisie	PEC Zwolle	NAC Breda	Over 1.5 (FT)	MEGA EXPLOSION	1.2
TSV: 2026-03-21_2030_ad66f669dc_SYS	2026-03-21	20:30	22:50	A2	2.65	2927664771	O15_FT	21:00	laliga	Sevilla	Valencia	Over 1.5 (FT)	MEGA EXPLOSION	1.45
TSV: 2026-03-22_0100_f2c80e701f_SYS	2026-03-22	01:00	06:00	A2	2.48	3658536372	HT1X_HOME	01:00	serie a brazil	Sao Paulo	Palmeiras	HT 1X Home	TRÈS FORT	1.3
TSV: 2026-03-22_0100_f2c80e701f_SYS	2026-03-22	01:00	06:00	A2	2.48	1332615816	O15_FT	01:30	mls	St. Louis City	New England Revolution	Over 1.5 (FT)	MEGA EXPLOSION	1.22
TSV: 2026-03-22_0100_f2c80e701f_SYS	2026-03-22	01:00	06:00	A2	2.48	3625411272	O15_FT	01:45	mls	Austin	Los Angeles FC	Over 1.5 (FT)	MEGA EXPLOSION	1.25
TSV: 2026-03-22_0100_f2c80e701f_SYS	2026-03-22	01:00	06:00	A2	2.48	1345661278	O15_FT	04:10	liga mx	U.N.A.M. - Pumas	Club America	Over 1.5 (FT)	MEGA EXPLOSION	1.25
TSV: 2026-03-22_1330_a6a8773242_SYS	2026-03-22	13:30	18:20	A2	2.69	4025252135	HT1X_HOME	13:30	premiership	Dundee Utd	Celtic	HT 1X Home	TRÈS FORT	1.8
TSV: 2026-03-22_1330_a6a8773242_SYS	2026-03-22	13:30	18:20	A2	2.69	2414967335	TEAM1_SCORE_FT	16:30	super league switzerland	BSC Young Boys	FC Lugano	Team1 scores (FT)	TRÈS FORT	1.3
TSV: 2026-03-22_1330_a6a8773242_SYS	2026-03-22	13:30	18:20	A2	2.69	4067366601	O15_FT	16:30	super league switzerland	FC Luzern	Lausanne	Over 1.5 (FT)	MEGA EXPLOSION	1.15
TSV: 2026-03-22_1830_9741ba8cc2_SYS	2026-03-22	18:30	20:20	A2	2.56	3230166147	O15_FT	18:30	laliga	Athletic Club	Real Betis	Over 1.5 (FT)	TRÈS FORT	1.28
TSV: 2026-03-22_1830_9741ba8cc2_SYS	2026-03-22	18:30	20:20	A2	2.56	2254610713	O15_FT	18:30	pro league	Dender	Gent	Over 1.5 (FT)	FORT PLUS	1.25
TSV: 2026-03-22_1830_9741ba8cc2_SYS	2026-03-22	18:30	20:20	A2	2.56	3377149096	TEAM2_SCORE_FT	18:30	pro league	Club Brugge KV	KV Mechelen	Team2 scores (FT)	FORT PLUS	1.6
TSV: 2026-03-22_2130_f838ee1756_SYS	2026-03-22	21:30	23:50	A2	2.49	815736916	HT1X_HOME	21:30	liga pro ecuador	Barcelona SC	Universidad Catolica	HT 1X Home	TRÈS FORT	1.22
TSV: 2026-03-22_2130_f838ee1756_SYS	2026-03-22	21:30	23:50	A2	2.49	3986491966	HT1X_HOME	21:45	liga profesional argentina	Estudiantes de Rio Cuarto	River Plate	HT 1X Home	TRÈS FORT	1.57
TSV: 2026-03-22_2130_f838ee1756_SYS	2026-03-22	21:30	23:50	A2	2.49	1968115876	HT1X_HOME	22:00	primera a colombia	Alianza Valledupar	Deportivo Cali	HT 1X Home	TRÈS FORT	1.3
TSV: 2026-03-23_0215_a5ebe68c31_SYS	2026-03-23	02:15	00:20	RESTE	1.83	3986225295	HT1X_HOME	02:15	liga profesional argentina	Independ. Rivadavia	Rosario Central	HT 1X Home	FORT PLUS	1.28
TSV: 2026-03-23_0215_a5ebe68c31_SYS	2026-03-23	02:15	00:20	RESTE	1.83	55028759	HT1X_HOME	22:10	primera a colombia	Santa Fe	Independiente Medellin	HT 1X Home	FORT PLUS	1.22
TSV: 2026-03-23_0215_a5ebe68c31_SYS	2026-03-23	02:15	00:20	RESTE	1.83	120506531	HT1X_HOME	22:30	liga pro ecuador	Guayaquil City FC	Leones del Norte	HT 1X Home	TRÈS FORT	1.17
TSV: 2026-03-28_0800_44997c11a9_SYS	2026-03-28	08:00	16:50	A2	2.65	1716100050	HT05	08:00	international friendlies	Thailand U23	Vietnam U23	HT+0.5	FORT	1.4
TSV: 2026-03-28_0800_44997c11a9_SYS	2026-03-28	08:00	16:50	A2	2.65	425007190	HT05	15:00	international friendlies	San Marino	Faroe Islands	HT+0.5	MEGA EXPLOSION	1.35
TSV: 2026-03-28_0800_44997c11a9_SYS	2026-03-28	08:00	16:50	A2	2.65	1620029964	HT05	15:00	international friendlies	South Korea	Ivory Coast	HT+0.5	TRÈS FORT	1.4
TSV: 2026-03-28_1700_db6a710daa_SYS	2026-03-28	17:00	19:50	A2	2.63	4072750447	HT05	17:00	international friendlies	Senegal	Peru	HT+0.5	FORT PLUS	1.36
TSV: 2026-03-28_1700_db6a710daa_SYS	2026-03-28	17:00	19:50	A2	2.63	1296564362	HT05	18:00	international friendlies	Hungary	Slovenia	HT+0.5	FORT	1.38
TSV: 2026-03-28_1700_db6a710daa_SYS	2026-03-28	17:00	19:50	A2	2.63	3765185638	HT05	18:00	international friendlies	Scotland	Japan	HT+0.5	MEGA EXPLOSION	1.4
TSV: 2026-03-29_1500_451f800d97_SYS	2026-03-29	15:00	01:00	A2	2.55	1814516694	HT05	15:00	international friendlies	Armenia	Belarus	HT+0.5	MEGA EXPLOSION	1.4
TSV: 2026-03-29_1500_451f800d97_SYS	2026-03-29	15:00	01:00	A2	2.55	1450039736	HT05	15:00	international friendlies	Lithuania	Georgia	HT+0.5	TRÈS FORT	1.4
TSV: 2026-03-29_1500_451f800d97_SYS	2026-03-29	15:00	01:00	A2	2.55	795554991	HT1X_HOME	23:10	primera a colombia	Internacional de Bogota	Junior	HT 1X Home	MOYEN PLUS	1.3
TSV: 2026-03-30_0330_704d91375b_SYS	2026-03-30	03:30	19:50	A2	2.66	4133036125	HT1X_HOME	03:30	primera a colombia	Llaneros	Once Caldas	HT 1X Home	FORT	1.38
TSV: 2026-03-30_0330_704d91375b_SYS	2026-03-30	03:30	19:50	A2	2.66	3548028422	HT05	14:00	international friendlies	Russia U21	Jordan U23	HT+0.5	MEGA EXPLOSION	1.43
TSV: 2026-03-30_0330_704d91375b_SYS	2026-03-30	03:30	19:50	A2	2.66	1368645119	HT05	18:00	international friendlies	Cyprus	Moldova	HT+0.5	MEGA EXPLOSION	1.35
TSV: 2026-03-31_0320_e551181522_SYS	2026-03-31	03:20	15:25	A2	2.44	1543095958	O15_FT	03:20	primera a colombia	Millonarios	Fortaleza FC	Over 1.5 (FT)	TRÈS FORT	1.3
TSV: 2026-03-31_0320_e551181522_SYS	2026-03-31	03:20	15:25	A2	2.44	652196874	O15_FT	09:00	international friendlies	Korea DPR U23	Thailand U23	Over 1.5 (FT)	FORT PLUS	1.34
TSV: 2026-03-31_0320_e551181522_SYS	2026-03-31	03:20	15:25	A2	2.44	1687912304	O15_FT	13:35	international friendlies	China PR U23	Vietnam U23	Over 1.5 (FT)	FORT	1.4
TSV: 2026-03-31_1900_d2ffed7c59_SYS	2026-03-31	19:00	21:20	A2	2.56	1093390790	HT1X_HOME	19:00	liga profesional argentina	Aldosivi	Argentinos JRS	HT 1X Home	FORT	1.45
TSV: 2026-03-31_1900_d2ffed7c59_SYS	2026-03-31	19:00	21:20	A2	2.56	712728224	HT05	19:30	international friendlies	Haiti	Iceland	HT+0.5	MEGA EXPLOSION	1.36
TSV: 2026-03-31_1900_d2ffed7c59_SYS	2026-03-31	19:00	21:20	A2	2.56	737890035	O15_FT	19:30	international friendlies	Jordan	Nigeria	Over 1.5 (FT)	TRÈS FORT	1.3
TSV: 2026-04-01_1900_786e00b657_SYS	2026-04-01	19:00	01:00	A2	2.71	467066989	O15_FT	19:00	laliga2	FC Andorra	Malaga	Over 1.5 (FT)	MOYEN PLUS	1.3
TSV: 2026-04-01_1900_786e00b657_SYS	2026-04-01	19:00	01:00	A2	2.71	869662321	O15_FT	20:00	laliga2	Huesca	Cultural Leonesa	Over 1.5 (FT)	MEGA EXPLOSION	1.4
TSV: 2026-04-01_1900_786e00b657_SYS	2026-04-01	19:00	01:00	A2	2.71	2339294554	TEAM1_SCORE_FT	20:00	laliga2	Burgos	AD Ceuta FC	Team1 scores (FT)	MOYEN PLUS	1.22
TSV: 2026-04-01_1900_786e00b657_SYS	2026-04-01	19:00	01:00	A2	2.71	1671234688	HT1X_HOME	23:10	primera a colombia	Alianza Valledupar	Deportivo Pasto	HT 1X Home	MOYEN PLUS	1.22
TSV: 2026-04-02_0330_ea85eef7de_SYS	2026-04-02	03:30	21:50	A2	2.42	1743496049	O15_FT	03:30	primera a colombia	Atletico Nacional	Cucuta	Over 1.5 (FT)	FORT PLUS	1.15
TSV: 2026-04-02_0330_ea85eef7de_SYS	2026-04-02	03:30	21:50	A2	2.42	802795404	TEAM1_SCORE_FT	19:00	laliga2	Las Palmas	Granada CF	Team1 scores (FT)	MOYEN PLUS	1.17
TSV: 2026-04-02_0330_ea85eef7de_SYS	2026-04-02	03:30	21:50	A2	2.42	1992937428	HT1X_HOME	20:00	laliga2	Castellón	Almeria	HT 1X Home	MOYEN PLUS	1.25
TSV: 2026-04-02_0330_ea85eef7de_SYS	2026-04-02	03:30	21:50	A2	2.42	1818688398	TEAM1_SCORE_FT	20:00	liga profesional argentina	Barracas Central	Sarmiento Junin	Team1 scores (FT)	MOYEN PLUS	1.44
TSV: 2026-04-03_0230_b510daeff7_SYS	2026-04-03	02:30	17:20	A2	2.67	2255142792	HT1X_HOME	02:30	serie a brazil	RB Bragantino	Flamengo	HT 1X Home	TRÈS FORT	1.4
TSV: 2026-04-03_0230_b510daeff7_SYS	2026-04-03	02:30	17:20	A2	2.67	3826107889	HT1X_HOME	15:30	cymru premier league	Briton Ferry	Cardiff MET	HT 1X Home	TRÈS FORT	1.4
TSV: 2026-04-03_0230_b510daeff7_SYS	2026-04-03	02:30	17:20	A2	2.67	553010528	HT1X_HOME	15:30	cymru premier league	Penybont	Barry Town	HT 1X Home	FORT	1.36
TSV: 2026-04-03_2000_185628ac4f_SYS	2026-04-03	20:00	22:50	A2	2.49	1431004676	HT1X_HOME	20:00	ligue 2	Dunkerque	Rodez	HT 1X Home	FORT PLUS	1.22
TSV: 2026-04-03_2000_185628ac4f_SYS	2026-04-03	20:00	22:50	A2	2.49	1958225333	HT1X_HOME	20:00	liga profesional argentina	Gimnasia M.	Velez Sarsfield	HT 1X Home	TRÈS FORT	1.3
TSV: 2026-04-03_2000_185628ac4f_SYS	2026-04-03	20:00	22:50	A2	2.49	2271463413	TEAM2_SCORE_FT	21:00	laliga	Rayo Vallecano	Elche	Team2 scores (FT)	FORT PLUS	1.57
TSV: 2026-04-04_0506_6d2c22b4b0_SYS	2026-04-04	05:06	16:20	A2	2.55	3094497760	HT1X_HOME	05:06	liga mx	Club Tijuana	Tigres UANL	HT 1X Home	FORT	1.5
TSV: 2026-04-04_0506_6d2c22b4b0_SYS	2026-04-04	05:06	16:20	A2	2.55	2281655475	TEAM1_SCORE_FT	13:00	2. bundesliga	Arminia Bielefeld	SV Darmstadt 98	Team1 scores (FT)	FORT	1.18
TSV: 2026-04-04_0506_6d2c22b4b0_SYS	2026-04-04	05:06	16:20	A2	2.55	864522444	TEAM2_SCORE_FT	14:30	superligaen	Zalaegerszegi TE	Kisvarda FC	Team2 scores (FT)	FORT	1.44
TSV: 2026-04-04_1630_82015a9fbf_SYS	2026-04-04	16:30	18:50	RESTE	2.19	1517299401	TEAM2_SCORE_FT	16:30	eredivisie	PSV Eindhoven	Utrecht	Team2 scores (FT)	FORT PLUS	1.4
TSV: 2026-04-04_1630_82015a9fbf_SYS	2026-04-04	16:30	18:50	RESTE	2.19	1448110286	TEAM2_SCORE_FT	16:30	liga portugal	Nacional	Estrela	Team2 scores (FT)	FORT	1.36
TSV: 2026-04-04_1630_82015a9fbf_SYS	2026-04-04	16:30	18:50	RESTE	2.19	890593742	TEAM1_SCORE_FT	17:00	ligue 1	Strasbourg	Nice	Team1 scores (FT)	MOYEN PLUS	1.15
TSV: 2026-04-04_1900_e137af8e17_SYS	2026-04-04	19:00	20:50	A2	2.51	2460865783	HT1X_HOME	19:00	ligue 1	Stade Brestois 29	Rennes	HT 1X Home	MOYEN PLUS	1.36
TSV: 2026-04-04_1900_e137af8e17_SYS	2026-04-04	19:00	20:50	A2	2.51	76726372	HT1X_HOME	19:00	super lig	Trabzonspor	Galatasaray	HT 1X Home	MOYEN PLUS	1.42
TSV: 2026-04-04_1900_e137af8e17_SYS	2026-04-04	19:00	20:50	A2	2.51	2848016421	O15_FT	19:00	liga portugal	Moreirense	SC Braga	Over 1.5 (FT)	MEGA EXPLOSION	1.3
TSV: 2026-04-04_2100_c9febdfbbb_SYS	2026-04-04	21:00	22:50	A2	2.85	990499601	TEAM1_SCORE_FT	21:00	fa cup	Southampton	Arsenal	Team1 scores (FT)	MOYEN PLUS	1.7
TSV: 2026-04-04_2100_c9febdfbbb_SYS	2026-04-04	21:00	22:50	A2	2.85	3372041467	O15_FT	21:00	eredivisie	Ajax	Twente	Over 1.5 (FT)	MEGA EXPLOSION	1.18
TSV: 2026-04-04_2100_c9febdfbbb_SYS	2026-04-04	21:00	22:50	A2	2.85	1352686410	HT1X_HOME	21:00	laliga	Atletico Madrid	Barcelona	HT 1X Home	MOYEN PLUS	1.42
TSV: 2026-04-05_0305_5475bae077_SYS	2026-04-05	03:05	07:00	A2	2.47	1613534381	HT1X_HOME	03:05	liga mx	Cruz Azul	Pachuca	HT 1X Home	FORT	1.22
TSV: 2026-04-05_0305_5475bae077_SYS	2026-04-05	03:05	07:00	A2	2.47	558137075	HT05	04:30	mls	Los Angeles Galaxy	Minnesota United FC	HT+0.5	MEGA EXPLOSION	1.25
TSV: 2026-04-05_0305_5475bae077_SYS	2026-04-05	03:05	07:00	A2	2.47	90519847	HT1X_HOME	05:10	liga mx	Santos Laguna	Club America	HT 1X Home	MOYEN PLUS	1.62
TSV: 2026-04-05_1330_e4e6dff4cb_SYS	2026-04-05	13:30	18:05	A2	2.57	2116154487	O15_FT	13:30	2. bundesliga	Holstein Kiel	Preußen Münster	Over 1.5 (FT)	MEGA EXPLOSION	1.2
TSV: 2026-04-05_1330_e4e6dff4cb_SYS	2026-04-05	13:30	18:05	A2	2.57	3508398087	TEAM1_SCORE_FT	14:00	laliga	Getafe	Athletic Club	Team1 scores (FT)	MOYEN PLUS	1.55
TSV: 2026-04-05_1330_e4e6dff4cb_SYS	2026-04-05	13:30	18:05	A2	2.57	3980734961	O15_FT	16:15	laliga	Valencia	Celta Vigo	Over 1.5 (FT)	MEGA EXPLOSION	1.38
TSV: 2026-04-05_1830_3d499b7db3_SYS	2026-04-05	18:30	20:20	A2	2.99	3486486385	HT05	18:30	pro league	KVC Westerlo	Charleroi	HT+0.5	MEGA EXPLOSION	1.3
TSV: 2026-04-05_1830_3d499b7db3_SYS	2026-04-05	18:30	20:20	A2	2.99	1067100078	O15_FT	18:30	laliga	Oviedo	Sevilla	Over 1.5 (FT)	TRÈS FORT	1.45
TSV: 2026-04-05_1830_3d499b7db3_SYS	2026-04-05	18:30	20:20	A2	2.99	211391320	TEAM1_SCORE_FT	18:30	laliga2	Almeria	Leganes	Team1 scores (FT)	FORT	1.15
TSV: 2026-04-05_1830_3d499b7db3_SYS	2026-04-05	18:30	20:20	A2	2.99	349295891	O15_FT	18:30	laliga2	Las Palmas	Huesca	Over 1.5 (FT)	MOYEN PLUS	1.38
TSV: 2026-04-05_2030_f9831b9281_SYS	2026-04-05	20:30	00:50	A2	2.69	3839397796	HT1X_HOME	20:30	liga profesional argentina	Gimnasia L.P.	Huracan	HT 1X Home	FORT	1.28
TSV: 2026-04-05_2030_f9831b9281_SYS	2026-04-05	20:30	00:50	A2	2.69	1461923221	O15_FT	21:00	laliga	Alaves	Osasuna	Over 1.5 (FT)	FORT PLUS	1.42
TSV: 2026-04-05_2030_f9831b9281_SYS	2026-04-05	20:30	00:50	A2	2.69	1818886540	TEAM1_SCORE_FT	23:00	primera a colombia	Cucuta	America de Cali	Team1 scores (FT)	MOYEN PLUS	1.48
TSV: 2026-04-06_1400_597f2774b9_SYS	2026-04-06	14:00	16:50	A2	2.42	2216286337	TEAM1_SCORE_FT	14:00	championship	Millwall	Norwich	Team1 scores (FT)	FORT	1.2
TSV: 2026-04-06_1400_597f2774b9_SYS	2026-04-06	14:00	16:50	A2	2.42	1087995585	TEAM1_SCORE_FT	15:00	serie a italia	Lecce	Atalanta	Team1 scores (FT)	MOYEN PLUS	1.55
TSV: 2026-04-06_1400_597f2774b9_SYS	2026-04-06	14:00	16:50	A2	2.42	1009167914	TEAM1_SCORE_FT	15:00	serie b	Catanzaro	Monza	Team1 scores (FT)	MOYEN PLUS	1.3
TSV: 2026-04-06_1715_0f3f511500_SYS	2026-04-06	17:15	20:50	A2	2.51	834650382	TEAM2_SCORE_FT	17:15	serie b	Sampdoria	Empoli	Team2 scores (FT)	FORT	1.4
TSV: 2026-04-06_1715_0f3f511500_SYS	2026-04-06	17:15	20:50	A2	2.51	3926718378	HT1X_HOME	19:00	super lig	Kocaelispor	Başakşehir	HT 1X Home	TRÈS FORT	1.35
TSV: 2026-04-06_1715_0f3f511500_SYS	2026-04-06	17:15	20:50	A2	2.51	1651814010	HT1X_HOME	19:00	liga portugal 2	FC Porto B	Chaves	HT 1X Home	TRÈS FORT	1.33
TSV: 2026-04-06_2100_6e40a8be61_SYS	2026-04-06	21:00	23:35	A2	3.02	60620602	TEAM2_SCORE_FT	21:00	championship	Hull City	Coventry	Team2 scores (FT)	FORT	1.18
TSV: 2026-04-06_2100_6e40a8be61_SYS	2026-04-06	21:00	23:35	A2	3.02	3527201509	O15_FT	21:00	laliga	Girona	Villarreal	Over 1.5 (FT)	MEGA EXPLOSION	1.22
TSV: 2026-04-06_2100_6e40a8be61_SYS	2026-04-06	21:00	23:35	A2	3.02	3936113395	HT1X_HOME	21:45	liga portugal	Casa Pia	Benfica	HT 1X Home	MOYEN PLUS	2.1
TSV: 2026-04-07_2100_1d21bf0cc0_SYS	2026-04-07	21:00	22:50	A2	2.75	1804071120	HT1X_HOME	21:00	uefa champions league	Real Madrid	Bayern München	HT 1X Home	MOYEN PLUS	1.42
TSV: 2026-04-07_2100_1d21bf0cc0_SYS	2026-04-07	21:00	22:50	A2	2.75	1072433616	TEAM2_SCORE_FT	21:00	championship	Wrexham	Southampton	Team2 scores (FT)	FORT	1.29
TSV: 2026-04-07_2100_1d21bf0cc0_SYS	2026-04-07	21:00	22:50	A2	2.75	3272631048	TEAM1_SCORE_FT	21:00	uefa champions league	Sporting CP	Arsenal	Team1 scores (FT)	MOYEN PLUS	1.5
TSV: 2026-04-08_1845_6b23ba1278_SYS	2026-04-08	18:45	22:50	A2	2.42	3271347177	TEAM1_SCORE_FT	18:45	uefa europa league	SC Braga	Real Betis	Team1 scores (FT)	MOYEN PLUS	1.3
TSV: 2026-04-08_1845_6b23ba1278_SYS	2026-04-08	18:45	22:50	A2	2.42	2569533299	HT1X_HOME	19:00	super lig	Göztepe	Galatasaray	HT 1X Home	MOYEN PLUS	1.62
TSV: 2026-04-08_1845_6b23ba1278_SYS	2026-04-08	18:45	22:50	A2	2.42	2889314161	O15_FT	21:00	uefa champions league	Paris Saint Germain	Liverpool	Over 1.5 (FT)	MOYEN PLUS	1.15
TSV: 2026-03-27_0030_9a73619975_SYS	2026-03-27	00:30	17:20	A2	2.58	3568193759	HT1X_HOME	00:30	primera división paraguay	Sportivo Ameliano	Libertad Asuncion	HT 1X Home	TRÈS FORT	1.4
TSV: 2026-03-27_0030_9a73619975_SYS	2026-03-27	00:30	17:20	A2	2.58	4190224086	O15_FT	13:30	international friendlies	Iran	Nigeria	Over 1.5 (FT)	FORT	1.44
TSV: 2026-03-27_0030_9a73619975_SYS	2026-03-27	00:30	17:20	A2	2.58	297889635	TEAM2_SCORE_FT	15:30	international friendlies	Italy U20	England U20	Team2 scores (FT)	FORT	1.28
TSV: 2026-03-27_1800_d63f6c00db_SYS	2026-03-27	18:00	20:20	A2	2.53	64148703	HT05	18:00	international friendlies	Austria	Ghana	HT+0.5	TRÈS FORT	1.35
TSV: 2026-03-27_1800_d63f6c00db_SYS	2026-03-27	18:00	20:20	A2	2.53	1564283800	HT05	18:00	international friendlies	Montenegro	Andorra	HT+0.5	FORT	1.36
TSV: 2026-03-27_1800_d63f6c00db_SYS	2026-03-27	18:00	20:20	A2	2.53	3989846649	O15_FT	18:30	international friendlies	Jordan	Costa Rica	Over 1.5 (FT)	TRÈS FORT	1.38
TSV: 2026-03-27_2045_dbf8e2005d_SYS	2026-03-27	20:45	23:50	A2	2.49	3290547590	HT05	20:45	international friendlies	Netherlands	Norway	HT+0.5	MEGA EXPLOSION	1.28
TSV: 2026-03-27_2045_dbf8e2005d_SYS	2026-03-27	20:45	23:50	A2	2.49	1305293929	O15_FT	21:15	international friendlies	Morocco	Ecuador	Over 1.5 (FT)	FORT PLUS	1.62
TSV: 2026-03-27_2045_dbf8e2005d_SYS	2026-03-27	20:45	23:50	A2	2.49	2317327555	HT1X_HOME	22:00	primera a colombia	Águilas Doradas	Alianza Valledupar	HT 1X Home	MOYEN PLUS	1.2
TSV: 2026-03-28_0210_510898b90f_SYS	2026-03-28	02:10	17:20	A2	2.43	1363767996	HT1X_HOME	02:10	primera a colombia	Bucaramanga	Santa Fe	HT 1X Home	FORT PLUS	1.15
TSV: 2026-03-28_0210_510898b90f_SYS	2026-03-28	02:10	17:20	A2	2.43	1620029964	HT05	15:00	international friendlies	South Korea	Ivory Coast	HT+0.5	TRÈS FORT	1.4
TSV: 2026-03-28_0210_510898b90f_SYS	2026-03-28	02:10	17:20	A2	2.43	1521500014	TEAM2_SCORE_FT	15:30	cymru premier league	Cardiff MET	Bala Town	Team2 scores (FT)	FORT	1.51
TSV: 2026-03-29_0120_183c42be24_SYS	2026-03-29	01:20	01:00	A2	2.4	1852109721	HT1X_HOME	01:20	primera a colombia	Deportivo Pasto	Atletico Nacional	HT 1X Home	MOYEN PLUS	1.36
TSV: 2026-03-29_0120_183c42be24_SYS	2026-03-29	01:20	01:00	A2	2.4	3208118917	HT1X_HOME	18:30	laliga2	Zaragoza	Racing Santander	HT 1X Home	MOYEN PLUS	1.36
TSV: 2026-03-29_0120_183c42be24_SYS	2026-03-29	01:20	01:00	A2	2.4	795554991	HT1X_HOME	23:10	primera a colombia	Internacional de Bogota	Junior	HT 1X Home	MOYEN PLUS	1.3
TSV: 2026-03-30_0330_a7dbef09ce_SYS	2026-03-30	03:30	16:50	A2	2.64	4133036125	HT1X_HOME	03:30	primera a colombia	Llaneros	Once Caldas	HT 1X Home	FORT	1.38
TSV: 2026-03-30_0330_a7dbef09ce_SYS	2026-03-30	03:30	16:50	A2	2.64	3548028422	HT05	14:00	international friendlies	Russia U21	Jordan U23	HT+0.5	MEGA EXPLOSION	1.43
TSV: 2026-03-30_0330_a7dbef09ce_SYS	2026-03-30	03:30	16:50	A2	2.64	3954097368	TEAM2_SCORE_FT	15:00	international friendlies	Tunisia U20	Mauritania U20	Team2 scores (FT)	TRÈS FORT	1.34
TSV: 2026-03-31_0100_34edcb666b_SYS	2026-03-31	01:00	12:50	A2	2.42	3698790625	TEAM1_SCORE_FT	01:00	international friendlies	USA	Portugal	Team1 scores (FT)	MOYEN PLUS	1.4
TSV: 2026-03-31_0100_34edcb666b_SYS	2026-03-31	01:00	12:50	A2	2.42	1543095958	O15_FT	03:20	primera a colombia	Millonarios	Fortaleza FC	Over 1.5 (FT)	TRÈS FORT	1.3
TSV: 2026-03-31_0100_34edcb666b_SYS	2026-03-31	01:00	12:50	A2	2.42	2783067321	O15_FT	11:00	international friendlies	Equatorial Guinea	Madagascar	Over 1.5 (FT)	EXPLOSION	1.33
TSV: 2026-03-31_1335_ec798bd5f0_SYS	2026-03-31	13:35	17:20	A2	2.44	3566384217	TEAM1_SCORE_FT	13:35	international friendlies	China PR U20	Australia U20	Team1 scores (FT)	FORT	1.36
TSV: 2026-03-31_1335_ec798bd5f0_SYS	2026-03-31	13:35	17:20	A2	2.44	3927484368	O15_FT	15:00	international friendlies	Costa Rica	Iran	Over 1.5 (FT)	FORT	1.4
TSV: 2026-03-31_1335_ec798bd5f0_SYS	2026-03-31	13:35	17:20	A2	2.44	2524519764	O15_FT	15:30	international friendlies	India U23	Tajikistan U23	Over 1.5 (FT)	FORT PLUS	1.28
TSV: 2026-03-31_1800_aa5f5184a7_SYS	2026-03-31	18:00	20:50	A2	2.54	446583069	HT1X_HOME	18:00	international friendlies	Montenegro	Slovenia	HT 1X Home	FORT	1.3
TSV: 2026-03-31_1800_aa5f5184a7_SYS	2026-03-31	18:00	20:50	A2	2.54	3775184831	O15_FT	18:00	international friendlies	San Marino	Andorra	Over 1.5 (FT)	TRÈS FORT	1.5
TSV: 2026-03-31_1800_aa5f5184a7_SYS	2026-03-31	18:00	20:50	A2	2.54	2560123510	HT1X_HOME	19:00	international friendlies	Hungary	Greece	HT 1X Home	FORT	1.3
TSV: 2026-03-31_2100_a8cb963b47_SYS	2026-03-31	21:00	01:20	A2	2.43	3947410683	O15_FT	21:00	international friendlies	Senegal	Gambia	Over 1.5 (FT)	FORT PLUS	1.2
TSV: 2026-03-31_2100_a8cb963b47_SYS	2026-03-31	21:00	01:20	A2	2.43	959993013	O15_FT	21:00	international friendlies	Brazil U20	Paraguay U20	Over 1.5 (FT)	EXPLOSION	1.22
TSV: 2026-03-31_2100_a8cb963b47_SYS	2026-03-31	21:00	01:20	A2	2.43	1516042717	O15_FT	21:00	international friendlies	Burkina Faso	Guinea-Bissau	Over 1.5 (FT)	FORT	1.22
TSV: 2026-03-31_2100_a8cb963b47_SYS	2026-03-31	21:00	01:20	A2	2.43	3971025394	HT1X_HOME	23:30	primera división paraguay	2 de Mayo	Nacional Asuncion	HT 1X Home	FORT	1.36
TSV: 2026-04-01_0030_5432c22f21_SYS	2026-04-01	00:30	21:50	A2	2.62	1122301632	HT1X_HOME	00:30	serie a brazil	Botafogo	Mirassol	HT 1X Home	FORT PLUS	1.25
TSV: 2026-04-01_0030_5432c22f21_SYS	2026-04-01	00:30	21:50	A2	2.62	762783920	HT1X_HOME	01:30	primera división paraguay	Sportivo Trinidense	Olimpia	HT 1X Home	MOYEN PLUS	1.5
TSV: 2026-04-01_0030_5432c22f21_SYS	2026-04-01	00:30	21:50	A2	2.62	869662321	O15_FT	20:00	laliga2	Huesca	Cultural Leonesa	Over 1.5 (FT)	MEGA EXPLOSION	1.4
TSV: 2026-04-02_0000_c75c3de220_SYS	2026-04-02	00:00	21:50	A2	2.45	1809547107	HT1X_HOME	00:00	serie a brazil	Chapecoense-sc	Atletico-MG	HT 1X Home	FORT	1.36
TSV: 2026-04-02_0000_c75c3de220_SYS	2026-04-02	00:00	21:50	A2	2.45	1992937428	HT1X_HOME	20:00	laliga2	Castellón	Almeria	HT 1X Home	MOYEN PLUS	1.25
TSV: 2026-04-02_0000_c75c3de220_SYS	2026-04-02	00:00	21:50	A2	2.45	1818688398	TEAM1_SCORE_FT	20:00	liga profesional argentina	Barracas Central	Sarmiento Junin	Team1 scores (FT)	MOYEN PLUS	1.44
TSV: 2026-04-03_0030_b7af247a1a_SYS	2026-04-03	00:30	15:20	A2	2.47	4276721283	HT1X_HOME	00:30	liga profesional argentina	San Lorenzo	Estudiantes L.P.	HT 1X Home	TRÈS FORT	1.3
TSV: 2026-04-03_0030_b7af247a1a_SYS	2026-04-03	00:30	15:20	A2	2.47	2907191242	TEAM1_SCORE_FT	01:20	primera a colombia	Fortaleza FC	Internacional de Bogota	Team1 scores (FT)	MOYEN PLUS	1.3
TSV: 2026-04-03_0030_b7af247a1a_SYS	2026-04-03	00:30	15:20	A2	2.47	2879302260	HT1X_HOME	03:30	primera a colombia	Once Caldas	Independiente Medellin	HT 1X Home	MOYEN PLUS	1.25
TSV: 2026-04-03_0030_b7af247a1a_SYS	2026-04-03	00:30	15:20	A2	2.47	3193721624	HT1X_HOME	13:30	championship	Middlesbrough	Millwall	HT 1X Home	FORT	1.17
TSV: 2026-04-03_1530_a72bf8a042_SYS	2026-04-03	15:30	17:20	A2	2.49	976669658	TEAM2_SCORE_FT	15:30	cymru premier league	Flint Town United	Haverfordwest County AFC	Team2 scores (FT)	FORT	1.25
TSV: 2026-04-03_1530_a72bf8a042_SYS	2026-04-03	15:30	17:20	A2	2.49	3879785091	HT05	15:30	cymru premier league	llanelli AFC	Bala Town	HT+0.5	MEGA EXPLOSION	1.33
TSV: 2026-04-03_1530_a72bf8a042_SYS	2026-04-03	15:30	17:20	A2	2.49	1071895009	O15_FT	15:30	cymru premier league	The New Saints	GAP Connah S Quay FC	Over 1.5 (FT)	MEGA EXPLOSION	1.2
TSV: 2026-04-03_1530_a72bf8a042_SYS	2026-04-03	15:30	17:20	A2	2.49	553010528	TEAM2_SCORE_FT	15:30	cymru premier league	Penybont	Barry Town	Team2 scores (FT)	FORT	1.25
TSV: 2026-04-03_2000_ea3fe4fca8_SYS	2026-04-03	20:00	22:50	A2	2.4	1004690816	HT1X_HOME	20:00	ligue 2	Annecy	Guingamp	HT 1X Home	TRÈS FORT	1.33
TSV: 2026-04-03_2000_ea3fe4fca8_SYS	2026-04-03	20:00	22:50	A2	2.4	937116033	HT1X_HOME	21:00	championship	Coventry	Derby	HT 1X Home	MOYEN PLUS	1.15
TSV: 2026-04-03_2000_ea3fe4fca8_SYS	2026-04-03	20:00	22:50	A2	2.4	2271463413	TEAM2_SCORE_FT	21:00	laliga	Rayo Vallecano	Elche	Team2 scores (FT)	FORT PLUS	1.57
TSV: 2026-04-09_1800_fd4ad387ab_SYS	2026-04-09	18:00	22:50	A2	2.54	3763175000	HT05	18:00	saudi arabia	Damac	Al-Qadisiyah FC	HT+0.5	MEGA EXPLOSION	1.28
TSV: 2026-04-09_1800_fd4ad387ab_SYS	2026-04-09	18:00	22:50	A2	2.54	1445447031	TEAM2_SCORE_FT	19:00	super lig	Rizespor	Samsunspor	Team2 scores (FT)	FORT	1.3
TSV: 2026-04-09_1800_fd4ad387ab_SYS	2026-04-09	18:00	22:50	A2	2.54	1404305215	O15_FT	20:00	saudi arabia	Al-Ettifaq	Al Riyadh	Over 1.5 (FT)	MOYEN PLUS	1.22
TSV: 2026-04-09_1800_fd4ad387ab_SYS	2026-04-09	18:00	22:50	A2	2.54	2603556798	HT1X_HOME	21:00	uefa europa league	SC Freiburg	Celta Vigo	HT 1X Home	FORT	1.25
TSV: 2026-04-10_1900_b82e105cae_SYS	2026-04-10	19:00	22:20	A2	2.4	3033980284	HT1X_HOME	19:00	ligue 1	Paris FC	Monaco	HT 1X Home	MOYEN PLUS	1.5
TSV: 2026-04-10_1900_b82e105cae_SYS	2026-04-10	19:00	22:20	A2	2.4	2588273652	HT1X_HOME	20:00	ligue 2	Annecy	Montpellier	HT 1X Home	TRÈS FORT	1.28
TSV: 2026-04-10_1900_b82e105cae_SYS	2026-04-10	19:00	22:20	A2	2.4	2158888095	O15_FT	20:30	laliga2	AD Ceuta FC	Real Sociedad II	Over 1.5 (FT)	MEGA EXPLOSION	1.25
TSV: 2026-04-11_1400_83d96640ee_SYS	2026-04-11	14:00	16:50	A2	2.44	4040190496	HT1X_HOME	14:00	ligue 2	Boulogne	Le Mans	HT 1X Home	MOYEN PLUS	1.36
TSV: 2026-04-11_1400_83d96640ee_SYS	2026-04-11	14:00	16:50	A2	2.44	83882919	O15_FT	15:00	serie b	Juve Stabia	Cesena	Over 1.5 (FT)	MEGA EXPLOSION	1.33
TSV: 2026-04-11_1400_83d96640ee_SYS	2026-04-11	14:00	16:50	A2	2.44	1113577581	HT1X_HOME	15:00	serie b	Sudtirol	Modena	HT 1X Home	MOYEN PLUS	1.35
TSV: 2026-04-11_1800_509d781546_SYS	2026-04-11	18:00	20:20	A2	2.87	98504995	TEAM1_SCORE_FT	18:00	super league switzerland	FC Zurich	FC Lugano	Team1 scores (FT)	MOYEN PLUS	1.29
TSV: 2026-04-11_1800_509d781546_SYS	2026-04-11	18:00	20:20	A2	2.87	2585350837	HT1X_HOME	18:30	bundesliga	FC St. Pauli	Bayern München	HT 1X Home	MOYEN PLUS	1.9
TSV: 2026-04-11_1800_509d781546_SYS	2026-04-11	18:00	20:20	A2	2.87	584034952	HT1X_HOME	18:30	premier league	Liverpool	Fulham	HT 1X Home	MOYEN PLUS	1.17
TSV: 2026-04-11_2030_6741ba2860_SYS	2026-04-11	20:30	00:35	A2	2.48	3367109386	HT1X_HOME	20:30	2. bundesliga	SV Darmstadt 98	Hannover 96	HT 1X Home	MOYEN PLUS	1.4
TSV: 2026-04-11_2030_6741ba2860_SYS	2026-04-11	20:30	00:35	A2	2.48	3733992219	TEAM1_SCORE_FT	20:45	serie a italia	Atalanta	Juventus	Team1 scores (FT)	MOYEN PLUS	1.3
TSV: 2026-04-11_2030_6741ba2860_SYS	2026-04-11	20:30	00:35	A2	2.48	1610252244	TEAM1_SCORE_FT	22:45	mls	Portland Timbers	Los Angeles FC	Team1 scores (FT)	MOYEN PLUS	1.36
TSV: 2026-04-12_0300_7ff4b68e68_SYS	2026-04-12	03:00	06:55	A2	2.58	1806427559	TEAM1_SCORE_FT	03:00	liga mx	Atlas	Monterrey	Team1 scores (FT)	MOYEN PLUS	1.3
TSV: 2026-04-12_0300_7ff4b68e68_SYS	2026-04-12	03:00	06:55	A2	2.58	4214054678	O15_FT	03:20	primera a colombia	Independiente Medellin	Atletico Nacional	Over 1.5 (FT)	MOYEN PLUS	1.22
TSV: 2026-04-12_0300_7ff4b68e68_SYS	2026-04-12	03:00	06:55	A2	2.58	1685606602	O15_FT	03:30	mls	Colorado Rapids	Houston Dynamo	Over 1.5 (FT)	MEGA EXPLOSION	1.25
TSV: 2026-04-12_0300_7ff4b68e68_SYS	2026-04-12	03:00	06:55	A2	2.58	2145438	TEAM1_SCORE_FT	05:05	liga mx	Club America	Cruz Azul	Team1 scores (FT)	MOYEN PLUS	1.3
TSV: 2026-04-12_1200_20b29d3114_SYS	2026-04-12	12:00	15:20	A2	2.53	591179259	HT1X_HOME	12:00	liga portugal 2	Feirense	Vizela	HT 1X Home	TRÈS FORT	1.36
TSV: 2026-04-12_1200_20b29d3114_SYS	2026-04-12	12:00	15:20	A2	2.53	659571908	O15_FT	12:15	eredivisie	Fortuna Sittard	NAC Breda	Over 1.5 (FT)	MOYEN PLUS	1.2
TSV: 2026-04-12_1200_20b29d3114_SYS	2026-04-12	12:00	15:20	A2	2.53	1045009497	TEAM1_SCORE_FT	13:30	pro league	KV Mechelen	Union St. Gilloise	Team1 scores (FT)	MOYEN PLUS	1.55
TSV: 2026-04-12_1530_a56472156a_SYS	2026-04-12	15:30	17:20	A2	2.55	3227333315	O15_FT	15:30	bundesliga	1. FC Köln	Werder Bremen	Over 1.5 (FT)	MEGA EXPLOSION	1.25
TSV: 2026-04-12_1530_a56472156a_SYS	2026-04-12	15:30	17:20	A2	2.55	3420871394	HT1X_HOME	15:30	czech first league	Teplice	Sparta Praha	HT 1X Home	MOYEN PLUS	1.57
TSV: 2026-04-12_1530_a56472156a_SYS	2026-04-12	15:30	17:20	A2	2.55	1187435009	O15_FT	15:30	czech first league	Pardubice	Sigma Olomouc	Over 1.5 (FT)	MEGA EXPLOSION	1.3
TSV: 2026-04-12_1830_2e8a3d8291_SYS	2026-04-12	18:30	01:20	A2	2.77	439685994	O15_FT	18:30	laliga2	Cadiz	FC Andorra	Over 1.5 (FT)	MEGA EXPLOSION	1.45
TSV: 2026-04-12_1830_2e8a3d8291_SYS	2026-04-12	18:30	01:20	A2	2.77	4242171004	HT1X_HOME	23:15	primera división paraguay	Rubio NU	Olimpia	HT 1X Home	MOYEN PLUS	1.62
TSV: 2026-04-12_1830_2e8a3d8291_SYS	2026-04-12	18:30	01:20	A2	2.77	512818220	HT1X_HOME	23:30	serie a brazil	Cruzeiro	RB Bragantino	HT 1X Home	MOYEN PLUS	1.18
TSV: 2026-04-13_2045_af2c771daf_SYS	2026-04-13	20:45	23:20	A2	2.7	901948894	HT1X_HOME	20:45	ligue 2	Rodez	Estac Troyes	HT 1X Home	TRÈS FORT	1.5
TSV: 2026-04-13_2045_af2c771daf_SYS	2026-04-13	20:45	23:20	A2	2.7	2527207444	HT1X_HOME	21:15	liga portugal	Tondela	GIL Vicente	HT 1X Home	MOYEN PLUS	1.44
TSV: 2026-04-13_2045_af2c771daf_SYS	2026-04-13	20:45	23:20	A2	2.7	3413703777	HT1X_HOME	21:30	liga profesional argentina	Defensa Y Justicia	Talleres Cordoba	HT 1X Home	FORT	1.25
