TSV: 2026-01-28_0215_2b30161f28_O15R	2026-01-28	02:15	04:20	A2	2.13	4017819940	O15_FT	02:30	primera a colombia	Independiente Medellin	Deportes Tolima	Over 1.5 (FT)	KO	1.5
TSV: 2026-01-28_0215_2b30161f28_O15R	2026-01-28	02:15	04:20	A2	2.13	3293079741	O15_FT	02:15	liga profesional argentina	Atletico Tucuman	Central Cordoba de Santiago	Over 1.5 (FT)	FORT PLUS	1.42
TSV: 2026-01-28_2100_16594321bd_O15R	2026-01-28	21:00	00:00	A2	2.29	2689005472	O15_FT	22:10	primera a colombia	Alianza Valledupar	Chico	Over 1.5 (FT)	FORT PLUS	1.5
TSV: 2026-01-28_2100_16594321bd_O15R	2026-01-28	21:00	00:00	A2	2.29	4215136567	O15_FT	21:00	uefa champions league	Ajax	Olympiakos Piraeus	Over 1.5 (FT)	FORT PLUS	1.25
TSV: 2026-01-28_2100_16594321bd_O15R	2026-01-28	21:00	00:00	A2	2.29	3127860943	O15_FT	21:00	uefa champions league	Union St. Gilloise	Atalanta	Over 1.5 (FT)	TRÈS FORT	1.22
TSV: 2026-01-28_0215_b3f7b6fd2a_O15R	2026-01-28	02:15	04:20	A2	2.43	4017819940	O15_FT	02:30	primera a colombia	Independiente Medellin	Deportes Tolima	Over 1.5 (FT)	KO	1.5
TSV: 2026-01-28_0215_b3f7b6fd2a_O15R	2026-01-28	02:15	04:20	A2	2.43	1598899999	O15_FT	02:15	liga profesional argentina	Newells Old Boys	Independiente	Over 1.5 (FT)	MOYEN	1.62
TSV: 2026-01-28_1830_398f9bb60e_O15R	2026-01-28	18:30	23:50	A2	2.02	3160823488	O15_FT	22:00	primera división paraguay	Libertad Asuncion	Sportivo Ameliano	Over 1.5 (FT)	MOYEN PLUS	1.44
TSV: 2026-01-28_1830_398f9bb60e_O15R	2026-01-28	18:30	23:50	A2	2.02	2900028999	O15_FT	18:30	saudi arabia	Al-Fayha	Al Khaleej Saihat	Over 1.5 (FT)	MOYEN PLUS	1.4
TSV: 2026-01-29_0130_22c812ec55_O15R	2026-01-29	01:30	04:20	A2	2.4	1278140803	O15_FT	01:30	serie a brazil	Sao Paulo	Flamengo	Over 1.5 (FT)	MEGA EXPLOSION	1.57
TSV: 2026-01-29_0130_22c812ec55_O15R	2026-01-29	01:30	04:20	A2	2.4	1291616414	O15_FT	02:30	primera a colombia	Deportivo Pasto	Millonarios	Over 1.5 (FT)	MOYEN PLUS	1.53
TSV: 2026-01-29_1830_9f247567ec_O15R	2026-01-29	18:30	23:50	A2	2.53	2001885198	O15_FT	18:30	saudi arabia	Al-Hazm	Al Shabab	Over 1.5 (FT)	MEGA EXPLOSION	1.22
TSV: 2026-01-29_1830_9f247567ec_O15R	2026-01-29	18:30	23:50	A2	2.53	2783474863	O15_FT	22:00	primera división paraguay	Sportivo Trinidense	Club Guarani	Over 1.5 (FT)	MOYEN PLUS	1.4
TSV: 2026-01-29_1830_9f247567ec_O15R	2026-01-29	18:30	23:50	A2	2.53	4107703648	O15_FT	21:00	uefa europa league	Panathinaikos	AS Roma	Over 1.5 (FT)	MEGA EXPLOSION	1.48
TSV: 2026-01-30_0130_cfe9244885_O15R	2026-01-30	01:30	04:10	A2	3.22	1383013946	O15_FT	02:20	primera a colombia	America de Cali	Once Caldas	Over 1.5 (FT)	FORT	1.4
TSV: 2026-01-30_0130_cfe9244885_O15R	2026-01-30	01:30	04:10	A2	3.22	2077656865	O15_FT	01:30	serie a brazil	Botafogo	Cruzeiro	Over 1.5 (FT)	EXPLOSION	1.42
TSV: 2026-01-30_0130_cfe9244885_O15R	2026-01-30	01:30	04:10	A2	3.22	3893156466	O15_FT	01:30	liga profesional argentina	Estudiantes de Rio Cuarto	Argentinos JRS	Over 1.5 (FT)	FORT	1.62
TSV: 2026-01-30_1450_61f94a13e8_O15R	2026-01-30	14:50	20:20	A2	2.33	1309545441	O15_FT	14:50	saudi arabia	Al Taawon	Al Okhdood	Over 1.5 (FT)	FORT PLUS	1.3
TSV: 2026-01-30_1450_61f94a13e8_O15R	2026-01-30	14:50	20:20	A2	2.33	417709141	O15_FT	18:00	super lig	Kasımpaşa	Samsunspor	Over 1.5 (FT)	MEGA EXPLOSION	1.38
TSV: 2026-01-30_1450_61f94a13e8_O15R	2026-01-30	14:50	20:20	A2	2.33	256874004	O15_FT	18:30	2. bundesliga	1. FC Nürnberg	Preußen Münster	Over 1.5 (FT)	FORT PLUS	1.3
TSV: 2026-01-30_2045_cc4c5fe516_O15R	2026-01-30	20:45	22:50	A2	2.59	3168968473	O15_FT	21:00	championship	Bristol City	Derby	Over 1.5 (FT)	MEGA EXPLOSION	1.38
TSV: 2026-01-30_2045_cc4c5fe516_O15R	2026-01-30	20:45	22:50	A2	2.59	2394271251	O15_FT	21:00	laliga	Espanyol	Alaves	Over 1.5 (FT)	EXPLOSION	1.5
TSV: 2026-01-30_2045_cc4c5fe516_O15R	2026-01-30	20:45	22:50	A2	2.59	337358824	O15_FT	20:45	pro league	RAAL La Louvière	Gent	Over 1.5 (FT)	MEGA EXPLOSION	1.25
TSV: 2026-01-31_0200_0f34f550b9_O15R	2026-01-31	02:00	05:56	A2	2.42	4230476308	O15_FT	02:00	liga mx	Puebla	Toluca	Over 1.5 (FT)	MOYEN PLUS	1.25
TSV: 2026-01-31_0200_0f34f550b9_O15R	2026-01-31	02:00	05:56	A2	2.42	1655549641	O15_FT	04:06	liga mx	FC Juarez	Cruz Azul	Over 1.5 (FT)	FORT PLUS	1.28
TSV: 2026-01-31_0200_0f34f550b9_O15R	2026-01-31	02:00	05:56	A2	2.42	1046982319	O15_FT	04:00	liga mx	U.N.A.M. - Pumas	Santos Laguna	Over 1.5 (FT)	MEGA EXPLOSION	1.18
TSV: 2026-01-31_0200_0f34f550b9_O15R	2026-01-31	02:00	05:56	A2	2.42	199783245	O15_FT	02:00	primera a colombia	Junior	Atletico Nacional	Over 1.5 (FT)	FORT PLUS	1.28
TSV: 2026-01-31_1230_e226e500b7_O15R	2026-01-31	12:30	15:20	A2	2.39	2288945333	O15_FT	12:30	super lig	Alanyaspor	Eyüpspor	Over 1.5 (FT)	TRÈS FORT	1.3
TSV: 2026-01-31_1230_e226e500b7_O15R	2026-01-31	12:30	15:20	A2	2.39	24926151	O15_FT	13:00	2. bundesliga	VfL Bochum	FC Schalke 04	Over 1.5 (FT)	FORT	1.33
TSV: 2026-01-31_1230_e226e500b7_O15R	2026-01-31	12:30	15:20	A2	2.39	1770077305	O15_FT	13:30	championship	Leicester	Charlton	Over 1.5 (FT)	MEGA EXPLOSION	1.38
TSV: 2026-01-31_1530_7f3d885d36_O15R	2026-01-31	15:30	17:20	A2	2.51	2594532707	O15_FT	15:30	bundesliga	1899 Hoffenheim	Union Berlin	Over 1.5 (FT)	MEGA EXPLOSION	1.28
TSV: 2026-01-31_1530_7f3d885d36_O15R	2026-01-31	15:30	17:20	A2	2.51	3975975333	O15_FT	15:30	bundesliga	RB Leipzig	FSV Mainz 05	Over 1.5 (FT)	MEGA EXPLOSION	1.17
TSV: 2026-01-31_1530_7f3d885d36_O15R	2026-01-31	15:30	17:20	A2	2.51	1068882916	O15_FT	15:30	bundesliga	Eintracht Frankfurt	Bayer Leverkusen	Over 1.5 (FT)	MEGA EXPLOSION	1.18
TSV: 2026-01-31_1530_7f3d885d36_O15R	2026-01-31	15:30	17:20	A2	2.51	848247715	O15_FT	15:30	bundesliga	FC Augsburg	FC St. Pauli	Over 1.5 (FT)	MEGA EXPLOSION	1.42
TSV: 2026-01-31_1800_e1b8814239_O15R	2026-01-31	18:00	20:05	A2	2.15	2595075066	O15_FT	18:00	serie a italia	Napoli	Fiorentina	Over 1.5 (FT)	MEGA EXPLOSION	1.38
TSV: 2026-01-31_1800_e1b8814239_O15R	2026-01-31	18:00	20:05	A2	2.15	188778389	O15_FT	18:15	pro league	Zulte Waregem	KVC Westerlo	Over 1.5 (FT)	MEGA EXPLOSION	1.2
TSV: 2026-01-31_1800_e1b8814239_O15R	2026-01-31	18:00	20:05	A2	2.15	491237849	O15_FT	18:00	super lig	Göztepe	Fatih Karagümrük	Over 1.5 (FT)	FORT PLUS	1.3
TSV: 2026-01-31_2030_2baca29c31_O15R	2026-01-31	20:30	23:20	A2	2.25	3492318652	O15_FT	21:30	liga portugal 2	Vizela	Portimonense	Over 1.5 (FT)	FAIBLE	1.28
TSV: 2026-01-31_2030_2baca29c31_O15R	2026-01-31	20:30	23:20	A2	2.25	1545164176	O15_FT	20:30	2. bundesliga	1. FC Kaiserslautern	SV Elversberg	Over 1.5 (FT)	TRÈS FORT	1.2
TSV: 2026-01-31_2030_2baca29c31_O15R	2026-01-31	20:30	23:20	A2	2.25	2133369654	O15_FT	21:05	ligue 1	Monaco	Rennes	Over 1.5 (FT)	TRÈS FORT	1.17
TSV: 2026-01-31_2030_2baca29c31_O15R	2026-01-31	20:30	23:20	A2	2.25	1016005273	O15_FT	20:30	super league switzerland	Grasshoppers	FC Lugano	Over 1.5 (FT)	MEGA EXPLOSION	1.25
TSV: 2026-02-01_0200_301918fbe0_O15R	2026-02-01	02:00	04:00	A2	2.52	2383511385	O15_FT	02:00	liga mx	Monterrey	Club Tijuana	Over 1.5 (FT)	EXPLOSION	1.22
TSV: 2026-02-01_0200_301918fbe0_O15R	2026-02-01	02:00	04:00	A2	2.52	1924147763	O15_FT	02:00	liga profesional argentina	Atletico Tucuman	Huracan	Over 1.5 (FT)	MOYEN PLUS	1.65
TSV: 2026-02-01_0200_301918fbe0_O15R	2026-02-01	02:00	04:00	A2	2.52	455821381	O15_FT	02:10	liga mx	Leon	Tigres UANL	Over 1.5 (FT)	MOYEN PLUS	1.25
TSV: 2026-02-01_1230_8473683023_O15R	2026-02-01	12:30	15:20	A2	3.03	282347424	O15_FT	13:30	2. bundesliga	Dynamo Dresden	Arminia Bielefeld	Over 1.5 (FT)	FORT	1.3
TSV: 2026-02-01_1230_8473683023_O15R	2026-02-01	12:30	15:20	A2	3.03	2904403628	O15_FT	13:30	2. bundesliga	Hertha BSC	SV Darmstadt 98	Over 1.5 (FT)	MEGA EXPLOSION	1.25
TSV: 2026-02-01_1230_8473683023_O15R	2026-02-01	12:30	15:20	A2	3.03	2784157820	O15_FT	13:30	2. bundesliga	Fortuna Düsseldorf	SC Paderborn 07	Over 1.5 (FT)	FORT PLUS	1.22
TSV: 2026-02-01_1230_8473683023_O15R	2026-02-01	12:30	15:20	A2	3.03	2870107459	O15_FT	12:30	serie a italia	Torino	Lecce	Over 1.5 (FT)	MOYEN	1.53
TSV: 2026-02-01_1530_7d0eb7e6d3_O15R	2026-02-01	15:30	19:05	A2	2.83	2011220247	O15_FT	17:15	ligue 1	Toulouse	Auxerre	Over 1.5 (FT)	FORT	1.4
TSV: 2026-02-01_1530_7d0eb7e6d3_O15R	2026-02-01	15:30	19:05	A2	2.83	499064146	O15_FT	16:45	eredivisie	Heerenveen	Utrecht	Over 1.5 (FT)	MEGA EXPLOSION	1.22
TSV: 2026-02-01_1530_7d0eb7e6d3_O15R	2026-02-01	15:30	19:05	A2	2.83	615353876	O15_FT	15:30	bundesliga	VfB Stuttgart	SC Freiburg	Over 1.5 (FT)	MEGA EXPLOSION	1.2
TSV: 2026-02-01_1530_7d0eb7e6d3_O15R	2026-02-01	15:30	19:05	A2	2.83	3264301286	O15_FT	17:15	ligue 1	Angers	Metz	Over 1.5 (FT)	TRÈS FORT	1.38
TSV: 2026-02-01_1915_05e29099f5_O15R	2026-02-01	19:15	22:50	A2	3.26	1928271509	O15_FT	20:00	eredivisie	FC Volendam	GO Ahead Eagles	Over 1.5 (FT)	MEGA EXPLOSION	1.2
TSV: 2026-02-01_1915_05e29099f5_O15R	2026-02-01	19:15	22:50	A2	3.26	2453444395	O15_FT	21:00	laliga2	Granada CF	Racing Santander	Over 1.5 (FT)	FORT PLUS	1.25
TSV: 2026-02-01_1915_05e29099f5_O15R	2026-02-01	19:15	22:50	A2	3.26	4110482878	O15_FT	19:15	pro league	OH Leuven	KV Mechelen	Over 1.5 (FT)	FAIBLE	1.28
TSV: 2026-02-01_1915_05e29099f5_O15R	2026-02-01	19:15	22:50	A2	3.26	1302129865	O15_FT	21:00	liga profesional argentina	Barracas Central	Deportivo Riestra	Over 1.5 (FT)	FAIBLE	1.7
TSV: 2026-02-02_0130_12536c6bd4_O15R	2026-02-02	01:30	04:20	A2	2.35	3988832860	O15_FT	01:30	liga profesional argentina	Rosario Central	River Plate	Over 1.5 (FT)	MOYEN	1.57
TSV: 2026-02-02_0130_12536c6bd4_O15R	2026-02-02	01:30	04:20	A2	2.35	3884927003	O15_FT	02:30	primera a colombia	Llaneros	Rionegro Aguilas	Over 1.5 (FT)	MEGA EXPLOSION	1.5
TSV: 2026-02-02_1945_38f4b20794_O15R	2026-02-02	19:45	22:50	A2	2.45	384618962	O15_FT	20:45	serie a italia	Udinese	AS Roma	Over 1.5 (FT)	FORT PLUS	1.4
TSV: 2026-02-02_1945_38f4b20794_O15R	2026-02-02	19:45	22:50	A2	2.45	2304153959	O15_FT	19:45	liga portugal	AVS	SC Braga	Over 1.5 (FT)	EXPLOSION	1.25
TSV: 2026-02-02_1945_38f4b20794_O15R	2026-02-02	19:45	22:50	A2	2.45	75289480	O15_FT	21:00	laliga	Mallorca	Sevilla	Over 1.5 (FT)	EXPLOSION	1.4
TSV: 2026-02-03_0200_b5cb1ee2a9_O15R	2026-02-03	02:00	03:50	A2	2.62	2853547887	O15_FT	02:00	liga profesional argentina	Argentinos JRS	Belgrano Cordoba	Over 1.5 (FT)	KO	1.48
TSV: 2026-02-03_0200_b5cb1ee2a9_O15R	2026-02-03	02:00	03:50	A2	2.62	1245236258	O15_FT	02:00	liga profesional argentina	Union Santa Fe	Gimnasia M.	Over 1.5 (FT)	MOYEN	1.77
TSV: 2026-02-03_1930_e631d8315e_O15R	2026-02-03	19:30	22:50	A2	2.83	2531484631	O15_FT	21:00	premiership	ST Mirren	Heart Of Midlothian	Over 1.5 (FT)	EXPLOSION	1.35
TSV: 2026-02-03_1930_e631d8315e_O15R	2026-02-03	19:30	22:50	A2	2.83	4246565802	O15_FT	20:45	championship	Blackburn	Sheffield Wednesday	Over 1.5 (FT)	MOYEN	1.25
TSV: 2026-02-03_1930_e631d8315e_O15R	2026-02-03	19:30	22:50	A2	2.83	2988492736	O15_FT	19:30	schweizer cup	Neuchatel Xamax FC	Yverdon Sport	Over 1.5 (FT)	MEGA EXPLOSION	1.2
TSV: 2026-02-03_1930_e631d8315e_O15R	2026-02-03	19:30	22:50	A2	2.83	1971169087	O15_FT	20:30	coupe de france	Reims	Le Mans	Over 1.5 (FT)	KO	1.4
TSV: 2026-02-04_0115_a30f4aa0f6_O15R	2026-02-04	01:15	03:05	A2	2.54	2995500167	O15_FT	01:15	liga profesional argentina	Independ. Rivadavia	Sarmiento Junin	Over 1.5 (FT)	MOYEN PLUS	1.57
TSV: 2026-02-04_0115_a30f4aa0f6_O15R	2026-02-04	01:15	03:05	A2	2.54	4063966952	O15_FT	01:15	liga profesional argentina	Instituto Cordoba	Lanus	Over 1.5 (FT)	MOYEN	1.62
TSV: 2026-02-04_1915_61aea6f4a5_O15R	2026-02-04	19:15	22:35	A2	2.55	1097337863	O15_FT	20:45	premiership	Livingston	Falkirk	Over 1.5 (FT)	TRÈS FORT	1.33
TSV: 2026-02-04_1915_61aea6f4a5_O15R	2026-02-04	19:15	22:35	A2	2.55	2313503086	O15_FT	20:45	premiership	Hibernian	Dundee Utd	Over 1.5 (FT)	MEGA EXPLOSION	1.28
TSV: 2026-02-04_1915_61aea6f4a5_O15R	2026-02-04	19:15	22:35	A2	2.55	4119798457	O15_FT	19:15	schweizer cup	Stade Lausanne-Ouchy	FC Luzern	Over 1.5 (FT)	TRÈS FORT	1.25
TSV: 2026-02-04_1915_61aea6f4a5_O15R	2026-02-04	19:15	22:35	A2	2.55	100338507	O15_FT	20:45	dfb pokal	Holstein Kiel	VfB Stuttgart	Over 1.5 (FT)	MEGA EXPLOSION	1.2
TSV: 2026-02-05_0130_54e92f24e2_O15R	2026-02-05	01:30	03:50	A2	2.29	2403572272	O15_FT	01:30	serie a brazil	Palmeiras	Vitoria	Over 1.5 (FT)	FORT	1.25
TSV: 2026-02-05_0130_54e92f24e2_O15R	2026-02-05	01:30	03:50	A2	2.29	1203316307	O15_FT	02:00	primera a colombia	Atletico Nacional	America de Cali	Over 1.5 (FT)	TRÈS FORT	1.33
TSV: 2026-02-05_0130_54e92f24e2_O15R	2026-02-05	01:30	03:50	A2	2.29	4276422348	O15_FT	01:30	serie a brazil	Gremio	Botafogo	Over 1.5 (FT)	MEGA EXPLOSION	1.38
TSV: 2026-02-05_1620_3261de5822_O15R	2026-02-05	16:20	00:50	A2	2.61	2523110536	O15_FT	21:00	coupe de france	Strasbourg	Monaco	Over 1.5 (FT)	MEGA EXPLOSION	1.18
TSV: 2026-02-05_1620_3261de5822_O15R	2026-02-05	16:20	00:50	A2	2.61	1881929427	O15_FT	20:30	belgian cup	Anderlecht	Antwerp	Over 1.5 (FT)	MEGA EXPLOSION	1.28
TSV: 2026-02-05_1620_3261de5822_O15R	2026-02-05	16:20	00:50	A2	2.61	3670469935	O15_FT	16:20	saudi arabia	Al-Fayha	Al Najma	Over 1.5 (FT)	MEGA EXPLOSION	1.25
TSV: 2026-02-05_1620_3261de5822_O15R	2026-02-05	16:20	00:50	A2	2.61	1678509882	O15_FT	23:00	serie a brazil	Bahia	Fluminense	Over 1.5 (FT)	FORT	1.38
TSV: 2026-02-06_0130_39080a0bb4_O15R	2026-02-06	01:30	17:50	A2	2.89	2098628078	O15_FT	01:30	serie a brazil	Cruzeiro	Coritiba	Over 1.5 (FT)	MOYEN	1.36
TSV: 2026-02-06_0130_39080a0bb4_O15R	2026-02-06	01:30	17:50	A2	2.89	3113393717	O15_FT	02:00	primera a colombia	Millonarios	Deportivo Pereira	Over 1.5 (FT)	MOYEN PLUS	1.36
TSV: 2026-02-06_0130_39080a0bb4_O15R	2026-02-06	01:30	17:50	A2	2.89	1519838134	O15_FT	15:25	saudi arabia	NEOM	Al Riyadh	Over 1.5 (FT)	MEGA EXPLOSION	1.23
TSV: 2026-02-06_0130_39080a0bb4_O15R	2026-02-06	01:30	17:50	A2	2.89	116386803	O15_FT	16:00	saudi arabia	Al-Ettifaq	Damac	Over 1.5 (FT)	MOYEN PLUS	1.27
TSV: 2026-02-06_2030_351ba5a0fa_O15R	2026-02-06	20:30	22:50	A2	2.74	102900701	O15_FT	20:30	serie b	Cesena	Pescara	Over 1.5 (FT)	MEGA EXPLOSION	1.25
TSV: 2026-02-06_2030_351ba5a0fa_O15R	2026-02-06	20:30	22:50	A2	2.74	404408253	O15_FT	20:30	bundesliga	Union Berlin	Eintracht Frankfurt	Over 1.5 (FT)	MEGA EXPLOSION	1.3
TSV: 2026-02-06_2030_351ba5a0fa_O15R	2026-02-06	20:30	22:50	A2	2.74	333668666	O15_FT	20:45	scottish cup	Airdrie United	ST Mirren	Over 1.5 (FT)	TRÈS FORT	1.22
TSV: 2026-02-06_2030_351ba5a0fa_O15R	2026-02-06	20:30	22:50	A2	2.74	3584544742	O15_FT	21:00	premier league	Leeds	Nottingham Forest	Over 1.5 (FT)	TRÈS FORT	1.38
TSV: 2026-02-07_0100_856b9b37a1_O15R	2026-02-07	01:00	04:20	A2	3.06	3291569967	O15_FT	01:00	liga profesional argentina	Central Cordoba de Santiago	Union Santa Fe	Over 1.5 (FT)	KO	1.73
TSV: 2026-02-07_0100_856b9b37a1_O15R	2026-02-07	01:00	04:20	A2	3.06	4167677066	O15_FT	02:00	liga mx	Necaxa	Atletico San Luis	Over 1.5 (FT)	MEGA EXPLOSION	1.3
TSV: 2026-02-07_0100_856b9b37a1_O15R	2026-02-07	01:00	04:20	A2	3.06	2957184122	O15_FT	02:30	primera a colombia	Independiente Medellin	Internacional de Bogota	Over 1.5 (FT)	MOYEN	1.36
TSV: 2026-02-07_1230_e613747a7a_O15R	2026-02-07	12:30	15:20	A2	2.17	1238944830	O15_FT	12:30	super lig	Fatih Karagümrük	Antalyaspor	Over 1.5 (FT)	TRÈS FORT	1.42
TSV: 2026-02-07_1230_e613747a7a_O15R	2026-02-07	12:30	15:20	A2	2.17	3212811380	O15_FT	13:00	2. bundesliga	FC Schalke 04	Dynamo Dresden	Over 1.5 (FT)	FORT PLUS	1.33
TSV: 2026-02-07_1230_e613747a7a_O15R	2026-02-07	12:30	15:20	A2	2.17	3618741710	O15_FT	13:30	premier league	Manchester United	Tottenham	Over 1.5 (FT)	MEGA EXPLOSION	1.15
TSV: 2026-02-07_1630_9c1443bbb3_O15R	2026-02-07	16:30	18:20	A2	2.4	3931508691	O15_FT	16:30	liga portugal	Estrela	Santa Clara	Over 1.5 (FT)	MOYEN PLUS	1.62
TSV: 2026-02-07_1630_9c1443bbb3_O15R	2026-02-07	16:30	18:20	A2	2.4	4246442101	O15_FT	16:30	liga portugal	Moreirense	GIL Vicente	Over 1.5 (FT)	MOYEN PLUS	1.48
TSV: 2026-02-07_1900_e01bdb1369_O15R	2026-02-07	19:00	22:20	A2	2.49	1977514535	O15_FT	19:00	liga portugal	Estoril	Tondela	Over 1.5 (FT)	MOYEN PLUS	1.22
TSV: 2026-02-07_1900_e01bdb1369_O15R	2026-02-07	19:00	22:20	A2	2.49	2233002159	O15_FT	20:00	primera a colombia	Rionegro Aguilas	Cucuta	Over 1.5 (FT)	EXPLOSION	1.42
TSV: 2026-02-07_1900_e01bdb1369_O15R	2026-02-07	19:00	22:20	A2	2.49	2131727304	O15_FT	20:30	2. bundesliga	SV Darmstadt 98	1. FC Kaiserslautern	Over 1.5 (FT)	MEGA EXPLOSION	1.2
TSV: 2026-02-07_1900_e01bdb1369_O15R	2026-02-07	19:00	22:20	A2	2.49	3046487863	O15_FT	20:30	super league switzerland	Grasshoppers	BSC Young Boys	Over 1.5 (FT)	MEGA EXPLOSION	1.2
TSV: 2026-02-08_0205_c881277924_O15R	2026-02-08	02:05	04:20	A2	2.51	1432125146	O15_FT	02:05	liga mx	Atlas	U.N.A.M. - Pumas	Over 1.5 (FT)	FAIBLE	1.42
TSV: 2026-02-08_0205_c881277924_O15R	2026-02-08	02:05	04:20	A2	2.51	1589973967	O15_FT	02:06	liga mx	Pachuca	FC Juarez	Over 1.5 (FT)	EXPLOSION	1.33
TSV: 2026-02-08_0205_c881277924_O15R	2026-02-08	02:05	04:20	A2	2.51	66006689	O15_FT	02:30	primera a colombia	Junior	Chico	Over 1.5 (FT)	EXPLOSION	1.33
TSV: 2026-02-08_1215_25bbf38fff_O15R	2026-02-08	12:15	15:20	A2	2.54	827138490	O15_FT	12:15	eredivisie	Utrecht	Feyenoord	Over 1.5 (FT)	MEGA EXPLOSION	1.25
TSV: 2026-02-08_1215_25bbf38fff_O15R	2026-02-08	12:15	15:20	A2	2.54	2418926712	O15_FT	13:30	2. bundesliga	Arminia Bielefeld	Eintracht Braunschweig	Over 1.5 (FT)	FORT	1.3
TSV: 2026-02-08_1215_25bbf38fff_O15R	2026-02-08	12:15	15:20	A2	2.54	1771457546	O15_FT	13:30	2. bundesliga	Hannover 96	Holstein Kiel	Over 1.5 (FT)	MEGA EXPLOSION	1.3
TSV: 2026-02-08_1215_25bbf38fff_O15R	2026-02-08	12:15	15:20	A2	2.54	1918378674	O15_FT	13:30	2. bundesliga	Karlsruher SC	Fortuna Düsseldorf	Over 1.5 (FT)	MOYEN PLUS	1.2
TSV: 2026-02-08_1615_f615048f32_O15R	2026-02-08	16:15	19:20	A2	2.35	2630654593	O15_FT	16:15	laliga	Athletic Club	Levante	Over 1.5 (FT)	MEGA EXPLOSION	1.28
TSV: 2026-02-08_1615_f615048f32_O15R	2026-02-08	16:15	19:20	A2	2.35	1097026804	O15_FT	16:15	laliga	Sevilla	Girona	Over 1.5 (FT)	EXPLOSION	1.33
TSV: 2026-02-08_1615_f615048f32_O15R	2026-02-08	16:15	19:20	A2	2.35	1039257394	O15_FT	16:30	super league switzerland	Lausanne	FC ST. Gallen	Over 1.5 (FT)	FORT PLUS	1.2
TSV: 2026-02-08_1615_f615048f32_O15R	2026-02-08	16:15	19:20	A2	2.35	723334455	O15_FT	17:30	premier league	Liverpool	Manchester City	Over 1.5 (FT)	MEGA EXPLOSION	1.15
TSV: 2026-02-08_2000_f37eca9971_O15R	2026-02-08	20:00	23:20	A2	2.19	673686427	O15_FT	20:00	primera a colombia	Fortaleza FC	America de Cali	Over 1.5 (FT)	MOYEN PLUS	1.5
TSV: 2026-02-08_2000_f37eca9971_O15R	2026-02-08	20:00	23:20	A2	2.19	3469508878	O15_FT	20:30	scottish cup	Stenhousemuir	Falkirk	Over 1.5 (FT)	EXPLOSION	1.25
TSV: 2026-02-08_2000_f37eca9971_O15R	2026-02-08	20:00	23:20	A2	2.19	2462303231	O15_FT	21:30	liga portugal	Benfica	Alverca	Over 1.5 (FT)	MEGA EXPLOSION	1.17
TSV: 2026-02-09_0215_ad873c02e1_O15R	2026-02-09	02:15	04:20	A2	2.52	3648108975	O15_FT	02:15	liga profesional argentina	Velez Sarsfield	Boca Juniors	Over 1.5 (FT)	MOYEN PLUS	1.65
TSV: 2026-02-09_0215_ad873c02e1_O15R	2026-02-09	02:15	04:20	A2	2.52	3584356678	O15_FT	02:30	primera a colombia	Jaguares	Deportivo Pereira	Over 1.5 (FT)	MEGA EXPLOSION	1.53
TSV: 2026-02-09_1500_e4839fb41c_O15R	2026-02-09	15:00	20:20	A2	2.62	3754332123	O15_FT	15:00	super lig	Kayserispor	Kocaelispor	Over 1.5 (FT)	TRÈS FORT	1.4
TSV: 2026-02-09_1500_e4839fb41c_O15R	2026-02-09	15:00	20:20	A2	2.62	3437461497	O15_FT	18:00	super lig	Fenerbahçe	Genclerbirligi	Over 1.5 (FT)	MEGA EXPLOSION	1.18
TSV: 2026-02-09_1500_e4839fb41c_O15R	2026-02-09	15:00	20:20	A2	2.62	2279998133	O15_FT	18:00	super lig	Gazişehir Gaziantep	Kasımpaşa	Over 1.5 (FT)	FORT PLUS	1.3
TSV: 2026-02-09_1500_e4839fb41c_O15R	2026-02-09	15:00	20:20	A2	2.62	2741358748	O15_FT	18:30	serie a italia	Atalanta	Cremonese	Over 1.5 (FT)	FORT PLUS	1.22
TSV: 2026-02-09_2145_11dc66cb0b_O15R	2026-02-09	21:45	01:05	A2	2.35	1339582339	O15_FT	21:45	liga portugal	FC Porto	Sporting CP	Over 1.5 (FT)	TRÈS FORT	1.38
TSV: 2026-02-09_2145_11dc66cb0b_O15R	2026-02-09	21:45	01:05	A2	2.35	3070539312	O15_FT	23:15	liga profesional argentina	Estudiantes L.P.	Deportivo Riestra	Over 1.5 (FT)	KO	1.7
TSV: 2026-02-10_2000_72ba977df1_O15R	2026-02-10	20:00	22:20	A2	2.39	2984518000	O15_FT	20:00	serie b	Padova	Carrarese	Over 1.5 (FT)	FORT PLUS	1.36
TSV: 2026-02-10_2000_72ba977df1_O15R	2026-02-10	20:00	22:20	A2	2.39	3604635405	O15_FT	20:30	premier league	Tottenham	Newcastle	Over 1.5 (FT)	MEGA EXPLOSION	1.2
TSV: 2026-02-10_2000_72ba977df1_O15R	2026-02-10	20:00	22:20	A2	2.39	50653463	O15_FT	20:30	premier league	Chelsea	Leeds	Over 1.5 (FT)	EXPLOSION	1.2
TSV: 2026-02-10_2000_72ba977df1_O15R	2026-02-10	20:00	22:20	A2	2.39	3752112378	O15_FT	20:30	super league switzerland	FC Luzern	Grasshoppers	Over 1.5 (FT)	MEGA EXPLOSION	1.22
TSV: 2026-02-11_0230_9ee02c70b1_O15R	2026-02-11	02:30	20:50	A2	2.73	2111741232	O15_FT	02:30	primera a colombia	Bucaramanga	Deportes Tolima	Over 1.5 (FT)	KO	1.57
TSV: 2026-02-11_0230_9ee02c70b1_O15R	2026-02-11	02:30	20:50	A2	2.73	1068341214	O15_FT	18:45	eredivisie	GO Ahead Eagles	Heerenveen	Over 1.5 (FT)	MOYEN PLUS	1.2
TSV: 2026-02-11_0230_9ee02c70b1_O15R	2026-02-11	02:30	20:50	A2	2.73	234994288	O15_FT	19:00	serie b	Sudtirol	Monza	Over 1.5 (FT)	FORT	1.45
TSV: 2026-02-12_0130_e678836510_O15R	2026-02-12	01:30	04:20	A2	2.59	3824854607	O15_FT	01:30	serie a brazil	Vasco DA Gama	Bahia	Over 1.5 (FT)	MOYEN PLUS	1.28
TSV: 2026-02-12_0130_e678836510_O15R	2026-02-12	01:30	04:20	A2	2.59	1480194309	O15_FT	01:30	serie a brazil	Sao Paulo	Gremio	Over 1.5 (FT)	MEGA EXPLOSION	1.35
TSV: 2026-02-12_0130_e678836510_O15R	2026-02-12	01:30	04:20	A2	2.59	2284758861	O15_FT	02:30	primera a colombia	Internacional de Bogota	Deportivo Cali	Over 1.5 (FT)	TRÈS FORT	1.5
TSV: 2026-02-12_1830_a3b4468afb_O15R	2026-02-12	18:30	22:50	A2	2.53	4029114117	O15_FT	18:30	saudi arabia	Al-Hazm	Al Okhdood	Over 1.5 (FT)	TRÈS FORT	1.33
TSV: 2026-02-12_1830_a3b4468afb_O15R	2026-02-12	18:30	22:50	A2	2.53	4073069953	O15_FT	20:30	super league switzerland	FC Sion	FC Basel 1893	Over 1.5 (FT)	MEGA EXPLOSION	1.22
TSV: 2026-02-12_1830_a3b4468afb_O15R	2026-02-12	18:30	22:50	A2	2.53	2669071286	O15_FT	20:30	super league switzerland	FC Thun	Lausanne	Over 1.5 (FT)	TRÈS FORT	1.22
TSV: 2026-02-12_1830_a3b4468afb_O15R	2026-02-12	18:30	22:50	A2	2.53	237324730	O15_FT	21:00	premier league	Brentford	Arsenal	Over 1.5 (FT)	MEGA EXPLOSION	1.28
TSV: 2026-02-13_0115_3fa0e2a691_O15R	2026-02-13	01:15	04:20	A2	2.54	2517054623	O15_FT	01:15	liga profesional argentina	Argentinos JRS	River Plate	Over 1.5 (FT)	FORT	1.5
TSV: 2026-02-13_0115_3fa0e2a691_O15R	2026-02-13	01:15	04:20	A2	2.54	3676733952	O15_FT	01:30	serie a brazil	Internacional	Palmeiras	Over 1.5 (FT)	TRÈS FORT	1.3
TSV: 2026-02-13_0115_3fa0e2a691_O15R	2026-02-13	01:15	04:20	A2	2.54	3957946586	O15_FT	02:30	primera a colombia	Atletico Nacional	Fortaleza FC	Over 1.5 (FT)	FORT PLUS	1.3
TSV: 2026-02-13_1800_9f11665fc8_O15R	2026-02-13	18:00	20:20	A2	2.17	386934184	O15_FT	18:00	super lig	Antalyaspor	Samsunspor	Over 1.5 (FT)	FORT PLUS	1.42
TSV: 2026-02-13_1800_9f11665fc8_O15R	2026-02-13	18:00	20:20	A2	2.17	3991552634	O15_FT	18:30	2. bundesliga	1. FC Nürnberg	Karlsruher SC	Over 1.5 (FT)	MEGA EXPLOSION	1.22
TSV: 2026-02-13_1800_9f11665fc8_O15R	2026-02-13	18:00	20:20	A2	2.17	1898257617	O15_FT	18:30	2. bundesliga	Fortuna Düsseldorf	Preußen Münster	Over 1.5 (FT)	MOYEN PLUS	1.25
TSV: 2026-02-13_2145_0156acbf5e_O15R	2026-02-13	21:45	23:50	A2	2.4	2760605533	O15_FT	21:45	liga portugal	Tondela	Alverca	Over 1.5 (FT)	TRÈS FORT	1.48
TSV: 2026-02-13_2145_0156acbf5e_O15R	2026-02-13	21:45	23:50	A2	2.4	1330399620	O15_FT	22:00	liga profesional argentina	Defensa Y Justicia	Velez Sarsfield	Over 1.5 (FT)	FORT PLUS	1.62
TSV: 2026-02-14_0200_46a3687fe7_O15R	2026-02-14	02:00	04:05	A2	3.58	1552694116	O15_FT	02:00	primera a colombia	America de Cali	Santa Fe	Over 1.5 (FT)	FORT	1.45
TSV: 2026-02-14_0200_46a3687fe7_O15R	2026-02-14	02:00	04:05	A2	3.58	2872404273	O15_FT	02:00	liga mx	Puebla	U.N.A.M. - Pumas	Over 1.5 (FT)	FAIBLE	1.35
TSV: 2026-02-14_0200_46a3687fe7_O15R	2026-02-14	02:00	04:05	A2	3.58	405866402	O15_FT	02:15	liga profesional argentina	Union Santa Fe	San Lorenzo	Over 1.5 (FT)	FAIBLE	1.83
TSV: 2026-02-14_1230_3689fa36eb_O15R	2026-02-14	12:30	14:50	A2	2.32	3042066375	O15_FT	12:30	super lig	Genclerbirligi	Rizespor	Over 1.5 (FT)	MEGA EXPLOSION	1.3
TSV: 2026-02-14_1230_3689fa36eb_O15R	2026-02-14	12:30	14:50	A2	2.32	1656302246	O15_FT	13:00	2. bundesliga	1. FC Kaiserslautern	SpVgg Greuther Fürth	Over 1.5 (FT)	MEGA EXPLOSION	1.17
TSV: 2026-02-14_1230_3689fa36eb_O15R	2026-02-14	12:30	14:50	A2	2.32	3217336192	O15_FT	13:00	2. bundesliga	Eintracht Braunschweig	SV Darmstadt 98	Over 1.5 (FT)	MEGA EXPLOSION	1.25
TSV: 2026-02-14_1230_3689fa36eb_O15R	2026-02-14	12:30	14:50	A2	2.32	1863374018	O15_FT	13:00	2. bundesliga	Hertha BSC	Hannover 96	Over 1.5 (FT)	MEGA EXPLOSION	1.22
TSV: 2026-02-14_1600_e921871802_O15R	2026-02-14	16:00	18:20	A2	2.39	390599661	O15_FT	16:00	fa cup	Burnley	Mansfield Town	Over 1.5 (FT)	MEGA EXPLOSION	1.22
TSV: 2026-02-14_1600_e921871802_O15R	2026-02-14	16:00	18:20	A2	2.39	803072250	O15_FT	16:15	laliga	Getafe	Villarreal	Over 1.5 (FT)	MEGA EXPLOSION	1.53
TSV: 2026-02-14_1600_e921871802_O15R	2026-02-14	16:00	18:20	A2	2.39	1327374852	O15_FT	16:30	eredivisie	Heracles	NAC Breda	Over 1.5 (FT)	TRÈS FORT	1.28
TSV: 2026-02-14_2000_57b320b253_O15R	2026-02-14	20:00	23:20	A2	2.21	2624806327	O15_FT	20:00	eredivisie	Ajax	Fortuna Sittard	Over 1.5 (FT)	MEGA EXPLOSION	1.17
TSV: 2026-02-14_2000_57b320b253_O15R	2026-02-14	20:00	23:20	A2	2.21	1549608901	O15_FT	21:00	eredivisie	Groningen	Utrecht	Over 1.5 (FT)	MOYEN PLUS	1.3
TSV: 2026-02-14_2000_57b320b253_O15R	2026-02-14	20:00	23:20	A2	2.21	3272641777	O15_FT	21:30	liga portugal	GIL Vicente	SC Braga	Over 1.5 (FT)	MOYEN PLUS	1.45
TSV: 2026-02-15_0200_079184bbdc_O15R	2026-02-15	02:00	04:20	A2	2.45	2426378856	O15_FT	02:00	liga mx	Monterrey	Leon	Over 1.5 (FT)	TRÈS FORT	1.2
TSV: 2026-02-15_0200_079184bbdc_O15R	2026-02-15	02:00	04:20	A2	2.45	2028164567	O15_FT	02:06	liga mx	FC Juarez	Necaxa	Over 1.5 (FT)	MEGA EXPLOSION	1.3
TSV: 2026-02-15_0200_079184bbdc_O15R	2026-02-15	02:00	04:20	A2	2.45	3759809968	O15_FT	02:30	primera a colombia	Deportivo Pasto	Internacional de Bogota	Over 1.5 (FT)	MEGA EXPLOSION	1.57
TSV: 2026-02-15_1230_c2253d1f7d_O15R	2026-02-15	12:30	15:20	A2	2.26	3332637240	O15_FT	12:30	super lig	Kocaelispor	Gazişehir Gaziantep	Over 1.5 (FT)	MEGA EXPLOSION	1.36
TSV: 2026-02-15_1230_c2253d1f7d_O15R	2026-02-15	12:30	15:20	A2	2.26	2205066903	O15_FT	13:00	fa cup	Birmingham	Leeds	Over 1.5 (FT)	MEGA EXPLOSION	1.25
TSV: 2026-02-15_1230_c2253d1f7d_O15R	2026-02-15	12:30	15:20	A2	2.26	1650521794	O15_FT	13:30	2. bundesliga	Holstein Kiel	FC Schalke 04	Over 1.5 (FT)	MOYEN PLUS	1.33
TSV: 2026-02-15_1615_a0dce76568_O15R	2026-02-15	16:15	18:20	A2	2.17	4043696408	O15_FT	16:15	laliga2	Huesca	AD Ceuta FC	Over 1.5 (FT)	MEGA EXPLOSION	1.45
TSV: 2026-02-15_1615_a0dce76568_O15R	2026-02-15	16:15	18:20	A2	2.17	678009799	O15_FT	16:30	super league switzerland	FC Basel 1893	FC Lugano	Over 1.5 (FT)	MEGA EXPLOSION	1.2
TSV: 2026-02-15_1615_a0dce76568_O15R	2026-02-15	16:15	18:20	A2	2.17	2418272550	O15_FT	16:30	super league switzerland	Lausanne	Servette FC	Over 1.5 (FT)	MEGA EXPLOSION	1.25
TSV: 2026-02-15_2045_582e6be22a_O15R	2026-02-15	20:45	22:50	A2	2.83	2068955263	O15_FT	20:45	serie a italia	Napoli	AS Roma	Over 1.5 (FT)	MOYEN PLUS	1.6
TSV: 2026-02-15_2045_582e6be22a_O15R	2026-02-15	20:45	22:50	A2	2.83	3901330168	O15_FT	21:00	laliga	Mallorca	Real Betis	Over 1.5 (FT)	MEGA EXPLOSION	1.38
TSV: 2026-02-15_2045_582e6be22a_O15R	2026-02-15	20:45	22:50	A2	2.83	2595567384	O15_FT	21:00	laliga2	Castellón	Deportivo La Coruna	Over 1.5 (FT)	FORT	1.28
TSV: 2026-02-16_0200_4fc414afcd_O15R	2026-02-16	02:00	04:20	A2	3.48	3445164007	O15_FT	02:00	liga profesional argentina	Instituto Cordoba	Central Cordoba de Santiago	Over 1.5 (FT)	KO	1.6
TSV: 2026-02-16_0200_4fc414afcd_O15R	2026-02-16	02:00	04:20	A2	3.48	462204753	O15_FT	02:00	liga profesional argentina	Rosario Central	Barracas Central	Over 1.5 (FT)	KO	1.53
TSV: 2026-02-16_0200_4fc414afcd_O15R	2026-02-16	02:00	04:20	A2	3.48	2728763493	O15_FT	02:30	primera a colombia	Fortaleza FC	Chico	Over 1.5 (FT)	EXPLOSION	1.42
TSV: 2026-02-16_1800_c7c80606ec_O15R	2026-02-16	18:00	22:35	A2	2.77	3708194835	O15_FT	18:00	super lig	Kasımpaşa	Fatih Karagümrük	Over 1.5 (FT)	FORT	1.36
TSV: 2026-02-16_1800_c7c80606ec_O15R	2026-02-16	18:00	22:35	A2	2.77	100202755	O15_FT	20:30	laliga2	Real Sociedad II	Malaga	Over 1.5 (FT)	MEGA EXPLOSION	1.33
TSV: 2026-02-16_1800_c7c80606ec_O15R	2026-02-16	18:00	22:35	A2	2.77	3724024564	O15_FT	20:45	serie a italia	Cagliari	Lecce	Over 1.5 (FT)	MOYEN	1.53
TSV: 2026-02-17_1845_dc340fb393_O15R	2026-02-17	18:45	22:50	A2	2.55	2484099238	O15_FT	18:45	uefa champions league	Galatasaray	Juventus	Over 1.5 (FT)	MEGA EXPLOSION	1.25
TSV: 2026-02-17_1845_dc340fb393_O15R	2026-02-17	18:45	22:50	A2	2.55	965072569	O15_FT	20:45	championship	Charlton	Portsmouth	Over 1.5 (FT)	MOYEN	1.42
TSV: 2026-02-17_1845_dc340fb393_O15R	2026-02-17	18:45	22:50	A2	2.55	2318576257	O15_FT	21:00	uefa champions league	Monaco	Paris Saint Germain	Over 1.5 (FT)	MOYEN PLUS	1.15
TSV: 2026-02-17_1845_dc340fb393_O15R	2026-02-17	18:45	22:50	A2	2.55	3114280153	O15_FT	21:00	uefa champions league	Borussia Dortmund	Atalanta	Over 1.5 (FT)	MEGA EXPLOSION	1.25
TSV: 2026-02-18_1845_cd2ec8bd79_O15R	2026-02-18	18:45	22:50	A2	2.25	2152651668	O15_FT	18:45	uefa champions league	Qarabag	Newcastle	Over 1.5 (FT)	MEGA EXPLOSION	1.2
TSV: 2026-02-18_1845_cd2ec8bd79_O15R	2026-02-18	18:45	22:50	A2	2.25	529720559	O15_FT	21:00	uefa champions league	Bodo/Glimt	Inter	Over 1.5 (FT)	MEGA EXPLOSION	1.18
TSV: 2026-02-18_1845_cd2ec8bd79_O15R	2026-02-18	18:45	22:50	A2	2.25	684289451	O15_FT	21:00	uefa champions league	Olympiakos Piraeus	Bayer Leverkusen	Over 1.5 (FT)	TRÈS FORT	1.3
TSV: 2026-02-18_1845_cd2ec8bd79_O15R	2026-02-18	18:45	22:50	A2	2.25	1757463356	O15_FT	21:00	uefa champions league	Club Brugge KV	Atletico Madrid	Over 1.5 (FT)	MOYEN PLUS	1.22
TSV: 2026-02-19_1845_68aed58e51_O15R	2026-02-19	18:45	21:50	A2	2.21	816987251	O15_FT	18:45	uefa europa league	Brann	Bologna	Over 1.5 (FT)	MEGA EXPLOSION	1.36
TSV: 2026-02-19_1845_68aed58e51_O15R	2026-02-19	18:45	21:50	A2	2.21	4245817019	O15_FT	20:00	saudi arabia	Al-Ettifaq	Al-Fateh	Over 1.5 (FT)	FORT PLUS	1.25
TSV: 2026-02-19_1845_68aed58e51_O15R	2026-02-19	18:45	21:50	A2	2.21	27858924	O15_FT	20:00	saudi arabia	Al Kholood	Al Riyadh	Over 1.5 (FT)	MOYEN	1.3
TSV: 2026-02-19_2330_460bc4da5f_O15R	2026-02-19	23:30	01:20	A2	3.5	1325899120	O15_FT	23:30	serie a brazil	Atletico Paranaense	Corinthians	Over 1.5 (FT)	FORT	1.44
TSV: 2026-02-19_2330_460bc4da5f_O15R	2026-02-19	23:30	01:20	A2	3.5	2161798069	O15_FT	23:30	liga profesional argentina	Instituto Cordoba	Atletico Tucuman	Over 1.5 (FT)	FORT	1.5
TSV: 2026-02-19_2330_460bc4da5f_O15R	2026-02-19	23:30	01:20	A2	3.5	36761182	O15_FT	23:30	liga profesional argentina	Independ. Rivadavia	Independiente	Over 1.5 (FT)	MOYEN	1.62
TSV: 2026-02-20_1800_9969209fe0_O15R	2026-02-20	18:00	22:50	A2	2.21	394738444	O15_FT	18:00	super lig	Rizespor	Kocaelispor	Over 1.5 (FT)	MEGA EXPLOSION	1.36
TSV: 2026-02-20_1800_9969209fe0_O15R	2026-02-20	18:00	22:50	A2	2.21	3781222372	O15_FT	20:30	bundesliga	FSV Mainz 05	Hamburger SV	Over 1.5 (FT)	MEGA EXPLOSION	1.26
TSV: 2026-02-20_1800_9969209fe0_O15R	2026-02-20	18:00	22:50	A2	2.21	2763327906	O15_FT	21:00	laliga	Athletic Club	Elche	Over 1.5 (FT)	MOYEN PLUS	1.29
TSV: 2026-02-21_0100_473e7d5cad_O15R	2026-02-21	01:00	04:20	A2	2.52	670931119	O15_FT	01:00	liga pro ecuador	Orense SC	LDU de Quito	Over 1.5 (FT)	MEGA EXPLOSION	1.35
TSV: 2026-02-21_0100_473e7d5cad_O15R	2026-02-21	01:00	04:20	A2	2.52	210763326	O15_FT	02:00	liga mx	Tigres UANL	Pachuca	Over 1.5 (FT)	TRÈS FORT	1.22
TSV: 2026-02-21_0100_473e7d5cad_O15R	2026-02-21	01:00	04:20	A2	2.52	935383206	O15_FT	02:30	primera a colombia	Deportivo Pereira	Deportivo Pasto	Over 1.5 (FT)	MEGA EXPLOSION	1.53
TSV: 2026-02-21_1130_80b9832dff_O15R	2026-02-21	11:30	14:50	A2	2.32	3742356531	O15_FT	11:30	super lig	Eyüpspor	Genclerbirligi	Over 1.5 (FT)	MEGA EXPLOSION	1.28
TSV: 2026-02-21_1130_80b9832dff_O15R	2026-02-21	11:30	14:50	A2	2.32	1824424258	O15_FT	12:00	liga portugal 2	Torreense	Benfica B	Over 1.5 (FT)	EXPLOSION	1.28
TSV: 2026-02-21_1130_80b9832dff_O15R	2026-02-21	11:30	14:50	A2	2.32	1260738414	O15_FT	13:00	2. bundesliga	SV Elversberg	Eintracht Braunschweig	Over 1.5 (FT)	MEGA EXPLOSION	1.18
TSV: 2026-02-21_1130_80b9832dff_O15R	2026-02-21	11:30	14:50	A2	2.32	784088695	O15_FT	13:00	2. bundesliga	SV Darmstadt 98	Fortuna Düsseldorf	Over 1.5 (FT)	FORT PLUS	1.2
TSV: 2026-02-21_1530_df29328994_O15R	2026-02-21	15:30	18:20	A2	2.37	2561994211	O15_FT	15:30	bundesliga	VfL Wolfsburg	FC Augsburg	Over 1.5 (FT)	MEGA EXPLOSION	1.22
TSV: 2026-02-21_1530_df29328994_O15R	2026-02-21	15:30	18:20	A2	2.37	2049395881	O15_FT	16:15	laliga	Real Betis	Rayo Vallecano	Over 1.5 (FT)	MEGA EXPLOSION	1.27
TSV: 2026-02-21_1530_df29328994_O15R	2026-02-21	15:30	18:20	A2	2.37	2695912918	O15_FT	16:30	liga portugal	Alverca	Santa Clara	Over 1.5 (FT)	TRÈS FORT	1.53
TSV: 2026-02-21_1900_b2d1a97fa5_O15R	2026-02-21	19:00	22:20	A2	2.23	1801728989	O15_FT	19:00	liga portugal	Moreirense	Sporting CP	Over 1.5 (FT)	FORT PLUS	1.2
TSV: 2026-02-21_1900_b2d1a97fa5_O15R	2026-02-21	19:00	22:20	A2	2.23	2137573108	O15_FT	20:00	eredivisie	NAC Breda	FC Volendam	Over 1.5 (FT)	TRÈS FORT	1.22
TSV: 2026-02-21_1900_b2d1a97fa5_O15R	2026-02-21	19:00	22:20	A2	2.23	2507858690	O15_FT	20:30	super league switzerland	Grasshoppers	FC Zurich	Over 1.5 (FT)	MEGA EXPLOSION	1.25
TSV: 2026-02-21_1900_b2d1a97fa5_O15R	2026-02-21	19:00	22:20	A2	2.23	3810058487	O15_FT	20:30	2. bundesliga	FC Schalke 04	1. FC Magdeburg	Over 1.5 (FT)	MEGA EXPLOSION	1.22
TSV: 2026-02-22_0130_70506b3a3c_O15R	2026-02-22	01:30	04:20	A2	2.28	2325926065	O15_FT	01:30	mls	Orlando City SC	New York Red Bulls	Over 1.5 (FT)	MOYEN PLUS	1.2
TSV: 2026-02-22_0130_70506b3a3c_O15R	2026-02-22	01:30	04:20	A2	2.28	400561959	O15_FT	02:30	mls	Austin	Minnesota United FC	Over 1.5 (FT)	MEGA EXPLOSION	1.3
TSV: 2026-02-22_0130_70506b3a3c_O15R	2026-02-22	01:30	04:20	A2	2.28	4006582228	O15_FT	02:30	mls	Nashville SC	New England Revolution	Over 1.5 (FT)	MOYEN PLUS	1.2
TSV: 2026-02-22_0130_70506b3a3c_O15R	2026-02-22	01:30	04:20	A2	2.28	1840837961	O15_FT	02:30	mls	Houston Dynamo	Chicago Fire	Over 1.5 (FT)	MEGA EXPLOSION	1.22
TSV: 2026-02-22_1130_63542f7d7b_O15R	2026-02-22	11:30	14:20	A2	2.31	1560231572	O15_FT	11:30	super lig	Kayserispor	Antalyaspor	Over 1.5 (FT)	FORT PLUS	1.38
TSV: 2026-02-22_1130_63542f7d7b_O15R	2026-02-22	11:30	14:20	A2	2.31	4126812648	O15_FT	12:15	eredivisie	Twente	Groningen	Over 1.5 (FT)	MEGA EXPLOSION	1.18
TSV: 2026-02-22_1130_63542f7d7b_O15R	2026-02-22	11:30	14:20	A2	2.31	3604001928	O15_FT	12:30	serie a italia	Genoa	Torino	Over 1.5 (FT)	MEGA EXPLOSION	1.42
TSV: 2026-02-22_1530_766171db79_O15R	2026-02-22	15:30	18:20	A2	2.28	2204406092	O15_FT	15:30	bundesliga	SC Freiburg	Borussia Mönchengladbach	Over 1.5 (FT)	MOYEN PLUS	1.28
TSV: 2026-02-22_1530_766171db79_O15R	2026-02-22	15:30	18:20	A2	2.28	1760397904	O15_FT	16:00	pro league	RAAL La Louvière	KV Mechelen	Over 1.5 (FT)	EXPLOSION	1.25
TSV: 2026-02-22_1530_766171db79_O15R	2026-02-22	15:30	18:20	A2	2.28	3153480034	O15_FT	16:00	premiership	Celtic	Hibernian	Over 1.5 (FT)	TRÈS FORT	1.17
TSV: 2026-02-22_1530_766171db79_O15R	2026-02-22	15:30	18:20	A2	2.28	1960655612	O15_FT	16:30	super league switzerland	FC Lugano	Lausanne	Over 1.5 (FT)	MEGA EXPLOSION	1.22
TSV: 2026-02-22_1900_458d770219_O15R	2026-02-22	19:00	21:20	A2	2.59	3825562832	O15_FT	19:00	liga portugal 2	Lusitânia Lourosa	Feirense	Over 1.5 (FT)	TRÈS FORT	1.44
TSV: 2026-02-22_1900_458d770219_O15R	2026-02-22	19:00	21:20	A2	2.59	867967347	O15_FT	19:00	liga portugal	Estoril	GIL Vicente	Over 1.5 (FT)	MEGA EXPLOSION	1.28
TSV: 2026-02-22_1900_458d770219_O15R	2026-02-22	19:00	21:20	A2	2.59	2798013807	O15_FT	19:15	pro league	KVC Westerlo	Charleroi	Over 1.5 (FT)	MEGA EXPLOSION	1.22
TSV: 2026-02-22_1900_458d770219_O15R	2026-02-22	19:00	21:20	A2	2.59	3231260404	O15_FT	19:30	bundesliga	1. FC Heidenheim	VfB Stuttgart	Over 1.5 (FT)	MOYEN PLUS	1.15
TSV: 2026-02-23_0100_9de1a27824_O15R	2026-02-23	01:00	05:05	A2	2.56	1159202447	O15_FT	01:00	mls	Los Angeles Galaxy	New York City FC	Over 1.5 (FT)	TRÈS FORT	1.22
TSV: 2026-02-23_0100_9de1a27824_O15R	2026-02-23	01:00	05:05	A2	2.56	1680591305	O15_FT	02:00	liga mx	Club Queretaro	FC Juarez	Over 1.5 (FT)	EXPLOSION	1.38
TSV: 2026-02-23_0100_9de1a27824_O15R	2026-02-23	01:00	05:05	A2	2.56	1544038433	O15_FT	02:30	primera a colombia	America de Cali	Jaguares	Over 1.5 (FT)	MOYEN PLUS	1.3
TSV: 2026-02-23_0100_9de1a27824_O15R	2026-02-23	01:00	05:05	A2	2.56	3379756881	O15_FT	03:15	mls	Seattle Sounders	Colorado Rapids	Over 1.5 (FT)	FORT PLUS	1.17
TSV: 2026-02-23_1800_1ce8acedd0_O15R	2026-02-23	18:00	23:05	A2	2.22	2802131895	O15_FT	18:00	super lig	Fenerbahçe	Kasımpaşa	Over 1.5 (FT)	TRÈS FORT	1.15
TSV: 2026-02-23_1800_1ce8acedd0_O15R	2026-02-23	18:00	23:05	A2	2.22	408181980	O15_FT	21:00	laliga	Alaves	Girona	Over 1.5 (FT)	MOYEN PLUS	1.45
TSV: 2026-02-23_1800_1ce8acedd0_O15R	2026-02-23	18:00	23:05	A2	2.22	1010033596	O15_FT	21:15	liga portugal	Famalicao	Casa Pia	Over 1.5 (FT)	TRÈS FORT	1.33
TSV: 2026-02-24_2045_2456bec104_O15R	2026-02-24	20:45	22:50	A2	2.39	3373866119	O15_FT	20:45	championship	Blackburn	Bristol City	Over 1.5 (FT)	TRÈS FORT	1.4
TSV: 2026-02-24_2045_2456bec104_O15R	2026-02-24	20:45	22:50	A2	2.39	513438760	O15_FT	20:45	championship	West Brom	Charlton	Over 1.5 (FT)	FORT	1.42
TSV: 2026-02-24_2045_2456bec104_O15R	2026-02-24	20:45	22:50	A2	2.39	1873805999	O15_FT	21:00	uefa champions league	Bayer Leverkusen	Olympiakos Piraeus	Over 1.5 (FT)	FORT PLUS	1.2
TSV: 2026-02-25_1845_ceee1bbece_O15R	2026-02-25	18:45	22:50	A2	2.3	4188164313	O15_FT	18:45	uefa champions league	Atalanta	Borussia Dortmund	Over 1.5 (FT)	MEGA EXPLOSION	1.2
TSV: 2026-02-25_1845_ceee1bbece_O15R	2026-02-25	18:45	22:50	A2	2.3	369824751	O15_FT	20:00	saudi arabia	Al-Fayha	NEOM	Over 1.5 (FT)	MOYEN PLUS	1.33
TSV: 2026-02-25_1845_ceee1bbece_O15R	2026-02-25	18:45	22:50	A2	2.3	104000656	O15_FT	21:00	championship	Stoke City	Oxford United	Over 1.5 (FT)	KO	1.44
TSV: 2026-02-26_0100_285408d98f_O15R	2026-02-26	01:00	21:50	A2	2.43	1012427179	O15_FT	01:00	primera a colombia	Santa Fe	Atletico Nacional	Over 1.5 (FT)	MOYEN PLUS	1.35
TSV: 2026-02-26_0100_285408d98f_O15R	2026-02-26	01:00	21:50	A2	2.43	4008200799	O15_FT	18:45	uefa europa league	Ferencvarosi TC	Ludogorets	Over 1.5 (FT)	FORT PLUS	1.25
TSV: 2026-02-26_0100_285408d98f_O15R	2026-02-26	01:00	21:50	A2	2.43	4289279709	O15_FT	20:00	saudi arabia	Al Riyadh	Al-Ahli Jeddah	Over 1.5 (FT)	EXPLOSION	1.18
TSV: 2026-02-26_0100_285408d98f_O15R	2026-02-26	01:00	21:50	A2	2.43	198716996	O15_FT	20:00	saudi arabia	Al-Fateh	Damac	Over 1.5 (FT)	MEGA EXPLOSION	1.22
TSV: 2026-02-27_1800_e4cee43984_O15R	2026-02-27	18:00	20:50	A2	2.53	3078183236	O15_FT	18:00	super lig	Başakşehir	Konyaspor	Over 1.5 (FT)	MEGA EXPLOSION	1.22
TSV: 2026-02-27_1800_e4cee43984_O15R	2026-02-27	18:00	20:50	A2	2.53	3445911553	O15_FT	18:00	super lig	Trabzonspor	Fatih Karagümrük	Over 1.5 (FT)	MEGA EXPLOSION	1.2
TSV: 2026-02-27_1800_e4cee43984_O15R	2026-02-27	18:00	20:50	A2	2.53	1438635239	O15_FT	18:30	2. bundesliga	Fortuna Düsseldorf	VfL Bochum	Over 1.5 (FT)	TRÈS FORT	1.28
TSV: 2026-02-27_1800_e4cee43984_O15R	2026-02-27	18:00	20:50	A2	2.53	582844215	O15_FT	19:00	serie b	Monza	Virtus Entella	Over 1.5 (FT)	TRÈS FORT	1.35
TSV: 2026-02-28_0200_4f666ad2b4_O15R	2026-02-28	02:00	05:50	A2	2.28	3353670797	O15_FT	02:00	liga mx	Mazatlán	Pachuca	Over 1.5 (FT)	TRÈS FORT	1.3
TSV: 2026-02-28_0200_4f666ad2b4_O15R	2026-02-28	02:00	05:50	A2	2.28	1840444157	O15_FT	02:30	primera a colombia	Once Caldas	Chico	Over 1.5 (FT)	MOYEN	1.3
TSV: 2026-02-28_0200_4f666ad2b4_O15R	2026-02-28	02:00	05:50	A2	2.28	2649200683	O15_FT	04:00	liga mx	FC Juarez	Atlas	Over 1.5 (FT)	MEGA EXPLOSION	1.35
TSV: 2026-02-28_1130_7839221baa_O15R	2026-02-28	11:30	14:50	A2	2.25	2643105826	O15_FT	11:30	super lig	Kasımpaşa	Rizespor	Over 1.5 (FT)	TRÈS FORT	1.3
TSV: 2026-02-28_1130_7839221baa_O15R	2026-02-28	11:30	14:50	A2	2.25	775584651	O15_FT	13:00	2. bundesliga	Holstein Kiel	SV Elversberg	Over 1.5 (FT)	MEGA EXPLOSION	1.2
TSV: 2026-02-28_1130_7839221baa_O15R	2026-02-28	11:30	14:50	A2	2.25	3508683126	O15_FT	13:00	2. bundesliga	Arminia Bielefeld	Hannover 96	Over 1.5 (FT)	MEGA EXPLOSION	1.22
TSV: 2026-02-28_1130_7839221baa_O15R	2026-02-28	11:30	14:50	A2	2.25	2608852870	O15_FT	13:00	2. bundesliga	1. FC Kaiserslautern	SC Paderborn 07	Over 1.5 (FT)	MEGA EXPLOSION	1.18
TSV: 2026-02-28_1530_b2ac994ae5_O15R	2026-02-28	15:30	18:20	A2	2.27	3031279773	O15_FT	15:30	bundesliga	Borussia Mönchengladbach	Union Berlin	Over 1.5 (FT)	MEGA EXPLOSION	1.35
TSV: 2026-02-28_1530_b2ac994ae5_O15R	2026-02-28	15:30	18:20	A2	2.27	3997285522	O15_FT	16:30	liga portugal	AVS	Estrela	Over 1.5 (FT)	MEGA EXPLOSION	1.4
TSV: 2026-02-28_1530_b2ac994ae5_O15R	2026-02-28	15:30	18:20	A2	2.27	508772024	O15_FT	16:30	eredivisie	Heerenveen	Sparta Rotterdam	Over 1.5 (FT)	MEGA EXPLOSION	1.2
TSV: 2026-02-28_1900_9ada1e6b91_O15R	2026-02-28	19:00	22:20	A2	2.28	336831091	O15_FT	19:00	liga portugal	Nacional	SC Braga	Over 1.5 (FT)	MOYEN PLUS	1.25
TSV: 2026-02-28_1900_9ada1e6b91_O15R	2026-02-28	19:00	22:20	A2	2.28	534131267	O15_FT	20:30	super league switzerland	Servette FC	FC Sion	Over 1.5 (FT)	MEGA EXPLOSION	1.28
TSV: 2026-02-28_1900_9ada1e6b91_O15R	2026-02-28	19:00	22:20	A2	2.28	2966342729	O15_FT	20:30	mls	Chicago Fire	CF Montreal	Over 1.5 (FT)	MEGA EXPLOSION	1.17
TSV: 2026-02-28_1900_9ada1e6b91_O15R	2026-02-28	19:00	22:20	A2	2.28	4106560434	O15_FT	20:30	2. bundesliga	SpVgg Greuther Fürth	FC Schalke 04	Over 1.5 (FT)	MEGA EXPLOSION	1.22
TSV: 2026-03-01_0130_3786548c9d_O15R	2026-03-01	01:30	04:20	A2	2.48	2162464331	O15_FT	01:30	mls	Real Salt Lake	Seattle Sounders	Over 1.5 (FT)	TRÈS FORT	1.3
TSV: 2026-03-01_0130_3786548c9d_O15R	2026-03-01	01:30	04:20	A2	2.48	3987553828	O15_FT	01:30	mls	San Jose Earthquakes	Atlanta United FC	Over 1.5 (FT)	FORT PLUS	1.22
TSV: 2026-03-01_0130_3786548c9d_O15R	2026-03-01	01:30	04:20	A2	2.48	1969021589	O15_FT	02:06	liga mx	Leon	Necaxa	Over 1.5 (FT)	MEGA EXPLOSION	1.25
TSV: 2026-03-01_0130_3786548c9d_O15R	2026-03-01	01:30	04:20	A2	2.48	451462787	O15_FT	02:30	mls	Houston Dynamo	Los Angeles FC	Over 1.5 (FT)	MOYEN PLUS	1.25
TSV: 2026-03-01_1300_d7a3ab5a7a_O15R	2026-03-01	13:00	15:20	A2	2.21	3320546947	O15_FT	13:00	premiership	Rangers	Celtic	Over 1.5 (FT)	MEGA EXPLOSION	1.22
TSV: 2026-03-01_1300_d7a3ab5a7a_O15R	2026-03-01	13:00	15:20	A2	2.21	2532755461	O15_FT	13:30	pro league	Genk	Gent	Over 1.5 (FT)	MEGA EXPLOSION	1.18
TSV: 2026-03-01_1300_d7a3ab5a7a_O15R	2026-03-01	13:00	15:20	A2	2.21	81751399	O15_FT	13:30	2. bundesliga	Hertha BSC	1. FC Nürnberg	Over 1.5 (FT)	MEGA EXPLOSION	1.2
TSV: 2026-03-01_1300_d7a3ab5a7a_O15R	2026-03-01	13:00	15:20	A2	2.21	2292450720	O15_FT	13:30	2. bundesliga	Eintracht Braunschweig	Preußen Münster	Over 1.5 (FT)	MEGA EXPLOSION	1.28
TSV: 2026-03-01_1615_a762f5a29f_O15R	2026-03-01	16:15	19:20	A2	2.4	2392112177	O15_FT	16:15	laliga2	Mirandes	AD Ceuta FC	Over 1.5 (FT)	MEGA EXPLOSION	1.42
TSV: 2026-03-01_1615_a762f5a29f_O15R	2026-03-01	16:15	19:20	A2	2.4	3090470609	O15_FT	16:30	super league switzerland	Grasshoppers	FC Lugano	Over 1.5 (FT)	MEGA EXPLOSION	1.35
TSV: 2026-03-01_1615_a762f5a29f_O15R	2026-03-01	16:15	19:20	A2	2.4	3745916196	O15_FT	17:30	bundesliga	Eintracht Frankfurt	SC Freiburg	Over 1.5 (FT)	FORT PLUS	1.25
TSV: 2026-03-01_2000_5fc3f0e65c_O15R	2026-03-01	20:00	22:35	A2	2.31	3097668734	O15_FT	20:00	eredivisie	Excelsior	GO Ahead Eagles	Over 1.5 (FT)	MEGA EXPLOSION	1.25
TSV: 2026-03-01_2000_5fc3f0e65c_O15R	2026-03-01	20:00	22:35	A2	2.31	1521263347	O15_FT	20:00	primera a colombia	Deportivo Pasto	Cucuta	Over 1.5 (FT)	MEGA EXPLOSION	1.48
TSV: 2026-03-01_2000_5fc3f0e65c_O15R	2026-03-01	20:00	22:35	A2	2.31	1139084553	O15_FT	20:45	ligue 1	Marseille	Lyon	Over 1.5 (FT)	FORT PLUS	1.25
TSV: 2026-03-02_0230_66a2910ee2_O15R	2026-03-02	02:30	21:50	A2	2.48	1567847458	O15_FT	02:30	primera a colombia	Deportes Tolima	Atletico Nacional	Over 1.5 (FT)	FAIBLE	1.3
TSV: 2026-03-02_0230_66a2910ee2_O15R	2026-03-02	02:30	21:50	A2	2.48	1315555400	O15_FT	18:30	serie a italia	Pisa	Bologna	Over 1.5 (FT)	FAIBLE	1.38
TSV: 2026-03-02_0230_66a2910ee2_O15R	2026-03-02	02:30	21:50	A2	2.48	2721747369	O15_FT	20:00	laliga2	Sporting Gijon	Leganes	Over 1.5 (FT)	MEGA EXPLOSION	1.38
TSV: 2026-03-03_2000_e8e812dc0b_O15R	2026-03-03	20:00	22:20	A2	2.58	3807644547	O15_FT	20:00	serie b	Virtus Entella	Modena	Over 1.5 (FT)	MEGA EXPLOSION	1.4
TSV: 2026-03-03_2000_e8e812dc0b_O15R	2026-03-03	20:00	22:20	A2	2.58	3994610005	O15_FT	20:30	premier league	Everton	Burnley	Over 1.5 (FT)	MOYEN PLUS	1.3
TSV: 2026-03-03_2000_e8e812dc0b_O15R	2026-03-03	20:00	22:20	A2	2.58	1611211839	O15_FT	20:30	premier league	Bournemouth	Brentford	Over 1.5 (FT)	MEGA EXPLOSION	1.2
TSV: 2026-03-03_2000_e8e812dc0b_O15R	2026-03-03	20:00	22:20	A2	2.58	3374544712	O15_FT	20:30	super league switzerland	FC Winterthur	Servette FC	Over 1.5 (FT)	MEGA EXPLOSION	1.18
TSV: 2026-03-04_0200_2ee696b88f_O15R	2026-03-04	02:00	06:00	A2	2.3	1239160639	O15_FT	02:00	liga mx	Pachuca	Necaxa	Over 1.5 (FT)	FORT PLUS	1.28
TSV: 2026-03-04_0200_2ee696b88f_O15R	2026-03-04	02:00	06:00	A2	2.3	1333636424	O15_FT	02:00	liga mx	Santos Laguna	Cruz Azul	Over 1.5 (FT)	MEGA EXPLOSION	1.18
TSV: 2026-03-04_0200_2ee696b88f_O15R	2026-03-04	02:00	06:00	A2	2.3	694060628	O15_FT	04:00	liga mx	Atletico San Luis	Mazatlán	Over 1.5 (FT)	MEGA EXPLOSION	1.25
TSV: 2026-03-04_0200_2ee696b88f_O15R	2026-03-04	02:00	06:00	A2	2.3	1563146643	O15_FT	04:10	liga mx	U.N.A.M. - Pumas	Toluca	Over 1.5 (FT)	FORT PLUS	1.22
TSV: 2026-03-04_1900_6d39ef92bc_O15R	2026-03-04	19:00	22:20	A2	2.46	34948034	O15_FT	19:00	laliga	Rayo Vallecano	Oviedo	Over 1.5 (FT)	MEGA EXPLOSION	1.38
TSV: 2026-03-04_1900_6d39ef92bc_O15R	2026-03-04	19:00	22:20	A2	2.46	3971337799	O15_FT	20:30	premier league	Aston Villa	Chelsea	Over 1.5 (FT)	MEGA EXPLOSION	1.22
TSV: 2026-03-04_1900_6d39ef92bc_O15R	2026-03-04	19:00	22:20	A2	2.46	3463435952	O15_FT	20:30	premier league	Fulham	West Ham	Over 1.5 (FT)	MEGA EXPLOSION	1.22
TSV: 2026-03-04_1900_6d39ef92bc_O15R	2026-03-04	19:00	22:20	A2	2.46	698180312	O15_FT	20:30	super league switzerland	FC Zurich	Lausanne	Over 1.5 (FT)	MEGA EXPLOSION	1.2
TSV: 2026-03-05_0200_d002da4cda_O15R	2026-03-05	02:00	05:50	A2	2.61	2014122597	O15_FT	02:00	liga mx	Monterrey	Club Queretaro	Over 1.5 (FT)	MOYEN PLUS	1.2
TSV: 2026-03-05_0200_d002da4cda_O15R	2026-03-05	02:00	05:50	A2	2.61	2980872551	O15_FT	02:00	liga mx	Puebla	Tigres UANL	Over 1.5 (FT)	MOYEN PLUS	1.28
TSV: 2026-03-05_0200_d002da4cda_O15R	2026-03-05	02:00	05:50	A2	2.61	1544112114	O15_FT	02:00	primera a colombia	Fortaleza FC	Jaguares	Over 1.5 (FT)	MOYEN PLUS	1.33
TSV: 2026-03-05_0200_d002da4cda_O15R	2026-03-05	02:00	05:50	A2	2.61	2598110976	O15_FT	04:00	liga mx	Atlas	Club Tijuana	Over 1.5 (FT)	FORT PLUS	1.28
TSV: 2026-03-05_2000_4b89d4476d_O15R	2026-03-05	20:00	23:00	A2	2.36	1531447790	O15_FT	20:00	saudi arabia	Damac	Al Riyadh	Over 1.5 (FT)	TRÈS FORT	1.4
TSV: 2026-03-05_2000_4b89d4476d_O15R	2026-03-05	20:00	23:00	A2	2.36	1684379280	O15_FT	20:30	super league switzerland	FC Basel 1893	Grasshoppers	Over 1.5 (FT)	MEGA EXPLOSION	1.18
TSV: 2026-03-05_2000_4b89d4476d_O15R	2026-03-05	20:00	23:00	A2	2.36	1586313996	O15_FT	20:30	super league switzerland	FC Thun	FC ST. Gallen	Over 1.5 (FT)	MEGA EXPLOSION	1.17
TSV: 2026-03-05_2000_4b89d4476d_O15R	2026-03-05	20:00	23:00	A2	2.36	708227676	O15_FT	21:10	coupe de france	Lyon	Lens	Over 1.5 (FT)	MEGA EXPLOSION	1.22
TSV: 2026-03-06_0220_7abd683263_O15R	2026-03-06	02:20	21:50	A2	2.45	1335742747	O15_FT	02:20	primera a colombia	Junior	Alianza Valledupar	Over 1.5 (FT)	MOYEN PLUS	1.33
TSV: 2026-03-06_0220_7abd683263_O15R	2026-03-06	02:20	21:50	A2	2.45	3559908529	O15_FT	18:30	2. bundesliga	FC Schalke 04	Arminia Bielefeld	Over 1.5 (FT)	MEGA EXPLOSION	1.25
TSV: 2026-03-06_0220_7abd683263_O15R	2026-03-06	02:20	21:50	A2	2.45	2477888168	O15_FT	20:00	saudi arabia	Al Taawon	Al-Fateh	Over 1.5 (FT)	TRÈS FORT	1.18
TSV: 2026-03-06_0220_7abd683263_O15R	2026-03-06	02:20	21:50	A2	2.45	1038798386	O15_FT	20:00	eredivisie	Heracles	Utrecht	Over 1.5 (FT)	MEGA EXPLOSION	1.25
TSV: 2026-03-07_0200_2329da8564_O15R	2026-03-07	02:00	14:50	A2	2.29	944325413	O15_FT	02:00	liga mx	Mazatlán	Leon	Over 1.5 (FT)	MEGA EXPLOSION	1.25
TSV: 2026-03-07_0200_2329da8564_O15R	2026-03-07	02:00	14:50	A2	2.29	2811813426	O15_FT	04:00	liga mx	Necaxa	U.N.A.M. - Pumas	Over 1.5 (FT)	MEGA EXPLOSION	1.25
TSV: 2026-03-07_0200_2329da8564_O15R	2026-03-07	02:00	14:50	A2	2.29	1681199788	O15_FT	13:00	2. bundesliga	SV Darmstadt 98	Holstein Kiel	Over 1.5 (FT)	MEGA EXPLOSION	1.2
TSV: 2026-03-07_0200_2329da8564_O15R	2026-03-07	02:00	14:50	A2	2.29	1373657002	O15_FT	13:00	2. bundesliga	1. FC Nürnberg	Fortuna Düsseldorf	Over 1.5 (FT)	MEGA EXPLOSION	1.22
TSV: 2026-03-07_1600_b5960f3e2c_O15R	2026-03-07	16:00	19:05	A2	2.23	3796560540	O15_FT	16:00	championship	Bristol City	Coventry	Over 1.5 (FT)	MOYEN PLUS	1.25
TSV: 2026-03-07_1600_b5960f3e2c_O15R	2026-03-07	16:00	19:05	A2	2.23	3893122518	O15_FT	16:00	championship	Ipswich	Leicester	Over 1.5 (FT)	MEGA EXPLOSION	1.22
TSV: 2026-03-07_1600_b5960f3e2c_O15R	2026-03-07	16:00	19:05	A2	2.23	3501230426	O15_FT	16:30	eredivisie	Groningen	Ajax	Over 1.5 (FT)	MEGA EXPLOSION	1.2
TSV: 2026-03-07_1600_b5960f3e2c_O15R	2026-03-07	16:00	19:05	A2	2.23	3293102471	O15_FT	17:15	serie b	Venezia	Reggiana	Over 1.5 (FT)	FORT PLUS	1.22
TSV: 2026-03-07_2030_784d597fbb_O15R	2026-03-07	20:30	23:20	A2	2.25	590482616	O15_FT	20:30	super league switzerland	FC Lugano	FC Luzern	Over 1.5 (FT)	MEGA EXPLOSION	1.2
TSV: 2026-03-07_2030_784d597fbb_O15R	2026-03-07	20:30	23:20	A2	2.25	1017831498	O15_FT	21:00	laliga	Athletic Club	Barcelona	Over 1.5 (FT)	MEGA EXPLOSION	1.17
TSV: 2026-03-07_2030_784d597fbb_O15R	2026-03-07	20:30	23:20	A2	2.25	1813651184	O15_FT	21:05	ligue 1	Toulouse	Marseille	Over 1.5 (FT)	FORT PLUS	1.28
TSV: 2026-03-07_2030_784d597fbb_O15R	2026-03-07	20:30	23:20	A2	2.25	2598183219	O15_FT	21:30	liga portugal	Estoril	Casa Pia	Over 1.5 (FT)	MEGA EXPLOSION	1.25
TSV: 2026-03-08_1400_7bb9f373cf_O15R	2026-03-08	14:00	16:20	A2	2.24	3662693112	O15_FT	14:00	laliga2	Las Palmas	AD Ceuta FC	Over 1.5 (FT)	MEGA EXPLOSION	1.33
TSV: 2026-03-08_1400_7bb9f373cf_O15R	2026-03-08	14:00	16:20	A2	2.24	1251374317	O15_FT	14:00	super lig	Konyaspor	Kasımpaşa	Over 1.5 (FT)	EXPLOSION	1.38
TSV: 2026-03-08_1400_7bb9f373cf_O15R	2026-03-08	14:00	16:20	A2	2.24	1006745778	O15_FT	14:30	eredivisie	Fortuna Sittard	Telstar	Over 1.5 (FT)	MEGA EXPLOSION	1.22
TSV: 2026-03-08_1630_d67e5d5661_O15R	2026-03-08	16:30	22:50	A2	2.9	841816495	O15_FT	16:30	liga portugal	Estrela	GIL Vicente	Over 1.5 (FT)	MEGA EXPLOSION	1.4
TSV: 2026-03-08_1630_d67e5d5661_O15R	2026-03-08	16:30	22:50	A2	2.9	1765558839	O15_FT	18:30	laliga	Sevilla	Rayo Vallecano	Over 1.5 (FT)	MOYEN PLUS	1.4
TSV: 2026-03-08_1630_d67e5d5661_O15R	2026-03-08	16:30	22:50	A2	2.9	2477147823	O15_FT	21:00	laliga	Valencia	Alaves	Over 1.5 (FT)	MOYEN PLUS	1.48
TSV: 2026-03-09_2030_a8556af819_O15R	2026-03-09	20:30	23:05	A2	2.2	122784016	O15_FT	20:30	laliga2	Almeria	Cultural Leonesa	Over 1.5 (FT)	MOYEN PLUS	1.2
TSV: 2026-03-09_2030_a8556af819_O15R	2026-03-09	20:30	23:05	A2	2.2	4093428160	O15_FT	21:00	laliga	Espanyol	Oviedo	Over 1.5 (FT)	MEGA EXPLOSION	1.36
TSV: 2026-03-09_2030_a8556af819_O15R	2026-03-09	20:30	23:05	A2	2.2	3390541619	O15_FT	21:15	liga portugal	Tondela	Rio Ave	Over 1.5 (FT)	EXPLOSION	1.35
TSV: 2026-03-10_0230_1fcfc824d4_O15R	2026-03-10	02:30	22:35	A2	2.69	3127553174	O15_FT	02:30	primera a colombia	Deportivo Pasto	America de Cali	Over 1.5 (FT)	MEGA EXPLOSION	1.53
TSV: 2026-03-10_0230_1fcfc824d4_O15R	2026-03-10	02:30	22:35	A2	2.69	489755888	O15_FT	20:45	championship	Leicester	Bristol City	Over 1.5 (FT)	MOYEN PLUS	1.3
TSV: 2026-03-10_0230_1fcfc824d4_O15R	2026-03-10	02:30	22:35	A2	2.69	2164348761	O15_FT	20:45	championship	Millwall	Derby	Over 1.5 (FT)	MEGA EXPLOSION	1.35
TSV: 2026-03-11_0230_884d2a1e5a_O15R	2026-03-11	02:30	22:35	A2	2.26	2400755155	O15_FT	02:30	primera a colombia	Junior	Atletico Nacional	Over 1.5 (FT)	FORT PLUS	1.33
TSV: 2026-03-11_0230_884d2a1e5a_O15R	2026-03-11	02:30	22:35	A2	2.26	4202794187	O15_FT	20:45	championship	Birmingham	QPR	Over 1.5 (FT)	MEGA EXPLOSION	1.33
TSV: 2026-03-11_0230_884d2a1e5a_O15R	2026-03-11	02:30	22:35	A2	2.26	3604351297	O15_FT	20:45	championship	Norwich	Sheffield Utd	Over 1.5 (FT)	MEGA EXPLOSION	1.28
TSV: 2026-03-12_2000_181d127cb3_O15R	2026-03-12	20:00	21:50	RESTE	2.13	4024322825	O15_FT	20:00	saudi arabia	Al Najma	Damac	Over 1.5 (FT)	MEGA EXPLOSION	1.33
TSV: 2026-03-12_2000_181d127cb3_O15R	2026-03-12	20:00	21:50	RESTE	2.13	1612190162	O15_FT	20:00	saudi arabia	Al-Hazm	Al Kholood	Over 1.5 (FT)	MEGA EXPLOSION	1.25
TSV: 2026-03-12_2000_181d127cb3_O15R	2026-03-12	20:00	21:50	RESTE	2.13	2717520725	O15_FT	20:00	saudi arabia	NEOM	Al Taawon	Over 1.5 (FT)	FORT	1.28
TSV: 2026-03-13_1745_64c6485f4d_O15R	2026-03-13	17:45	21:50	A2	2.21	3263894662	O15_FT	17:45	superligaen	Diosgyori VTK	Kazincbarcikai	Over 1.5 (FT)	MEGA EXPLOSION	1.22
TSV: 2026-03-13_1745_64c6485f4d_O15R	2026-03-13	17:45	21:50	A2	2.21	3393604760	O15_FT	18:30	2. bundesliga	SpVgg Greuther Fürth	SV Elversberg	Over 1.5 (FT)	MEGA EXPLOSION	1.18
TSV: 2026-03-13_1745_64c6485f4d_O15R	2026-03-13	17:45	21:50	A2	2.21	3709725068	O15_FT	20:00	saudi arabia	Al-Fayha	Al-Ettifaq	Over 1.5 (FT)	MEGA EXPLOSION	1.28
TSV: 2026-03-13_1745_64c6485f4d_O15R	2026-03-13	17:45	21:50	A2	2.21	3078267598	O15_FT	20:00	eredivisie	PEC Zwolle	Groningen	Over 1.5 (FT)	MEGA EXPLOSION	1.2
TSV: 2026-03-14_1300_5e1b6b56c7_O15R	2026-03-14	13:00	17:50	A2	2.23	807932914	O15_FT	13:00	2. bundesliga	Holstein Kiel	1. FC Nürnberg	Over 1.5 (FT)	MEGA EXPLOSION	1.22
TSV: 2026-03-14_1300_5e1b6b56c7_O15R	2026-03-14	13:00	17:50	A2	2.23	974614292	O15_FT	15:00	serie b	Empoli	Mantova	Over 1.5 (FT)	MEGA EXPLOSION	1.3
TSV: 2026-03-14_1300_5e1b6b56c7_O15R	2026-03-14	13:00	17:50	A2	2.23	3817970793	O15_FT	15:30	bundesliga	Borussia Dortmund	FC Augsburg	Over 1.5 (FT)	MOYEN PLUS	1.17
TSV: 2026-03-14_1300_5e1b6b56c7_O15R	2026-03-14	13:00	17:50	A2	2.23	2395362908	O15_FT	16:00	premiership	Celtic	Motherwell	Over 1.5 (FT)	MEGA EXPLOSION	1.2
TSV: 2026-03-14_1800_1241e861f9_O15R	2026-03-14	18:00	21:20	A2	2.39	4278683531	O15_FT	18:00	super lig	Trabzonspor	Rizespor	Over 1.5 (FT)	MEGA EXPLOSION	1.18
TSV: 2026-03-14_1800_1241e861f9_O15R	2026-03-14	18:00	21:20	A2	2.39	2723525589	O15_FT	18:30	premier league	Chelsea	Newcastle	Over 1.5 (FT)	MEGA EXPLOSION	1.17
TSV: 2026-03-14_1800_1241e861f9_O15R	2026-03-14	18:00	21:20	A2	2.39	3384315143	O15_FT	19:00	liga portugal	GIL Vicente	Alverca	Over 1.5 (FT)	MEGA EXPLOSION	1.33
TSV: 2026-03-14_1800_1241e861f9_O15R	2026-03-14	18:00	21:20	A2	2.39	3490076858	O15_FT	19:30	superligaen	Debreceni VSC	Nyiregyhaza	Over 1.5 (FT)	MEGA EXPLOSION	1.3
TSV: 2026-03-15_0130_add592934f_O15R	2026-03-15	01:30	06:00	A2	2.43	2154772722	O15_FT	01:30	mls	Chicago Fire	DC United	Over 1.5 (FT)	MEGA EXPLOSION	1.2
TSV: 2026-03-15_0130_add592934f_O15R	2026-03-15	01:30	06:00	A2	2.43	244039707	O15_FT	02:00	liga mx	Toluca	Atlas	Over 1.5 (FT)	MEGA EXPLOSION	1.22
TSV: 2026-03-15_0130_add592934f_O15R	2026-03-15	01:30	06:00	A2	2.43	452007615	O15_FT	02:30	primera a colombia	Santa Fe	Alianza Valledupar	Over 1.5 (FT)	KO	1.36
TSV: 2026-03-15_0130_add592934f_O15R	2026-03-15	01:30	06:00	A2	2.43	1349210294	O15_FT	04:10	liga mx	U.N.A.M. - Pumas	Cruz Azul	Over 1.5 (FT)	MEGA EXPLOSION	1.22
TSV: 2026-03-15_1215_80054b36e0_O15R	2026-03-15	12:15	15:50	A2	2.59	3723065266	O15_FT	12:15	eredivisie	Twente	Utrecht	Over 1.5 (FT)	MEGA EXPLOSION	1.2
TSV: 2026-03-15_1215_80054b36e0_O15R	2026-03-15	12:15	15:50	A2	2.59	1852273735	O15_FT	13:30	2. bundesliga	Dynamo Dresden	Preußen Münster	Over 1.5 (FT)	MEGA EXPLOSION	1.3
TSV: 2026-03-15_1215_80054b36e0_O15R	2026-03-15	12:15	15:50	A2	2.59	2302325668	O15_FT	14:00	super league switzerland	Lausanne	BSC Young Boys	Over 1.5 (FT)	MEGA EXPLOSION	1.17
TSV: 2026-03-15_1215_80054b36e0_O15R	2026-03-15	12:15	15:50	A2	2.59	3602755942	O15_FT	14:00	laliga	Mallorca	Espanyol	Over 1.5 (FT)	MEGA EXPLOSION	1.42
TSV: 2026-03-15_1630_d6c6a8bcdd_O15R	2026-03-15	16:30	20:20	A2	2.63	4200267460	O15_FT	16:30	super league switzerland	FC Basel 1893	Servette FC	Over 1.5 (FT)	MEGA EXPLOSION	1.2
TSV: 2026-03-15_1630_d6c6a8bcdd_O15R	2026-03-15	16:30	20:20	A2	2.63	778657082	O15_FT	16:45	eredivisie	GO Ahead Eagles	NAC Breda	Over 1.5 (FT)	MEGA EXPLOSION	1.25
TSV: 2026-03-15_1630_d6c6a8bcdd_O15R	2026-03-15	16:30	20:20	A2	2.63	4058555839	O15_FT	17:30	bundesliga	SC Freiburg	Union Berlin	Over 1.5 (FT)	MOYEN PLUS	1.35
TSV: 2026-03-15_1630_d6c6a8bcdd_O15R	2026-03-15	16:30	20:20	A2	2.63	3565731396	O15_FT	18:30	laliga	Real Betis	Celta Vigo	Over 1.5 (FT)	MEGA EXPLOSION	1.3
TSV: 2026-03-16_0200_363292e891_O15R	2026-03-16	02:00	22:50	A2	2.68	2303860388	O15_FT	02:00	liga mx	Club America	Mazatlán	Over 1.5 (FT)	MEGA EXPLOSION	1.2
TSV: 2026-03-16_0200_363292e891_O15R	2026-03-16	02:00	22:50	A2	2.68	1671986277	O15_FT	20:00	superligaen	Ferencvarosi TC	Puskas Academy	Over 1.5 (FT)	FORT PLUS	1.2
TSV: 2026-03-16_0200_363292e891_O15R	2026-03-16	02:00	22:50	A2	2.68	192850797	O15_FT	21:00	laliga	Rayo Vallecano	Levante	Over 1.5 (FT)	MEGA EXPLOSION	1.33
TSV: 2026-03-16_0200_363292e891_O15R	2026-03-16	02:00	22:50	A2	2.68	2883440736	O15_FT	21:00	championship	Portsmouth	Derby	Over 1.5 (FT)	FORT PLUS	1.4
TSV: 2026-03-17_1900_87eebd26a6_O15R	2026-03-17	19:00	22:50	A2	2.73	677361107	O15_FT	19:00	super league switzerland	FC ST. Gallen	FC Lugano	Over 1.5 (FT)	MEGA EXPLOSION	1.22
TSV: 2026-03-17_1900_87eebd26a6_O15R	2026-03-17	19:00	22:50	A2	2.73	3080256950	O15_FT	20:00	serie b	Catanzaro	Modena	Over 1.5 (FT)	MEGA EXPLOSION	1.38
TSV: 2026-03-17_1900_87eebd26a6_O15R	2026-03-17	19:00	22:50	A2	2.73	2994023045	O15_FT	20:45	championship	Watford	Wrexham	Over 1.5 (FT)	MEGA EXPLOSION	1.33
TSV: 2026-03-17_1900_87eebd26a6_O15R	2026-03-17	19:00	22:50	A2	2.73	2877877364	O15_FT	21:00	uefa champions league	Arsenal	Bayer Leverkusen	Over 1.5 (FT)	FORT PLUS	1.22
TSV: 2026-03-18_2000_cbba419246_O15R	2026-03-18	20:00	22:50	A2	2.47	2664333479	O15_FT	20:00	serie b	Avellino	Sudtirol	Over 1.5 (FT)	MOYEN	1.42
TSV: 2026-03-18_2000_cbba419246_O15R	2026-03-18	20:00	22:50	A2	2.47	1338802826	O15_FT	20:00	serie b	Carrarese	Sampdoria	Over 1.5 (FT)	FORT PLUS	1.45
TSV: 2026-03-18_2000_cbba419246_O15R	2026-03-18	20:00	22:50	A2	2.47	1682430182	O15_FT	21:00	uefa champions league	Tottenham	Atletico Madrid	Over 1.5 (FT)	MEGA EXPLOSION	1.2
TSV: 2026-03-19_0307_2cf5d35c5c_O15R	2026-03-19	03:07	19:50	A2	2.4	3203768733	O15_FT	03:07	liga mx	Guadalajara Chivas	Leon	Over 1.5 (FT)	MEGA EXPLOSION	1.17
TSV: 2026-03-19_0307_2cf5d35c5c_O15R	2026-03-19	03:07	19:50	A2	2.4	449892822	O15_FT	14:00	super lig	Kayserispor	Fatih Karagümrük	Over 1.5 (FT)	EXPLOSION	1.28
TSV: 2026-03-19_0307_2cf5d35c5c_O15R	2026-03-19	03:07	19:50	A2	2.4	3276986696	O15_FT	18:00	super lig	Konyaspor	Gençlerbirliği S.K.	Over 1.5 (FT)	MOYEN PLUS	1.36
TSV: 2026-03-19_0307_2cf5d35c5c_O15R	2026-03-19	03:07	19:50	A2	2.4	1418363399	O15_FT	18:00	super lig	Beşiktaş	Kasımpaşa	Over 1.5 (FT)	EXPLOSION	1.18
TSV: 2026-03-20_1830_5d04967e12_O15R	2026-03-20	18:30	22:50	A2	2.45	3696299304	O15_FT	18:30	2. bundesliga	Hannover 96	Eintracht Braunschweig	Over 1.5 (FT)	TRÈS FORT	1.18
TSV: 2026-03-20_1830_5d04967e12_O15R	2026-03-20	18:30	22:50	A2	2.45	3120446320	O15_FT	20:00	eredivisie	Heracles	Excelsior	Over 1.5 (FT)	TRÈS FORT	1.25
TSV: 2026-03-20_1830_5d04967e12_O15R	2026-03-20	18:30	22:50	A2	2.45	469408746	O15_FT	21:00	laliga	Villarreal	Real Sociedad	Over 1.5 (FT)	TRÈS FORT	1.25
TSV: 2026-03-20_1830_5d04967e12_O15R	2026-03-20	18:30	22:50	A2	2.45	290609989	O15_FT	21:00	championship	Preston	Stoke City	Over 1.5 (FT)	MOYEN PLUS	1.33
TSV: 2026-03-21_0200_22186879f1_O15R	2026-03-21	02:00	15:20	A2	2.43	4041664092	O15_FT	02:00	liga mx	Necaxa	Club Tijuana	Over 1.5 (FT)	EXPLOSION	1.22
TSV: 2026-03-21_0200_22186879f1_O15R	2026-03-21	02:00	15:20	A2	2.43	2266128840	O15_FT	13:00	2. bundesliga	1. FC Nürnberg	1. FC Kaiserslautern	Over 1.5 (FT)	MEGA EXPLOSION	1.18
TSV: 2026-03-21_0200_22186879f1_O15R	2026-03-21	02:00	15:20	A2	2.43	2973430466	O15_FT	13:30	championship	Blackburn	Middlesbrough	Over 1.5 (FT)	MOYEN PLUS	1.3
TSV: 2026-03-21_0200_22186879f1_O15R	2026-03-21	02:00	15:20	A2	2.43	3101955505	O15_FT	13:30	championship	Derby	Birmingham	Over 1.5 (FT)	FORT PLUS	1.3
TSV: 2026-03-21_1530_9a4d435106_O15R	2026-03-21	15:30	17:50	A2	2.59	359255165	O15_FT	15:30	bundesliga	1. FC Köln	Borussia Mönchengladbach	Over 1.5 (FT)	MEGA EXPLOSION	1.25
TSV: 2026-03-21_1530_9a4d435106_O15R	2026-03-21	15:30	17:50	A2	2.59	4159340819	O15_FT	15:30	bundesliga	VfL Wolfsburg	Werder Bremen	Over 1.5 (FT)	MEGA EXPLOSION	1.22
TSV: 2026-03-21_1530_9a4d435106_O15R	2026-03-21	15:30	17:50	A2	2.59	4150952471	O15_FT	15:30	bundesliga	1. FC Heidenheim	Bayer Leverkusen	Over 1.5 (FT)	MEGA EXPLOSION	1.18
TSV: 2026-03-21_1530_9a4d435106_O15R	2026-03-21	15:30	17:50	A2	2.59	1090285277	O15_FT	16:00	championship	QPR	Portsmouth	Over 1.5 (FT)	TRÈS FORT	1.44
TSV: 2026-03-21_1830_0d44493b04_O15R	2026-03-21	18:30	22:50	A2	2.5	1626786324	O15_FT	18:30	laliga	Levante	Oviedo	Over 1.5 (FT)	TRÈS FORT	1.38
TSV: 2026-03-21_1830_0d44493b04_O15R	2026-03-21	18:30	22:50	A2	2.5	429364622	O15_FT	20:30	super league switzerland	FC Sion	FC ST. Gallen	Over 1.5 (FT)	FORT PLUS	1.25
TSV: 2026-03-21_1830_0d44493b04_O15R	2026-03-21	18:30	22:50	A2	2.5	2927664771	O15_FT	21:00	laliga	Sevilla	Valencia	Over 1.5 (FT)	MEGA EXPLOSION	1.45
TSV: 2026-03-22_0200_a32a3334ca_O15R	2026-03-22	02:00	06:00	RESTE	1.83	1773215398	O15_FT	02:00	liga mx	Atletico San Luis	Leon	Over 1.5 (FT)	MOYEN PLUS	1.2
TSV: 2026-03-22_0200_a32a3334ca_O15R	2026-03-22	02:00	06:00	RESTE	1.83	857971986	O15_FT	02:05	liga mx	Monterrey	Guadalajara Chivas	Over 1.5 (FT)	FORT PLUS	1.22
TSV: 2026-03-22_0200_a32a3334ca_O15R	2026-03-22	02:00	06:00	RESTE	1.83	1345661278	O15_FT	04:10	liga mx	U.N.A.M. - Pumas	Club America	Over 1.5 (FT)	MEGA EXPLOSION	1.25
TSV: 2026-03-22_1330_7bcd41714a_O15R	2026-03-22	13:30	16:20	A2	2.43	2790796001	O15_FT	13:30	2. bundesliga	VfL Bochum	Holstein Kiel	Over 1.5 (FT)	MEGA EXPLOSION	1.2
TSV: 2026-03-22_1330_7bcd41714a_O15R	2026-03-22	13:30	16:20	A2	2.43	2289697690	O15_FT	14:00	laliga2	Burgos	Cordoba	Over 1.5 (FT)	FORT	1.42
TSV: 2026-03-22_1330_7bcd41714a_O15R	2026-03-22	13:30	16:20	A2	2.43	1841895521	O15_FT	14:30	eredivisie	Feyenoord	Ajax	Over 1.5 (FT)	MEGA EXPLOSION	1.17
TSV: 2026-03-22_1330_7bcd41714a_O15R	2026-03-22	13:30	16:20	A2	2.43	1828023811	O15_FT	14:30	eredivisie	Utrecht	GO Ahead Eagles	Over 1.5 (FT)	EXPLOSION	1.22
TSV: 2026-03-22_1630_8f617d4060_O15R	2026-03-22	16:30	20:20	A2	2.51	4067366601	O15_FT	16:30	super league switzerland	FC Luzern	Lausanne	Over 1.5 (FT)	MEGA EXPLOSION	1.15
TSV: 2026-03-22_1630_8f617d4060_O15R	2026-03-22	16:30	20:20	A2	2.51	2977693002	O15_FT	16:45	eredivisie	Groningen	AZ Alkmaar	Over 1.5 (FT)	MEGA EXPLOSION	1.2
TSV: 2026-03-22_1630_8f617d4060_O15R	2026-03-22	16:30	20:20	A2	2.51	3079695009	O15_FT	17:30	bundesliga	FC St. Pauli	SC Freiburg	Over 1.5 (FT)	TRÈS FORT	1.42
TSV: 2026-03-22_1630_8f617d4060_O15R	2026-03-22	16:30	20:20	A2	2.51	3230166147	O15_FT	18:30	laliga	Athletic Club	Real Betis	Over 1.5 (FT)	TRÈS FORT	1.28
TSV: 2026-03-23_0206_da564a25e4_O15R	2026-03-23	02:06	00:00	A2	2.45	1792737380	O15_FT	02:06	liga mx	FC Juarez	Tigres UANL	Over 1.5 (FT)	MOYEN PLUS	1.28
TSV: 2026-03-23_0206_da564a25e4_O15R	2026-03-23	02:06	00:00	A2	2.45	784163190	O15_FT	20:00	primera a colombia	Chico	Deportes Tolima	Over 1.5 (FT)	FORT	1.42
TSV: 2026-03-23_0206_da564a25e4_O15R	2026-03-23	02:06	00:00	A2	2.45	55028759	O15_FT	22:10	primera a colombia	Santa Fe	Independiente Medellin	Over 1.5 (FT)	KO	1.35
TSV: 2026-03-28_0210_1ad03d0c16_O15R	2026-03-28	02:10	16:50	A2	2.56	1363767996	O15_FT	02:10	primera a colombia	Bucaramanga	Santa Fe	Over 1.5 (FT)	KO	1.45
TSV: 2026-03-28_0210_1ad03d0c16_O15R	2026-03-28	02:10	16:50	A2	2.56	4294054213	O15_FT	12:35	international friendlies	China PR U23	Korea DPR U23	Over 1.5 (FT)	MOYEN	1.31
TSV: 2026-03-28_0210_1ad03d0c16_O15R	2026-03-28	02:10	16:50	A2	2.56	1620029964	O15_FT	15:00	international friendlies	South Korea	Ivory Coast	Over 1.5 (FT)	MEGA EXPLOSION	1.35
TSV: 2026-03-28_1700_98cc449313_O15R	2026-03-28	17:00	19:50	A2	3.06	4072750447	O15_FT	17:00	international friendlies	Senegal	Peru	Over 1.5 (FT)	TRÈS FORT	1.33
TSV: 2026-03-28_1700_98cc449313_O15R	2026-03-28	17:00	19:50	A2	3.06	1296564362	O15_FT	18:00	international friendlies	Hungary	Slovenia	Over 1.5 (FT)	FORT PLUS	1.33
TSV: 2026-03-28_1700_98cc449313_O15R	2026-03-28	17:00	19:50	A2	3.06	410469257	O15_FT	18:00	international friendlies	Canada	Iceland	Over 1.5 (FT)	MOYEN	1.28
TSV: 2026-03-28_1700_98cc449313_O15R	2026-03-28	17:00	19:50	A2	3.06	3765185638	O15_FT	18:00	international friendlies	Scotland	Japan	Over 1.5 (FT)	MEGA EXPLOSION	1.35
TSV: 2026-03-28_2030_ee52cc376f_O15R	2026-03-28	20:30	23:50	A2	2.41	1926187846	O15_FT	20:30	international friendlies	USA	Belgium	Over 1.5 (FT)	MEGA EXPLOSION	1.25
TSV: 2026-03-28_2030_ee52cc376f_O15R	2026-03-28	20:30	23:50	A2	2.41	1997175157	O15_FT	21:00	laliga2	Sporting Gijon	Deportivo La Coruna	Over 1.5 (FT)	FORT PLUS	1.42
TSV: 2026-03-28_2030_ee52cc376f_O15R	2026-03-28	20:30	23:50	A2	2.41	2329932594	O15_FT	22:00	primera a colombia	Cucuta	Chico	Over 1.5 (FT)	EXPLOSION	1.36
TSV: 2026-03-29_1400_411cbbcb0e_O15R	2026-03-29	14:00	20:20	A2	3.11	3894978394	O15_FT	14:00	laliga2	Eibar	Las Palmas	Over 1.5 (FT)	MOYEN	1.53
TSV: 2026-03-29_1400_411cbbcb0e_O15R	2026-03-29	14:00	20:20	A2	3.11	3430748370	O15_FT	16:15	laliga2	Cultural Leonesa	FC Andorra	Over 1.5 (FT)	MEGA EXPLOSION	1.53
TSV: 2026-03-29_1400_411cbbcb0e_O15R	2026-03-29	14:00	20:20	A2	3.11	3208118917	O15_FT	18:30	laliga2	Zaragoza	Racing Santander	Over 1.5 (FT)	FORT PLUS	1.33
